{"type":"FeatureCollection","crs":{"type":"name","properties":{"name":"EPSG:4326"}},"features":[{"type":"Feature","geometry":{"type":"MultiPolygon","coordinates":[[[[-82.7997,24.6062],[-82.798,24.6042],[-82.8044,24.6043],[-82.8286,24.5855],[-82.8491,24.5768],[-82.8748,24.5753],[-82.9003,24.5833],[-82.9282,24.5781],[-82.9475,24.5794],[-82.9656,24.5848],[-82.9807,24.5962],[-82.9875,24.6192],[-82.9855,24.6405],[-82.9777,24.6565],[-82.9641,24.6706],[-82.9329,24.6847],[-82.8999,24.7178],[-82.8656,24.7262],[-82.8002,24.7263],[-82.7665,24.7018],[-82.7667,24.6679],[-82.8056,24.6145],[-82.7997,24.6062]]],[[[-71.5841,41.0964],[-71.6189,41.0991],[-71.6498,41.1142],[-71.6726,41.1343],[-71.6788,41.1589],[-71.6705,41.1945],[-71.643,41.2313],[-71.635,41.2637],[-71.6245,41.2741],[-71.5916,41.2893],[-71.5576,41.294],[-71.536,41.2862],[-71.5164,41.2716],[-71.4922,41.2409],[-71.4846,41.2175],[-71.4898,41.1947],[-71.4786,41.1758],[-71.477,41.1557],[-71.4914,41.1251],[-71.5081,41.1116],[-71.5282,41.1031],[-71.5841,41.0964]]],[[[-69.2121,47.4553],[-69.2052,47.4519],[-69.1958,47.4555],[-69.19,47.4536],[-69.176,47.4568],[-69.1625,47.4475],[-69.1566,47.4516],[-69.1467,47.449],[-69.1412,47.444],[-69.1394,47.4466],[-69.1237,47.4407],[-69.1219,47.4426],[-69.1078,47.4352],[-69.1078,47.4277],[-69.0989,47.4315],[-69.0979,47.427],[-69.0913,47.4268],[-69.0905,47.4242],[-69.0685,47.4274],[-69.062,47.4306],[-69.0631,47.4341],[-69.0522,47.43],[-69.0487,47.4242],[-69.0528,47.4224],[-69.0466,47.4243],[-69.0476,47.4277],[-69.0434,47.4268],[-69.0393,47.4197],[-69.0424,47.4157],[-69.0348,47.4146],[-69.0367,47.4077],[-69.0307,47.4074],[-69.0325,47.4022],[-69.0424,47.4052],[-69.0353,47.4013],[-69.0428,47.402],[-69.0377,47.3968],[-69.0439,47.3974],[-69.0455,47.3929],[-69.0398,47.3842],[-69.0475,47.3834],[-69.0549,47.3776],[-69.0549,47.3153],[-69.0493,47.3058],[-69.0535,47.2972],[-69.0469,47.2716],[-69.0508,47.2565],[-69.0338,47.2404],[-68.9804,47.2201],[-68.9653,47.2125],[-68.9612,47.2057],[-68.9529,47.2069],[-68.9508,47.202],[-68.941,47.2061],[-68.9286,47.1966],[-68.9208,47.1955],[-68.9199,47.1899],[-68.9085,47.1864],[-68.9001,47.1777],[-68.8956,47.1825],[-68.8822,47.1829],[-68.8714,47.1889],[-68.8574,47.1903],[-68.8115,47.2151],[-68.7643,47.2221],[-68.717,47.2406],[-68.7051,47.2379],[-68.6872,47.2444],[-68.6599,47.2361],[-68.6554,47.2389],[-68.6173,47.2435],[-68.6074,47.2471],[-68.5942,47.258],[-68.5978,47.2699],[-68.5873,47.2826],[-68.5778,47.2876],[-68.5499,47.2821],[-68.5186,47.2958],[-68.4904,47.2938],[-68.4748,47.2972],[-68.4648,47.2939],[-68.4585,47.2843],[-68.4489,47.282],[-68.4413,47.2837],[-68.4299,47.2813],[-68.4101,47.288],[-68.378,47.2874],[-68.3763,47.2952],[-68.3849,47.3036],[-68.381,47.3094],[-68.3846,47.326],[-68.3777,47.3436],[-68.3631,47.3547],[-68.3283,47.36],[-68.3033,47.3552],[-68.285,47.3603],[-68.265,47.3522],[-68.2345,47.3553],[-68.2277,47.353],[-68.2237,47.3447],[-68.2146,47.3396],[-68.2024,47.3394],[-68.1763,47.3289],[-68.1549,47.3252],[-68.1523,47.3096],[-68.1359,47.2956],[-68.0819,47.271],[-68.074,47.2592],[-68.0588,47.255],[-68.0166,47.2349],[-67.9898,47.21],[-67.9731,47.2067],[-67.9573,47.1996],[-67.952,47.1946],[-67.9515,47.1834],[-67.9275,47.155],[-67.9099,47.1472],[-67.9034,47.1364],[-67.8907,47.1265],[-67.8881,47.1097],[-67.8829,47.1043],[-67.821,47.0833],[-67.7903,47.0672],[-67.7812,45.9436],[-67.7777,45.9342],[-67.7735,45.9349],[-67.7662,45.928],[-67.7587,45.9264],[-67.7507,45.9175],[-67.7554,45.9117],[-67.7652,45.9098],[-67.768,45.8981],[-67.7855,45.8955],[-67.8038,45.8828],[-67.8043,45.8694],[-67.7963,45.8656],[-67.7969,45.8601],[-67.7872,45.8496],[-67.7688,45.839],[-67.7637,45.8289],[-67.7553,45.8234],[-67.7656,45.8186],[-67.778,45.8192],[-67.802,45.8031],[-67.8061,45.7949],[-67.8037,45.7811],[-67.8053,45.7697],[-67.8092,45.7674],[-67.8061,45.7553],[-67.793,45.7506],[-67.7818,45.7311],[-67.8096,45.7296],[-67.8029,45.6961],[-67.818,45.6938],[-67.8035,45.6777],[-67.7687,45.6775],[-67.7543,45.6676],[-67.7444,45.673],[-67.7272,45.6627],[-67.7202,45.6623],[-67.718,45.6677],[-67.73,45.6767],[-67.7346,45.689],[-67.7273,45.6886],[-67.7178,45.6795],[-67.7095,45.6814],[-67.6912,45.6535],[-67.6923,45.6501],[-67.6752,45.6309],[-67.6456,45.6133],[-67.6397,45.616],[-67.644,45.6231],[-67.6389,45.6251],[-67.6085,45.6062],[-67.5898,45.6068],[-67.5618,45.5947],[-67.5482,45.5979],[-67.5192,45.5876],[-67.499,45.5867],[-67.4879,45.596],[-67.4933,45.6013],[-67.477,45.6039],[-67.4723,45.6005],[-67.4567,45.6043],[-67.45,45.6025],[-67.4256,45.5784],[-67.4233,45.5716],[-67.4291,45.5686],[-67.4207,45.5497],[-67.4251,45.5402],[-67.4325,45.5404],[-67.435,45.5282],[-67.4328,45.5198],[-67.4258,45.5172],[-67.4163,45.5014],[-67.423,45.5055],[-67.4303,45.5011],[-67.4502,45.5104],[-67.4535,45.5088],[-67.4489,45.5021],[-67.4514,45.4989],[-67.4636,45.5084],[-67.4711,45.5041],[-67.4652,45.4962],[-67.4855,45.4955],[-67.4895,45.4891],[-67.5001,45.4909],[-67.5037,45.4867],[-67.501,45.4789],[-67.4825,45.4602],[-67.4848,45.4527],[-67.4768,45.4445],[-67.4803,45.4405],[-67.4737,45.4245],[-67.461,45.4221],[-67.4588,45.4153],[-67.4273,45.3907],[-67.4193,45.3771],[-67.4212,45.3735],[-67.4302,45.3716],[-67.4345,45.3649],[-67.4335,45.3607],[-67.4253,45.3574],[-67.4315,45.3497],[-67.4289,45.3442],[-67.4437,45.3308],[-67.457,45.3252],[-67.4519,45.3176],[-67.4603,45.3],[-67.468,45.299],[-67.4661,45.2938],[-67.4762,45.2885],[-67.4851,45.2911],[-67.4896,45.2821],[-67.4821,45.2753],[-67.4764,45.2754],[-67.473,45.2584],[-67.464,45.2448],[-67.4537,45.2412],[-67.4393,45.2263],[-67.4278,45.2017],[-67.4291,45.1933],[-67.4182,45.19],[-67.4065,45.1788],[-67.4004,45.1776],[-67.3991,45.1689],[-67.4047,45.1666],[-67.4049,45.16],[-67.3806,45.1521],[-67.3534,45.1292],[-67.3409,45.1251],[-67.3304,45.1318],[-67.3211,45.1313],[-67.3176,45.1381],[-67.3199,45.1424],[-67.2959,45.148],[-67.2942,45.1536],[-67.3027,45.1608],[-67.2993,45.1692],[-67.2915,45.1711],[-67.2941,45.1772],[-67.2911,45.1876],[-67.2835,45.1918],[-67.2694,45.1906],[-67.2472,45.1811],[-67.242,45.1718],[-67.2272,45.1635],[-67.2051,45.1715],[-67.1909,45.1657],[-67.1589,45.162],[-67.1126,45.1126],[-67.0946,45.0748],[-67.0216,44.9539],[-66.997,44.9286],[-66.9688,44.9104],[-66.9822,44.8672],[-66.9748,44.8415],[-66.9653,44.8289],[-66.9326,44.8255],[-66.8854,44.7942],[-66.9022,44.7764],[-66.9523,44.7604],[-66.9775,44.7313],[-67.0108,44.7173],[-67.024,44.7051],[-67.0393,44.697],[-67.0502,44.6811],[-67.0883,44.6527],[-67.0967,44.6392],[-67.1274,44.6214],[-67.1409,44.6083],[-67.1743,44.5947],[-67.1915,44.5795],[-67.2359,44.5582],[-67.2792,44.5503],[-67.3008,44.5499],[-67.3155,44.5333],[-67.336,44.5227],[-67.3568,44.5181],[-67.3882,44.5204],[-67.4139,44.5096],[-67.4434,44.5053],[-67.4442,44.4811],[-67.4552,44.4649],[-67.4669,44.4573],[-67.473,44.4483],[-67.4994,44.4276],[-67.5676,44.3972],[-67.6274,44.3835],[-67.655,44.3867],[-67.6746,44.3946],[-67.6958,44.3877],[-67.7153,44.3865],[-67.7417,44.3908],[-67.7586,44.3983],[-67.7747,44.4113],[-67.799,44.3984],[-67.8056,44.391],[-67.796,44.3795],[-67.7953,44.3612],[-67.8097,44.3365],[-67.8237,44.327],[-67.8583,44.317],[-67.8744,44.3169],[-67.8982,44.3221],[-67.9252,44.3414],[-67.9424,44.3261],[-67.9608,44.3193],[-67.9736,44.2952],[-67.9994,44.2802],[-68.0278,44.2742],[-68.061,44.2783],[-68.1283,44.2643],[-68.1207,44.2443],[-68.1226,44.2261],[-68.1376,44.2069],[-68.1565,44.1949],[-68.1707,44.1901],[-68.1684,44.1729],[-68.1759,44.1251],[-68.1858,44.112],[-68.2034,44.0996],[-68.2302,44.0905],[-68.2631,44.0906],[-68.2792,44.07],[-68.3114,44.0534],[-68.3688,44.0452],[-68.4368,44.0532],[-68.463,44.0321],[-68.4849,44.0283],[-68.4931,44.0106],[-68.5307,43.9866],[-68.5473,43.9686],[-68.5684,43.958],[-68.5942,43.9537],[-68.6187,43.9559],[-68.641,43.9494],[-68.6596,43.948],[-68.6897,43.9542],[-68.7072,43.9638],[-68.7215,43.9619],[-68.7426,43.9432],[-68.7262,43.9434],[-68.707,43.9392],[-68.6793,43.9235],[-68.6638,43.8939],[-68.6694,43.8696],[-68.6847,43.8547],[-68.7128,43.8384],[-68.7495,43.8325],[-68.7853,43.8043],[-68.7812,43.7852],[-68.7861,43.7684],[-68.8006,43.7501],[-68.8172,43.7397],[-68.8362,43.7336],[-68.8614,43.7325],[-68.9202,43.7474],[-68.9382,43.7603],[-68.9498,43.7802],[-68.9812,43.7838],[-69.0099,43.7984],[-69.0243,43.8199],[-69.0228,43.8425],[-69.0559,43.8589],[-69.0649,43.8419],[-69.083,43.8257],[-69.1498,43.7957],[-69.171,43.7932],[-69.1972,43.796],[-69.2266,43.8122],[-69.2366,43.8256],[-69.2623,43.8154],[-69.2425,43.7998],[-69.2333,43.781],[-69.2334,43.7623],[-69.2381,43.7501],[-69.262,43.7254],[-69.2829,43.7138],[-69.309,43.705],[-69.3351,43.7045],[-69.3564,43.7109],[-69.3876,43.7361],[-69.3972,43.7634],[-69.3953,43.7803],[-69.3873,43.799],[-69.4093,43.8108],[-69.4699,43.7939],[-69.5058,43.7785],[-69.5158,43.761],[-69.5142,43.7501],[-69.5191,43.7321],[-69.5353,43.7145],[-69.5509,43.7072],[-69.5666,43.7028],[-69.5967,43.7033],[-69.6173,43.6998],[-69.644,43.7036],[-69.6647,43.7118],[-69.6863,43.6982],[-69.6934,43.6834],[-69.7083,43.6682],[-69.7304,43.6573],[-69.7495,43.654],[-69.7866,43.6581],[-69.8088,43.6473],[-69.8275,43.645],[-69.8552,43.647],[-70.156,43.5245],[-70.2684,43.4264],[-70.2804,43.4087],[-70.3189,43.3901],[-70.3462,43.3582],[-70.3516,43.3391],[-70.3674,43.3233],[-70.3967,43.3125],[-70.4218,43.2975],[-70.4553,43.2904],[-70.4733,43.291],[-70.4932,43.2868],[-70.5022,43.2681],[-70.5208,43.2521],[-70.5124,43.2427],[-70.5063,43.2188],[-70.5229,43.1789],[-70.5217,43.1549],[-70.4864,43.1703],[-70.4649,43.1708],[-70.4409,43.1666],[-70.4196,43.1526],[-70.4072,43.1384],[-70.403,43.1195],[-70.4062,43.1021],[-70.4211,43.0867],[-70.4398,43.0766],[-70.469,43.0707],[-70.493,43.0731],[-70.5104,43.0801],[-70.5302,43.0937],[-70.5374,43.1059],[-70.5401,43.1306],[-70.553,43.1236],[-70.5654,43.1066],[-70.5822,43.0955],[-70.5906,43.0674],[-70.5997,43.0569],[-70.5731,43.0529],[-70.5584,43.0473],[-70.5422,43.034],[-70.5325,43.02],[-70.5289,43.0058],[-70.5347,42.9885],[-70.536,42.9562],[-70.5446,42.9377],[-70.5735,42.9177],[-70.5929,42.913],[-70.6141,42.9129],[-70.6678,42.9275],[-70.6844,42.9403],[-70.6944,42.9568],[-70.709,42.9382],[-70.726,42.9285],[-70.728,42.8909],[-70.735,42.8747],[-70.7488,42.8588],[-70.7349,42.8245],[-70.7372,42.788],[-70.7143,42.7319],[-70.7026,42.7242],[-70.6613,42.7366],[-70.6259,42.7397],[-70.5493,42.7242],[-70.5297,42.7071],[-70.5139,42.6806],[-70.5021,42.6355],[-70.5021,42.6246],[-70.5218,42.5935],[-70.5454,42.5701],[-70.5827,42.553],[-70.6063,42.5312],[-70.6904,42.279],[-70.6887,42.2635],[-70.6841,42.2538],[-70.6486,42.2374],[-70.6401,42.2284],[-70.6363,42.2029],[-70.6429,42.1782],[-70.6084,42.1385],[-70.2774,42.1144],[-70.2495,42.1269],[-70.2292,42.1312],[-70.1725,42.1345],[-70.1207,42.1251],[-70.0671,42.1053],[-70.0116,42.0734],[-69.9695,42.0293],[-69.9291,41.9785],[-69.9092,41.9421],[-69.8665,41.817],[-69.859,41.7069],[-69.8681,41.6568],[-69.8986,41.6061],[-69.9154,41.5893],[-69.9246,41.5447],[-69.9364,41.5219],[-69.9582,41.5047],[-69.9982,41.4934],[-70.0139,41.4774],[-70.0403,41.466],[-70.0737,41.465],[-70.1015,41.4745],[-70.1144,41.4841],[-70.1267,41.5037],[-70.1286,41.5247],[-70.1226,41.5378],[-70.102,41.5564],[-70.0803,41.5645],[-70.0634,41.5902],[-70.0686,41.6107],[-70.0779,41.6125],[-70.127,41.6002],[-70.1604,41.5994],[-70.1815,41.5936],[-70.208,41.5842],[-70.2256,41.5686],[-70.2495,41.5602],[-70.2789,41.5593],[-70.3113,41.5711],[-70.3463,41.5685],[-70.3952,41.5567],[-70.4239,41.5287],[-70.4486,41.5131],[-70.4664,41.5062],[-70.5086,41.499],[-70.4949,41.4796],[-70.4897,41.463],[-70.464,41.468],[-70.4364,41.4689],[-70.4059,41.457],[-70.3929,41.4455],[-70.3808,41.412],[-70.3834,41.3699],[-70.3701,41.3688],[-70.3531,41.3815],[-70.3236,41.3916],[-70.3024,41.3896],[-70.2673,41.3934],[-70.2381,41.3862],[-70.2216,41.3718],[-70.2151,41.3603],[-70.1749,41.3573],[-70.1487,41.3452],[-70.1379,41.3464],[-70.1193,41.3526],[-70.0978,41.3536],[-70.1113,41.3704],[-70.1165,41.3951],[-70.1058,41.4199],[-70.0944,41.4308],[-70.0652,41.4427],[-70.0443,41.4438],[-70.0065,41.4339],[-69.9696,41.4035],[-69.8949,41.2904],[-69.8922,41.2713],[-69.899,41.2455],[-69.9103,41.2269],[-69.931,41.2106],[-69.9536,41.1997],[-69.9995,41.1883],[-70.0257,41.1871],[-70.0727,41.1916],[-70.1097,41.1898],[-70.1789,41.2045],[-70.24,41.2285],[-70.2857,41.2424],[-70.3441,41.2762],[-70.3745,41.2695],[-70.4087,41.2773],[-70.4291,41.2687],[-70.4599,41.2653],[-70.4933,41.28],[-70.5122,41.2983],[-70.5718,41.3001],[-70.6551,41.2962],[-70.7031,41.289],[-70.7165,41.2695],[-70.7348,41.2592],[-70.7337,41.2501],[-70.7389,41.2364],[-70.7542,41.2161],[-70.7678,41.2065],[-70.7836,41.2012],[-70.806,41.1988],[-70.8236,41.2007],[-70.8477,41.2058],[-70.8663,41.2154],[-70.8773,41.2242],[-70.8905,41.2431],[-70.8942,41.2594],[-70.8903,41.2774],[-70.87,41.2971],[-70.8845,41.3102],[-70.901,41.3346],[-70.9037,41.3551],[-70.896,41.3702],[-70.9558,41.3502],[-70.9792,41.3497],[-70.9995,41.3541],[-71.0148,41.362],[-71.0327,41.3803],[-71.0399,41.3983],[-71.0336,41.4141],[-71.0535,41.417],[-71.085,41.4335],[-71.1246,41.4115],[-71.25,41.3777],[-71.3745,41.339],[-71.4948,41.3074],[-71.5266,41.3088],[-71.5753,41.321],[-71.6596,41.2967],[-71.6726,41.2891],[-71.695,41.2827],[-71.72,41.2812],[-71.7396,41.2755],[-71.7784,41.2751],[-71.7915,41.2722],[-71.7906,41.1018],[-71.7819,41.0962],[-71.7775,41.0673],[-71.7941,41.037],[-71.8371,41.0109],[-71.8701,40.997],[-71.9317,40.9825],[-72.3745,40.8186],[-72.6245,40.7456],[-72.7495,40.7134],[-72.8745,40.675],[-73.014,40.6251],[-73.1246,40.5984],[-73.2496,40.5626],[-73.274,40.5513],[-73.3263,40.5569],[-73.4865,40.5205],[-73.6246,40.5345],[-73.784,40.5324],[-73.8262,40.5229],[-73.8548,40.512],[-73.8823,40.4952],[-73.8896,40.4865],[-73.8851,40.4528],[-73.8871,40.345],[-73.8982,40.2744],[-73.9653,40.113],[-73.9661,40.0906],[-73.9996,39.9768],[-74.0199,39.8751],[-74.0346,39.7624],[-74.0495,39.7238],[-74.0965,39.65],[-74.1832,39.533],[-74.2496,39.4526],[-74.2659,39.4224],[-74.3111,39.3751],[-74.35,39.3458],[-74.3625,39.3258],[-74.3746,39.3175],[-74.4616,39.301],[-74.5085,39.261],[-74.524,39.2403],[-74.5652,39.2106],[-74.5953,39.1778],[-74.6036,39.163],[-74.6246,39.1436],[-74.6443,39.1148],[-74.6399,39.0947],[-74.6469,39.0762],[-74.6616,39.0613],[-74.6822,39.0498],[-74.7156,39.0092],[-74.7284,38.9743],[-74.7431,38.9589],[-74.7739,38.9428],[-74.8243,38.8963],[-74.8408,38.8901],[-74.8722,38.8878],[-74.908,38.8793],[-75.0174,38.7866],[-75.0028,38.6833],[-75.002,38.6317],[-74.9935,38.6125],[-74.9852,38.5282],[-74.9879,38.4366],[-74.9996,38.3717],[-75.0208,38.3098],[-75.0415,38.287],[-75.0714,38.2259],[-75.1246,38.0939],[-75.1569,38.0408],[-75.2418,37.9315],[-75.275,37.8751],[-75.3031,37.8382],[-75.338,37.8152],[-75.3601,37.8102],[-75.3802,37.8104],[-75.4171,37.8211],[-75.4609,37.7714],[-75.4744,37.7392],[-75.4872,37.7249],[-75.5077,37.6887],[-75.516,37.6715],[-75.5185,37.6494],[-75.5332,37.6299],[-75.5418,37.6062],[-75.5284,37.5849],[-75.5299,37.5567],[-75.5891,37.4779],[-75.5956,37.4656],[-75.604,37.422],[-75.6435,37.3729],[-75.6403,37.3639],[-75.6444,37.3423],[-75.6566,37.3239],[-75.679,37.3126],[-75.7155,37.2757],[-75.7154,37.27],[-75.7323,37.2457],[-75.7284,37.2356],[-75.7293,37.2169],[-75.7446,37.1824],[-75.7661,37.1549],[-75.8059,37.1161],[-75.8241,37.1101],[-75.8356,37.095],[-75.8545,37.0794],[-75.8694,37.074],[-75.8897,37.0545],[-75.9283,36.9382],[-75.8746,36.7443],[-75.8198,36.6252],[-75.8004,36.5627],[-75.7906,36.5002],[-75.7496,36.3536],[-75.7113,36.2502],[-75.6662,36.1489],[-75.566,35.9756],[-75.4805,35.8142],[-75.4662,35.8013],[-75.4608,35.7845],[-75.4376,35.747],[-75.4178,35.6861],[-75.4004,35.5935],[-75.4024,35.5442],[-75.4151,35.5002],[-75.4273,35.3817],[-75.4685,35.2152],[-75.4846,35.1876],[-75.5051,35.1744],[-75.5322,35.1672],[-75.5576,35.1705],[-75.5811,35.1838],[-75.5954,35.1828],[-75.6362,35.1722],[-75.7074,35.1461],[-75.7498,35.1362],[-75.884,35.084],[-75.9281,35.0595],[-75.9854,35.014],[-75.9996,35.0071],[-76.0244,35.0054],[-76.143,34.9188],[-76.2496,34.8346],[-76.3157,34.776],[-76.3746,34.716],[-76.439,34.6403],[-76.4663,34.5957],[-76.4832,34.5564],[-76.492,34.5465],[-76.5149,34.5351],[-76.5244,34.5322],[-76.5479,34.5328],[-76.5721,34.5426],[-76.5837,34.5526],[-76.5955,34.5778],[-76.6123,34.6001],[-76.6147,34.6183],[-76.6772,34.6343],[-76.6928,34.643],[-76.7497,34.6477],[-76.8189,34.6433],[-76.9046,34.6323],[-76.9997,34.617],[-77.0792,34.596],[-77.0943,34.5886],[-77.123,34.5844],[-77.2192,34.5397],[-77.2951,34.489],[-77.4188,34.4359],[-77.5162,34.3824],[-77.6086,34.3101],[-77.6236,34.3032],[-77.6685,34.2583],[-77.6911,34.2458],[-77.723,34.21],[-77.7308,34.1898],[-77.7474,34.1756],[-77.7538,34.155],[-77.775,34.1387],[-77.7856,34.1252],[-77.8302,34.0303],[-77.8622,33.9486],[-77.8635,33.9347],[-77.8845,33.9037],[-77.8861,33.8912],[-77.8942,33.8787],[-77.899,33.8546],[-77.8937,33.8047],[-77.8967,33.7876],[-77.9147,33.766],[-77.9293,33.758],[-77.9641,33.7529],[-77.9997,33.7671],[-78.009,33.7817],[-78.0129,33.8039],[-78.0529,33.8274],[-78.0666,33.848],[-78.1454,33.8627],[-78.2708,33.8628],[-78.3671,33.8516],[-78.5037,33.8121],[-78.523,33.8022],[-78.5648,33.7966],[-78.6106,33.7849],[-78.6914,33.7553],[-78.761,33.7154],[-78.8221,33.6702],[-78.8874,33.612],[-78.957,33.5387],[-78.993,33.489],[-79.0345,33.4568],[-79.0876,33.3693],[-79.0933,33.305],[-79.1089,33.2832],[-79.1202,33.2469],[-79.108,33.2389],[-79.0816,33.2073],[-79.0776,33.1887],[-79.0822,33.1713],[-79.1044,33.1485],[-79.1159,33.1433],[-79.1405,33.1396],[-79.1531,33.1252],[-79.1809,33.1075],[-79.1852,33.0929],[-79.203,33.0717],[-79.2155,33.0643],[-79.242,33.0612],[-79.256,33.0516],[-79.2734,33.0466],[-79.279,33.0285],[-79.2995,33.0002],[-79.3023,32.9801],[-79.3134,32.9633],[-79.3376,32.9495],[-79.3684,32.9458],[-79.4092,32.9497],[-79.4402,32.9589],[-79.4662,32.9368],[-79.4959,32.9316],[-79.5045,32.9152],[-79.5167,32.903],[-79.5226,32.8831],[-79.5347,32.87],[-79.5609,32.857],[-79.5854,32.8509],[-79.5957,32.8353],[-79.6079,32.8257],[-79.6378,32.8164],[-79.6623,32.7831],[-79.6919,32.7592],[-79.7601,32.7383],[-79.7666,32.7115],[-79.7796,32.6915],[-79.7983,32.6756],[-79.8281,32.6648],[-79.8364,32.6514],[-79.8551,32.6364],[-79.9183,32.6073],[-79.9298,32.5953],[-79.9472,32.5858],[-79.9679,32.5637],[-79.9926,32.5546],[-80.0138,32.555],[-80.0308,32.56],[-80.0889,32.549],[-80.095,32.5239],[-80.1215,32.4992],[-80.167,32.4911],[-80.1988,32.4962],[-80.2431,32.4725],[-80.2458,32.4543],[-80.2573,32.4352],[-80.272,32.425],[-80.2941,32.4185],[-80.3062,32.3971],[-80.3367,32.3808],[-80.3507,32.3559],[-80.3748,32.3425],[-80.3713,32.3286],[-80.374,32.3094],[-80.3845,32.289],[-80.399,32.2749],[-80.4315,32.2614],[-80.4593,32.2622],[-80.478,32.2534],[-80.4968,32.2502],[-80.5238,32.2346],[-80.5279,32.226],[-80.5446,32.2112],[-80.5489,32.1921],[-80.5665,32.1724],[-80.585,32.1626],[-80.6085,32.1623],[-80.6169,32.1532],[-80.6315,32.1459],[-80.6647,32.1426],[-80.7052,32.1052],[-80.7482,32.0845],[-80.7417,32.0644],[-80.743,32.0495],[-80.758,32.026],[-80.7807,32.0114],[-80.7867,31.9756],[-80.7963,31.9535],[-80.8292,31.9266],[-80.8553,31.9108],[-80.897,31.8528],[-80.9168,31.8384],[-80.9286,31.817],[-80.9496,31.8031],[-80.9707,31.7984],[-80.977,31.7809],[-80.9962,31.7621],[-80.9972,31.7485],[-81.0138,31.7286],[-81.0258,31.7202],[-81.0566,31.7149],[-81.0498,31.6886],[-81.0666,31.6573],[-81.0696,31.6424],[-81.0658,31.6252],[-81.0767,31.598],[-81.0871,31.5292],[-81.0997,31.5185],[-81.1071,31.4966],[-81.115,31.487],[-81.1254,31.4775],[-81.1438,31.4715],[-81.1636,31.442],[-81.1669,31.4235],[-81.1908,31.3999],[-81.1756,31.3825],[-81.1711,31.3703],[-81.1771,31.3393],[-81.1861,31.3268],[-81.1826,31.269],[-81.1877,31.2463],[-81.2025,31.2277],[-81.2343,31.1703],[-81.2479,31.1608],[-81.2921,31.1554],[-81.2964,31.1519],[-81.2865,31.1167],[-81.2902,31.0935],[-81.2979,31.081],[-81.3136,31.0679],[-81.3453,31.0594],[-81.3534,31.0371],[-81.3445,31.0181],[-81.313,31.0002],[-81.3044,30.9789],[-81.3121,30.9545],[-81.3256,30.9417],[-81.3452,30.9315],[-81.3502,30.8891],[-81.3627,30.8459],[-81.4005,30.7664],[-81.3748,30.7575],[-81.3591,30.7443],[-81.3468,30.7111],[-81.3516,30.6857],[-81.3734,30.6628],[-81.3809,30.6274],[-81.382,30.5836],[-81.3777,30.5445],[-81.3549,30.4928],[-81.3536,30.4467],[-81.3323,30.433],[-81.3169,30.4077],[-81.3216,30.3786],[-81.3354,30.3613],[-81.3336,30.3181],[-81.2551,30.0003],[-81.2093,29.8753],[-81.2052,29.8224],[-81.1928,29.7783],[-81.1674,29.7231],[-81.1491,29.6661],[-81.1238,29.6055],[-81.0722,29.5015],[-81.0419,29.4329],[-81.0457,29.4325],[-80.9068,29.1447],[-80.8748,29.106],[-80.6356,28.7503],[-80.5268,28.6145],[-80.5151,28.5877],[-80.5036,28.5404],[-80.4749,28.4845],[-80.4686,28.4631],[-80.4723,28.4434],[-80.4812,28.4255],[-80.5194,28.3911],[-80.5342,28.3357],[-80.544,28.2711],[-80.4998,28.0772],[-80.3325,27.7612],[-80.2989,27.6621],[-80.2949,27.6393],[-80.2814,27.6212],[-80.2498,27.519],[-80.2293,27.4856],[-80.228,27.463],[-80.2133,27.4247],[-80.1271,27.2394],[-80.0954,27.1806],[-80.0941,27.1637],[-80.081,27.1253],[-80.0391,27.0299],[-79.9939,26.8753],[-79.9743,26.7924],[-79.9797,26.7503],[-79.9747,26.7026],[-79.9809,26.6636],[-79.9825,26.5693],[-80.0062,26.4328],[-80.0144,26.3622],[-80.0169,26.258],[-80.0409,26.0925],[-80.0523,25.975],[-80.0677,25.9024],[-80.0561,25.8377],[-80.0587,25.7943],[-80.0669,25.7567],[-80.0765,25.7379],[-80.0912,25.7219],[-80.0888,25.7021],[-80.0971,25.682],[-80.0941,25.6631],[-80.1037,25.6382],[-80.0806,25.6361],[-80.0602,25.6254],[-80.0435,25.5981],[-80.0438,25.5791],[-80.0482,25.5669],[-80.0658,25.5482],[-80.0919,25.539],[-80.1157,25.5414],[-80.1192,25.5046],[-80.1274,25.4928],[-80.1263,25.4746],[-80.1418,25.4347],[-80.1248,25.4231],[-80.1164,25.4116],[-80.1106,25.3937],[-80.1126,25.3754],[-80.1227,25.3578],[-80.1311,25.3511],[-80.1404,25.3265],[-80.1595,25.3043],[-80.1886,25.2913],[-80.2179,25.2953],[-80.2262,25.287],[-80.2432,25.2554],[-80.2327,25.2402],[-80.2308,25.213],[-80.2498,25.1795],[-80.2717,25.1648],[-80.2972,25.1622],[-80.3029,25.1449],[-80.3333,25.0992],[-80.3578,25.0729],[-80.3904,25.0572],[-80.3965,25.0282],[-80.4125,25.0102],[-80.4391,24.998],[-80.4402,24.9857],[-80.4534,24.9637],[-80.4781,24.9484],[-80.5143,24.9406],[-80.5253,24.9235],[-80.5382,24.9127],[-80.5855,24.8893],[-80.5968,24.875],[-80.6404,24.8384],[-80.6748,24.8256],[-80.7088,24.8047],[-80.7451,24.7889],[-80.7711,24.766],[-80.793,24.7597],[-80.8125,24.7612],[-80.837,24.75],[-80.8522,24.7489],[-80.887,24.7197],[-80.9189,24.7131],[-80.9998,24.6689],[-81.0226,24.6653],[-81.0386,24.6465],[-81.0597,24.6359],[-81.0872,24.6329],[-81.1206,24.6357],[-81.1477,24.6491],[-81.1694,24.6346],[-81.2043,24.6312],[-81.2207,24.6216],[-81.2399,24.6171],[-81.2498,24.6066],[-81.2646,24.5992],[-81.2935,24.5967],[-81.3748,24.5715],[-81.4206,24.5706],[-81.4372,24.5609],[-81.4651,24.5529],[-81.5146,24.5648],[-81.5279,24.5533],[-81.5194,24.5306],[-81.5199,24.5126],[-81.5257,24.5004],[-81.5399,24.486],[-81.565,24.4728],[-81.5858,24.4711],[-81.6103,24.4543],[-81.6972,24.4323],[-81.7301,24.4307],[-81.7498,24.4385],[-81.7629,24.4496],[-81.7737,24.4727],[-81.7708,24.4969],[-81.7924,24.4956],[-81.7833,24.4787],[-81.7818,24.4609],[-81.789,24.4395],[-81.8135,24.4176],[-81.8498,24.4059],[-81.8748,24.4031],[-81.8943,24.4057],[-81.9206,24.3963],[-81.9464,24.3994],[-81.9673,24.412],[-81.9798,24.4317],[-81.9809,24.457],[-81.9744,24.4712],[-82.0235,24.4779],[-82.0343,24.4825],[-82.0511,24.4968],[-82.0582,24.5144],[-82.0672,24.5237],[-82.0876,24.5061],[-82.1003,24.5],[-82.1201,24.4977],[-82.1767,24.5],[-82.2055,24.519],[-82.2205,24.5509],[-82.215,24.5828],[-82.1918,24.6098],[-82.1535,24.6349],[-82.12,24.6403],[-82.0817,24.6356],[-82.0266,24.6077],[-81.9879,24.6348],[-81.9617,24.6437],[-81.9452,24.654],[-81.8916,24.6659],[-81.8664,24.6633],[-81.7712,24.7118],[-81.7417,24.7173],[-81.7235,24.7255],[-81.7107,24.7401],[-81.6405,24.7729],[-81.6028,24.7996],[-81.542,24.8214],[-81.5282,24.8355],[-81.4998,24.8511],[-81.4143,24.8807],[-81.3882,24.8799],[-81.3582,24.8617],[-81.346,24.8693],[-81.3291,24.873],[-81.3126,24.8737],[-81.2937,24.8682],[-81.2751,24.8782],[-81.2602,24.881],[-81.2209,24.8763],[-81.1975,24.8641],[-81.1831,24.8433],[-81.1507,24.8303],[-81.1324,24.8058],[-81.0967,24.8093],[-81.0645,24.7911],[-81.0406,24.7948],[-81.0239,24.8048],[-81.0032,24.8113],[-80.9856,24.8118],[-80.9643,24.8199],[-80.9532,24.8346],[-80.9383,24.8432],[-80.8914,24.8527],[-80.888,24.8591],[-80.8995,24.8702],[-80.9247,24.8582],[-80.9488,24.8568],[-80.9795,24.8717],[-80.9894,24.8864],[-80.994,24.9105],[-81.0085,24.9186],[-81.0294,24.9485],[-81.0429,24.9538],[-81.0515,24.9647],[-81.0616,25.0028],[-81.0754,25.0332],[-81.093,25.0518],[-81.0985,25.0665],[-81.1201,25.0735],[-81.1495,25.1074],[-81.1681,25.1124],[-81.1902,25.1335],[-81.1956,25.1472],[-81.1953,25.1688],[-81.2208,25.1976],[-81.234,25.2345],[-81.2329,25.2504],[-81.2227,25.2695],[-81.2068,25.3371],[-81.1961,25.3571],[-81.2059,25.377],[-81.2057,25.4108],[-81.2164,25.4241],[-81.2218,25.4415],[-81.2591,25.48],[-81.276,25.5351],[-81.2875,25.5528],[-81.3194,25.5851],[-81.3312,25.6183],[-81.3472,25.6367],[-81.373,25.6406],[-81.393,25.6529],[-81.4102,25.6772],[-81.418,25.6978],[-81.4357,25.7147],[-81.4451,25.7376],[-81.4877,25.7523],[-81.5055,25.7624],[-81.5292,25.7838],[-81.5622,25.7948],[-81.5737,25.805],[-81.5881,25.8099],[-81.6021,25.7864],[-81.6199,25.7747],[-81.6363,25.7702],[-81.6876,25.7709],[-81.7008,25.7764],[-81.7181,25.793],[-81.7422,25.8439],[-81.7753,25.881],[-81.7849,25.914],[-81.8011,25.9317],[-81.8062,25.9537],[-81.801,25.9738],[-81.8503,26.0629],[-81.8592,26.1082],[-81.8679,26.2144],[-81.877,26.2367],[-81.8876,26.2872],[-81.9187,26.352],[-81.942,26.3754],[-81.9781,26.3997],[-82.0082,26.3954],[-82.0689,26.3713],[-82.1122,26.3778],[-82.1447,26.4003],[-82.1733,26.4379],[-82.2162,26.4565],[-82.2365,26.4773],[-82.258,26.5458],[-82.2762,26.5752],[-82.2818,26.6102],[-82.3165,26.6552],[-82.3247,26.6729],[-82.3179,26.7098],[-82.321,26.7199],[-82.3179,26.7344],[-82.3222,26.7697],[-82.3333,26.7837],[-82.3383,26.8033],[-82.3948,26.8753],[-82.4689,27.0002],[-82.4998,27.0437],[-82.5647,27.2056],[-82.6163,27.2495],[-82.6318,27.2951],[-82.6783,27.3441],[-82.7054,27.3897],[-82.7352,27.4158],[-82.7652,27.4774],[-82.8154,27.536],[-82.8237,27.5894],[-82.8112,27.6364],[-82.8154,27.6546],[-82.8126,27.6755],[-82.8043,27.6937],[-82.8057,27.7094],[-82.875,27.7943],[-82.9013,27.8391],[-82.9081,27.8671],[-82.9073,27.9015],[-82.8979,27.9444],[-82.8882,27.9637],[-82.8838,27.9941],[-82.8866,28.0137],[-82.8781,28.0428],[-82.8903,28.0537],[-82.896,28.0687],[-82.8919,28.108],[-82.9039,28.1292],[-82.9019,28.1634],[-82.9079,28.2128],[-82.9006,28.2336],[-82.8789,28.2555],[-82.8399,28.2631],[-82.8196,28.2593],[-82.8128,28.2814],[-82.7953,28.2998],[-82.7926,28.3149],[-82.7997,28.3343],[-82.8003,28.3547],[-82.7814,28.3973],[-82.7616,28.4174],[-82.7462,28.4493],[-82.7484,28.4675],[-82.742,28.4858],[-82.7483,28.5016],[-82.7482,28.5417],[-82.739,28.5788],[-82.7274,28.5956],[-82.7405,28.6253],[-82.7635,28.6533],[-82.7683,28.6748],[-82.788,28.7093],[-82.7911,28.7252],[-82.7875,28.7435],[-82.8039,28.7673],[-82.8137,28.8006],[-82.8118,28.8211],[-82.8058,28.8356],[-82.7963,28.8449],[-82.7945,28.8569],[-82.8049,28.8743],[-82.8082,28.8902],[-82.8411,28.9053],[-82.853,28.9234],[-82.8569,28.9491],[-82.8448,28.9721],[-82.8546,28.9936],[-82.8513,29.0174],[-82.8623,29.0307],[-82.8666,29.0455],[-82.895,29.048],[-82.9139,29.0587],[-82.9335,29.0642],[-82.9501,29.0761],[-82.9781,29.0692],[-82.9937,29.0543],[-83.0147,29.0463],[-83.0438,29.0472],[-83.076,29.0418],[-83.1111,29.0499],[-83.1441,29.0728],[-83.1667,29.1253],[-83.1654,29.1444],[-83.1724,29.1571],[-83.1718,29.1859],[-83.1934,29.2038],[-83.1977,29.2123],[-83.2249,29.2251],[-83.2398,29.2502],[-83.2387,29.3086],[-83.2594,29.3268],[-83.2793,29.3323],[-83.2977,29.3461],[-83.3084,29.3687],[-83.3085,29.383],[-83.3284,29.3882],[-83.3434,29.3978],[-83.3519,29.4081],[-83.3602,29.4311],[-83.3717,29.4385],[-83.3892,29.4411],[-83.4254,29.4558],[-83.4449,29.474],[-83.4636,29.5348],[-83.4624,29.5497],[-83.4686,29.5763],[-83.4645,29.6133],[-83.4813,29.6303],[-83.5024,29.631],[-83.521,29.6393],[-83.5289,29.6453],[-83.5444,29.6715],[-83.6093,29.6984],[-83.639,29.7401],[-83.6473,29.7971],[-83.6663,29.8118],[-83.6751,29.8303],[-83.687,29.8406],[-83.6968,29.8587],[-83.7192,29.8762],[-83.7315,29.8815],[-83.7452,29.8938],[-83.8012,29.902],[-83.8351,29.9209],[-83.859,29.9284],[-83.875,29.941],[-83.8842,29.9556],[-83.9133,29.9587],[-83.9241,29.9636],[-83.9459,29.9894],[-83.9579,29.9929],[-83.9754,30.0072],[-84.0222,30.0188],[-84.0434,30.0398],[-84.1094,30.0281],[-84.1176,30.0128],[-84.1336,29.997],[-84.1504,29.9911],[-84.1661,29.9907],[-84.1846,29.9831],[-84.2085,29.9842],[-84.2371,29.9959],[-84.2513,29.996],[-84.2653,29.9791],[-84.2569,29.9617],[-84.2591,29.9368],[-84.2758,29.9139],[-84.2804,29.8962],[-84.2931,29.875],[-84.3112,29.8573],[-84.3315,29.8486],[-84.3766,29.8448],[-84.4469,29.8587],[-84.4733,29.8371],[-84.4943,29.8319],[-84.5128,29.832],[-84.5226,29.7944],[-84.5423,29.7698],[-84.5716,29.7608],[-84.5956,29.7445],[-84.65,29.7309],[-84.6672,29.7198],[-84.6836,29.6996],[-84.6962,29.6935],[-84.7358,29.6564],[-84.7731,29.6379],[-84.8256,29.6236],[-84.8478,29.614],[-84.9275,29.5696],[-84.9925,29.5498],[-85.0121,29.5495],[-85.0365,29.5376],[-85.0554,29.536],[-85.078,29.5413],[-85.1094,29.5694],[-85.1235,29.5767],[-85.1437,29.5795],[-85.1684,29.5885],[-85.2093,29.6155],[-85.2349,29.625],[-85.292,29.6323],[-85.3101,29.6137],[-85.3361,29.6042],[-85.3644,29.6057],[-85.3817,29.6129],[-85.4164,29.6495],[-85.434,29.6767],[-85.4574,29.7352],[-85.4693,29.7813],[-85.4739,29.8528],[-85.4652,29.879],[-85.4463,29.901],[-85.459,29.9066],[-85.5051,29.9118],[-85.54,29.928],[-85.5877,29.9625],[-85.6325,30.0143],[-85.6512,30.0242],[-85.7058,30.0415],[-85.7374,30.0578],[-85.768,30.0764],[-85.8262,30.1252],[-85.9425,30.1892],[-85.9999,30.2131],[-86.1848,30.278],[-86.2796,30.3043],[-86.3975,30.3254],[-86.4869,30.3317],[-86.5235,30.3303],[-86.5385,30.3364],[-86.6459,30.3462],[-86.7134,30.3434],[-86.8819,30.3246],[-87.0645,30.2947],[-87.1388,30.2785],[-87.2212,30.2673],[-87.2577,30.2642],[-87.2965,30.2727],[-87.375,30.2537],[-87.5184,30.2295],[-87.5184,30.2839],[-87.4524,30.3002],[-87.4501,30.3111],[-87.4837,30.3048],[-87.5,30.3062],[-87.5058,30.3125],[-87.5026,30.3274],[-87.4611,30.3353],[-87.4511,30.3456],[-87.4514,30.3672],[-87.4387,30.3808],[-87.4407,30.3915],[-87.4296,30.4065],[-87.4227,30.4101],[-87.403,30.4104],[-87.3694,30.432],[-87.3669,30.4405],[-87.3708,30.4469],[-87.3999,30.451],[-87.4251,30.4656],[-87.4356,30.4805],[-87.4339,30.4877],[-87.4284,30.4885],[-87.431,30.4983],[-87.4504,30.5145],[-87.4445,30.5143],[-87.4473,30.522],[-87.4438,30.524],[-87.448,30.5266],[-87.4439,30.5315],[-87.439,30.5303],[-87.4416,30.5375],[-87.4353,30.5429],[-87.4349,30.5494],[-87.4276,30.5537],[-87.4254,30.5603],[-87.4179,30.5623],[-87.4185,30.5701],[-87.4122,30.5737],[-87.408,30.5837],[-87.4076,30.6009],[-87.3988,30.6054],[-87.3949,30.6143],[-87.3943,30.6456],[-87.3968,30.6549],[-87.4031,30.6575],[-87.4065,30.6752],[-87.419,30.6785],[-87.4496,30.699],[-87.458,30.6964],[-87.4681,30.7002],[-87.4698,30.705],[-87.4793,30.7096],[-87.4813,30.717],[-87.5019,30.7213],[-87.5106,30.7329],[-87.53,30.741],[-87.536,30.7612],[-87.5461,30.7721],[-87.5454,30.7794],[-87.5718,30.8002],[-87.5796,30.8109],[-87.6001,30.8205],[-87.6043,30.8314],[-87.6152,30.8342],[-87.6171,30.8403],[-87.627,30.8478],[-87.626,30.8574],[-87.6347,30.8656],[-87.6291,30.8804],[-87.6203,30.8874],[-87.6218,30.8977],[-87.6157,30.9016],[-87.5909,30.9535],[-87.5889,30.9658],[-87.5988,30.9975],[-87.2377,30.9964],[-87.0402,30.9996],[-86.5202,30.9933],[-85.9986,30.9929],[-85.0025,31.0007],[-84.9994,31.0138],[-85.0094,31.0324],[-85.0088,31.0456],[-85.0286,31.0746],[-85.0261,31.0842],[-85.0356,31.1082],[-85.0547,31.1208],[-85.064,31.1425],[-85.0766,31.1569],[-85.1002,31.1655],[-85.0985,31.1802],[-85.1077,31.1874],[-85.107,31.2027],[-85.0987,31.2113],[-85.0968,31.2257],[-85.1124,31.2596],[-85.1146,31.2773],[-85.0987,31.2845],[-85.0898,31.295],[-85.0837,31.3239],[-85.0894,31.336],[-85.0859,31.3532],[-85.0918,31.3552],[-85.0923,31.3641],[-85.0776,31.3989],[-85.08,31.4105],[-85.0759,31.4249],[-85.066,31.4305],[-85.0716,31.4684],[-85.045,31.5182],[-85.0483,31.526],[-85.0414,31.5425],[-85.058,31.5708],[-85.0582,31.6202],[-85.0862,31.6386],[-85.0791,31.6548],[-85.0924,31.66],[-85.1139,31.6869],[-85.1255,31.695],[-85.1265,31.7168],[-85.1189,31.7327],[-85.1292,31.7587],[-85.1255,31.7679],[-85.1418,31.7813],[-85.1324,31.7935],[-85.1312,31.8153],[-85.1321,31.828],[-85.1418,31.8393],[-85.1377,31.8459],[-85.1407,31.8575],[-85.1284,31.8776],[-85.1341,31.8922],[-85.112,31.8948],[-85.1122,31.9028],[-85.108,31.9052],[-85.1131,31.9119],[-85.1024,31.9174],[-85.0995,31.9253],[-85.0789,31.9402],[-85.0867,31.9592],[-85.0678,31.9674],[-85.0659,31.9725],[-85.0709,31.9817],[-85.0673,31.9956],[-85.0551,32.0107],[-85.0537,32.0207],[-85.0488,32.0217],[-85.0571,32.0299],[-85.0535,32.0378],[-85.0588,32.047],[-85.0558,32.0744],[-85.0448,32.0858],[-85.0616,32.1334],[-85.0456,32.1438],[-85.0113,32.1805],[-84.9637,32.1959],[-84.9646,32.2036],[-84.9744,32.2036],[-84.9802,32.2078],[-84.9733,32.2177],[-84.9282,32.2199],[-84.9127,32.2434],[-84.9154,32.2461],[-84.9232,32.2447],[-84.9244,32.2502],[-84.9072,32.2491],[-84.9012,32.2584],[-84.8883,32.2597],[-84.9229,32.2853],[-84.9347,32.2989],[-85.0003,32.3214],[-85.0064,32.3268],[-85.0046,32.3452],[-84.9839,32.3624],[-84.9853,32.3725],[-84.9722,32.3769],[-84.9748,32.3803],[-84.9863,32.3803],[-84.9884,32.3852],[-84.983,32.392],[-84.9687,32.3915],[-84.9799,32.4001],[-84.981,32.4061],[-84.9794,32.4123],[-84.963,32.4243],[-84.9718,32.4428],[-84.9953,32.4532],[-84.9985,32.4687],[-84.9949,32.4801],[-84.9965,32.5016],[-85.0071,32.5239],[-85.0153,32.5277],[-85.0208,32.5428],[-85.0314,32.5442],[-85.0357,32.554],[-85.0437,32.5565],[-85.0579,32.5747],[-85.0675,32.5796],[-85.079,32.6002],[-85.0822,32.6163],[-85.0909,32.6251],[-85.0831,32.6362],[-85.1001,32.6346],[-85.1045,32.641],[-85.1043,32.6464],[-85.0885,32.6578],[-85.0935,32.6697],[-85.1126,32.6834],[-85.117,32.692],[-85.1181,32.7094],[-85.1227,32.716],[-85.1133,32.7358],[-85.1186,32.7408],[-85.1331,32.7446],[-85.143,32.7599],[-85.1367,32.7712],[-85.1309,32.7696],[-85.1223,32.7744],[-85.1397,32.7852],[-85.1422,32.7921],[-85.152,32.7942],[-85.1681,32.8118],[-85.1648,32.8198],[-85.1683,32.8285],[-85.154,32.8408],[-85.1563,32.8505],[-85.1623,32.8565],[-85.1687,32.8526],[-85.1771,32.8539],[-85.1844,32.8613],[-85.4295,34.1251],[-85.5614,34.7501],[-85.6052,34.9847],[-85.3948,34.983],[-84.9528,34.9879],[-84.3219,34.9884],[-84.2902,35.2256],[-84.2832,35.2266],[-84.2237,35.2691],[-84.211,35.2655],[-84.2028,35.2557],[-84.2001,35.2447],[-84.1931,35.2448],[-84.1884,35.24],[-84.1785,35.2407],[-84.1699,35.2464],[-84.1613,35.2435],[-84.1479,35.247],[-84.1271,35.241],[-84.1253,35.2499],[-84.1196,35.2523],[-84.0981,35.2472],[-84.0825,35.2561],[-84.0811,35.2612],[-84.0557,35.2682],[-84.0465,35.2742],[-84.0214,35.301],[-84.0265,35.3093],[-84.0357,35.3129],[-84.0294,35.3332],[-84.0362,35.3377],[-84.0341,35.3433],[-84.0383,35.3478],[-84.0235,35.3542],[-84.0074,35.3716],[-84.0112,35.3844],[-84.0082,35.3904],[-84.0188,35.3998],[-84.0233,35.4115],[-84.0147,35.412],[-84.0013,35.4233],[-83.9999,35.4337],[-83.9921,35.4404],[-83.9838,35.4406],[-83.9799,35.4482],[-83.9725,35.4474],[-83.9732,35.453],[-83.9645,35.4543],[-83.9611,35.4642],[-83.9506,35.4608],[-83.937,35.4715],[-83.9118,35.476],[-83.9014,35.4966],[-83.8801,35.5188],[-83.8593,35.5219],[-83.8485,35.5193],[-83.8256,35.5238],[-83.8024,35.5416],[-83.7801,35.5504],[-83.7717,35.5621],[-83.7569,35.5636],[-83.7481,35.5599],[-83.7357,35.5655],[-83.7235,35.5619],[-83.6952,35.5703],[-83.6888,35.5678],[-83.6565,35.57],[-83.641,35.5657],[-83.6346,35.5703],[-83.6297,35.5679],[-83.6153,35.574],[-83.6089,35.5795],[-83.5965,35.5748],[-83.5856,35.5629],[-83.5661,35.566],[-83.498,35.5631],[-83.4852,35.5684],[-83.4791,35.5833],[-83.4557,35.5981],[-83.4458,35.6118],[-83.4216,35.6112],[-83.3966,35.6227],[-83.3887,35.6336],[-83.3669,35.6387],[-83.3516,35.6599],[-83.335,35.6655],[-83.3211,35.6628],[-83.3128,35.6548],[-83.2972,35.6578],[-83.2892,35.6745],[-83.2714,35.6815],[-83.2696,35.6862],[-83.2542,35.6958],[-83.2576,35.7054],[-83.2507,35.7094],[-83.2555,35.715],[-83.2513,35.7199],[-83.2407,35.7268],[-83.2145,35.7244],[-83.1857,35.7299],[-83.1775,35.7439],[-83.1702,35.7461],[-83.1592,35.7649],[-83.1202,35.7662],[-83.0972,35.7761],[-83.0785,35.7896],[-83.064,35.7866],[-83.0527,35.7896],[-83.0441,35.7854],[-83.0362,35.7874],[-82.9958,35.7731],[-82.9697,35.7897],[-82.963,35.7901],[-82.9617,35.8005],[-82.9455,35.8247],[-82.936,35.8256],[-82.934,35.8366],[-82.9163,35.8416],[-82.921,35.8511],[-82.9206,35.8685],[-82.9064,35.8703],[-82.8962,35.8791],[-82.9064,35.8837],[-82.9011,35.893],[-82.9082,35.9111],[-82.9145,35.9152],[-82.9133,35.9241],[-82.9199,35.9288],[-82.9021,35.9268],[-82.8985,35.9451],[-82.8742,35.9527],[-82.8458,35.9463],[-82.8388,35.9375],[-82.8289,35.9329],[-82.8219,35.9218],[-82.805,35.9272],[-82.8059,35.9379],[-82.7875,35.9522],[-82.7845,35.9639],[-82.7749,35.972],[-82.7856,35.9778],[-82.7857,35.9888],[-82.7759,36.0008],[-82.7545,36.0043],[-82.7389,36.015],[-82.7251,36.0182],[-82.7157,36.023],[-82.7149,36.0288],[-82.6889,36.0386],[-82.6843,36.0456],[-82.6707,36.0528],[-82.6325,36.0658],[-82.618,36.0554],[-82.6182,36.047],[-82.6095,36.0448],[-82.6018,36.036],[-82.592,36.0357],[-82.5907,36.032],[-82.6033,36.023],[-82.6029,36.0179],[-82.6083,36.0153],[-82.6083,36.0085],[-82.6144,36.0035],[-82.613,35.994],[-82.6042,35.9873],[-82.6109,35.9674],[-82.581,35.9656],[-82.5752,35.9584],[-82.5579,35.9539],[-82.5497,35.9643],[-82.5054,35.9777],[-82.4823,35.9978],[-82.4608,36.0077],[-82.4102,36.0827],[-82.3552,36.1156],[-82.3361,36.115],[-82.2895,36.1357],[-82.2804,36.1288],[-82.2668,36.1269],[-82.2545,36.136],[-82.2451,36.131],[-82.2293,36.1445],[-82.2221,36.1569],[-82.2126,36.1591],[-82.201,36.1565],[-82.1926,36.1489],[-82.1875,36.1511],[-82.1843,36.1449],[-82.1769,36.1422],[-82.1722,36.1464],[-82.1591,36.1458],[-82.148,36.1495],[-82.1366,36.1288],[-82.138,36.1196],[-82.1298,36.1043],[-82.1054,36.1081],[-82.0804,36.103],[-82.0797,36.1065],[-82.0613,36.1131],[-82.0541,36.1268],[-82.0336,36.1204],[-82.0293,36.1235],[-81.9081,36.302],[-81.879,36.314],[-81.855,36.3373],[-81.8333,36.3474],[-81.8102,36.3519],[-81.7931,36.3625],[-81.7897,36.3483],[-81.7789,36.3486],[-81.7649,36.3387],[-81.7457,36.3376],[-81.736,36.343],[-81.7074,36.3352],[-81.7073,36.3455],[-81.7174,36.3478],[-81.7239,36.3558],[-81.7261,36.3689],[-81.7346,36.3796],[-81.7286,36.3912],[-81.739,36.395],[-81.742,36.4111],[-81.7343,36.4125],[-81.719,36.4256],[-81.7212,36.434],[-81.7146,36.4371],[-81.7176,36.4451],[-81.7137,36.4474],[-81.7168,36.4565],[-81.6949,36.4674],[-81.6959,36.4917],[-81.7002,36.4986],[-81.6968,36.506],[-81.703,36.5214],[-81.708,36.5243],[-81.7081,36.5357],[-81.6998,36.5368],[-81.6902,36.5516],[-81.6912,36.5677],[-81.6767,36.572],[-81.6802,36.5859],[-81.6469,36.6119],[-81.9226,36.6162],[-81.9341,36.5942],[-83.2611,36.5939],[-83.2763,36.5982],[-83.622,36.598],[-83.6754,36.6008],[-83.6747,36.6032],[-83.6493,36.6168],[-83.6451,36.6243],[-83.624,36.6255],[-83.6139,36.6349],[-83.5865,36.6439],[-83.5776,36.6414],[-83.5624,36.6513],[-83.5371,36.6589],[-83.5302,36.6661],[-83.4992,36.6704],[-83.4666,36.6647],[-83.4247,36.6673],[-83.3965,36.6769],[-83.3868,36.6866],[-83.3097,36.7106],[-83.1948,36.7395],[-83.1351,36.7426],[-83.1344,36.7494],[-83.128,36.7507],[-83.1256,36.7616],[-83.1325,36.7644],[-83.129,36.7758],[-83.1332,36.7846],[-83.1232,36.7867],[-83.1043,36.804],[-83.0985,36.8135],[-83.1019,36.8282],[-83.0875,36.8382],[-83.0752,36.8407],[-83.0728,36.8545],[-83.0478,36.8517],[-83.0266,36.8556],[-83.0221,36.8499],[-83.0066,36.8477],[-82.9986,36.8566],[-82.9786,36.8598],[-82.9708,36.8576],[-82.9516,36.8662],[-82.9078,36.8748],[-82.9074,36.8793],[-82.8787,36.8895],[-82.8774,36.8955],[-82.868,36.9001],[-82.8774,36.9085],[-82.8577,36.9287],[-82.8623,36.9413],[-82.8556,36.9542],[-82.8659,36.9583],[-82.8701,36.965],[-82.8675,36.9781],[-82.857,36.9789],[-82.8536,36.9853],[-82.8452,36.9838],[-82.8373,36.9873],[-82.8302,36.9944],[-82.8287,37.0058],[-82.8225,37.0041],[-82.7979,37.0096],[-82.7937,37.0055],[-82.7829,37.0078],[-82.7772,37.016],[-82.7719,37.0157],[-82.7595,37.0273],[-82.7479,37.0244],[-82.7428,37.0428],[-82.7258,37.0423],[-82.7224,37.045],[-82.7267,37.073],[-82.7167,37.0774],[-82.725,37.0918],[-82.7217,37.101],[-82.7267,37.1148],[-82.7214,37.1208],[-82.6829,37.137],[-82.6767,37.1349],[-82.6567,37.1447],[-82.6533,37.1512],[-82.6334,37.1544],[-82.6236,37.1644],[-82.5975,37.1771],[-82.5923,37.183],[-82.5506,37.2045],[-82.5329,37.2066],[-82.53,37.2133],[-82.5247,37.215],[-82.5208,37.2121],[-82.4988,37.227],[-82.4916,37.2249],[-82.4864,37.2311],[-82.4574,37.2382],[-82.4398,37.2471],[-82.4303,37.2469],[-82.3488,37.268],[-82.3489,37.2719],[-82.342,37.2741],[-82.3436,37.2809],[-82.3246,37.283],[-82.316,37.2948],[-81.9649,37.5417],[-81.9732,37.5466],[-81.9812,37.5423],[-81.9891,37.5428],[-81.9942,37.5378],[-81.9982,37.5433],[-82.0112,37.5329],[-82.016,37.534],[-82.0185,37.5404],[-82.0296,37.5379],[-82.0423,37.5482],[-82.0451,37.5457],[-82.042,37.5342],[-82.0462,37.5279],[-82.0503,37.5354],[-82.0648,37.5372],[-82.0639,37.5431],[-82.0752,37.5559],[-82.104,37.5529],[-82.1048,37.5602],[-82.118,37.559],[-82.1234,37.5515],[-82.1321,37.5524],[-82.1344,37.5629],[-82.1449,37.5677],[-82.1418,37.5711],[-82.1262,37.5737],[-82.1273,37.5866],[-82.1313,37.5927],[-82.1399,37.595],[-82.1484,37.5907],[-82.1569,37.5927],[-82.1567,37.609],[-82.1688,37.6091],[-82.1642,37.6203],[-82.169,37.6219],[-82.1767,37.6182],[-82.1812,37.6215],[-82.1817,37.6272],[-82.1724,37.6326],[-82.1776,37.6409],[-82.1751,37.6478],[-82.1858,37.6486],[-82.1911,37.6446],[-82.1872,37.627],[-82.2145,37.6254],[-82.2205,37.6348],[-82.2169,37.6416],[-82.2242,37.6447],[-82.2262,37.6529],[-82.2361,37.6596],[-82.2409,37.6615],[-82.2581,37.6569],[-82.2713,37.6636],[-82.2825,37.6759],[-82.2881,37.6681],[-82.2946,37.6704],[-82.295,37.6781],[-82.3043,37.6761],[-82.2959,37.6862],[-82.3029,37.6936],[-82.2964,37.7022],[-82.3077,37.708],[-82.3189,37.7337],[-82.3342,37.7428],[-82.3213,37.7516],[-82.32,37.7586],[-82.3113,37.7613],[-82.312,37.7643],[-82.3285,37.7621],[-82.3334,37.7644],[-82.3239,37.775],[-82.3375,37.7749],[-82.3401,37.7856],[-82.349,37.7869],[-82.369,37.8013],[-82.3766,37.8022],[-82.3867,37.8182],[-82.3966,37.8089],[-82.4013,37.8095],[-82.3993,37.8295],[-82.4087,37.8361],[-82.4129,37.8448],[-82.4205,37.8464],[-82.4147,37.856],[-82.4246,37.8615],[-82.4075,37.8673],[-82.4176,37.8703],[-82.4199,37.8849],[-82.432,37.8899],[-82.4376,37.8998],[-82.4519,37.9086],[-82.46,37.9095],[-82.463,37.9148],[-82.468,37.9139],[-82.4684,37.9032],[-82.4744,37.9],[-82.4756,37.9119],[-82.4883,37.9177],[-82.4807,37.9262],[-82.4959,37.927],[-82.5022,37.9331],[-82.5,37.9368],[-82.4913,37.9358],[-82.4893,37.9382],[-82.497,37.942],[-82.4976,37.946],[-82.4856,37.9458],[-82.4718,37.9587],[-82.4845,37.9636],[-82.4844,37.9709],[-82.4689,37.9732],[-82.4646,37.9839],[-82.4722,37.9867],[-82.4836,37.9839],[-82.4887,37.9989],[-82.5192,38.0011],[-82.5156,38.0066],[-82.5251,38.0175],[-82.5263,38.027],[-82.5387,38.0374],[-82.5371,38.0447],[-82.5442,38.0526],[-82.5499,38.0695],[-82.5834,38.09],[-82.587,38.1087],[-82.6062,38.1208],[-82.6192,38.1205],[-82.6218,38.1333],[-82.6366,38.138],[-82.6386,38.1559],[-82.6445,38.1653],[-82.6389,38.1712],[-82.6194,38.1689],[-82.6116,38.1713],[-82.5991,38.1972],[-82.5983,38.2174],[-82.6086,38.2235],[-82.6122,38.2363],[-82.6046,38.2477],[-82.5833,38.2468],[-82.5746,38.2639],[-82.5741,38.2746],[-82.583,38.2968],[-82.5718,38.3172],[-82.5767,38.3285],[-82.5981,38.3459],[-82.5976,38.3649],[-82.5928,38.3756],[-82.5995,38.39],[-82.5946,38.3983],[-82.596,38.4179],[-82.5935,38.4218],[-82.5888,38.4136],[-82.5716,38.4051],[-82.5397,38.4039],[-82.4049,38.4394],[-82.3818,38.4348],[-82.3303,38.4445],[-82.3181,38.4579],[-82.3042,38.4963],[-82.304,38.5177],[-82.2957,38.5385],[-82.2913,38.579],[-82.2743,38.5937],[-82.2621,38.5982],[-82.2467,38.5986],[-82.2215,38.5913],[-82.2052,38.5917],[-82.1888,38.595],[-82.1773,38.6038],[-82.1722,38.6272],[-82.1909,38.6804],[-82.1826,38.7068],[-82.1938,38.7357],[-82.1918,38.7376],[-82.1869,38.7223],[-82.188,38.7331],[-82.1989,38.7577],[-82.2196,38.7723],[-82.2216,38.7872],[-82.2114,38.8012],[-82.1912,38.8151],[-82.1636,38.8234],[-82.1455,38.8397],[-82.1392,38.865],[-82.1454,38.8842],[-82.1432,38.8981],[-82.1294,38.9079],[-82.1117,38.9326],[-82.1091,38.9456],[-82.0916,38.9738],[-82.0516,38.9944],[-82.0378,39.0239],[-82.0219,39.0295],[-82.0045,39.0289],[-81.9914,39.0184],[-81.9794,38.9932],[-81.9515,38.996],[-81.9332,38.9877],[-81.8985,38.9296],[-81.9267,38.9013],[-81.928,38.8935],[-81.903,38.8761],[-81.8892,38.8743],[-81.856,38.8927],[-81.8453,38.9101],[-81.8445,38.9288],[-81.8274,38.9459],[-81.8112,38.9447],[-81.7857,38.9262],[-81.7741,38.923],[-81.7627,38.9241],[-81.757,38.9372],[-81.7788,38.9559],[-81.7818,38.9649],[-81.7741,38.9937],[-81.7652,39.0026],[-81.7643,39.0153],[-81.7729,39.0262],[-81.8081,39.0538],[-81.8139,39.0797],[-81.8067,39.0841],[-81.7756,39.0784],[-81.7608,39.0841],[-81.7461,39.097],[-81.7428,39.1427],[-81.7562,39.1805],[-81.7369,39.1926],[-81.7256,39.2159],[-81.7009,39.2209],[-81.6919,39.227],[-81.6966,39.2561],[-81.6836,39.271],[-81.6702,39.276],[-81.6453,39.2773],[-81.6222,39.2737],[-81.6058,39.2759],[-81.5856,39.2688],[-81.5703,39.2677],[-81.5653,39.2762],[-81.5576,39.3388],[-81.5423,39.3529],[-81.5032,39.3732],[-81.4732,39.4002],[-81.4561,39.4093],[-81.4356,39.4085],[-81.4127,39.3946],[-81.4067,39.3881],[-81.3938,39.3517],[-81.3846,39.3435],[-81.376,39.3417],[-81.3449,39.3468],[-81.3018,39.3722],[-81.2703,39.3861],[-81.2444,39.3904],[-81.2236,39.3861],[-81.2173,39.3876],[-81.2117,39.393],[-81.2082,39.4072],[-81.1851,39.4315],[-81.1676,39.4401],[-81.1325,39.4463],[-81.1008,39.4872],[-81.071,39.5156],[-80.9735,39.5885],[-80.9333,39.6148],[-80.9176,39.6187],[-80.8922,39.6168],[-80.8804,39.6207],[-80.8766,39.6259],[-80.8663,39.6545],[-80.8637,39.6917],[-80.8339,39.7035],[-80.8298,39.7118],[-80.846,39.7387],[-80.8653,39.7533],[-80.8691,39.7664],[-80.8631,39.7752],[-80.8261,39.7986],[-80.8222,39.8117],[-80.8261,39.8442],[-80.7908,39.8673],[-80.794,39.8828],[-80.8092,39.9039],[-80.8068,39.9163],[-80.7997,39.9196],[-80.787,39.9184],[-80.7634,39.9086],[-80.7561,39.9134],[-80.7643,39.95],[-80.7579,39.9597],[-80.7401,39.9708],[-80.7422,40.0086],[-80.731,40.0443],[-80.7382,40.0786],[-80.7095,40.1003],[-80.7102,40.1383],[-80.7056,40.1535],[-80.6861,40.1816],[-80.6681,40.1997],[-80.6615,40.2298],[-80.6521,40.245],[-80.6193,40.2652],[-80.6149,40.292],[-80.6029,40.3071],[-80.5999,40.3177],[-80.6128,40.3477],[-80.6097,40.375],[-80.6314,40.3857],[-80.6327,40.3905],[-80.6322,40.3937],[-80.6123,40.4028],[-80.6122,40.4348],[-80.596,40.4634],[-80.5954,40.4753],[-80.618,40.5021],[-80.6275,40.5358],[-80.6524,40.5626],[-80.6644,40.57],[-80.6678,40.5835],[-80.6635,40.5908],[-80.6272,40.6199],[-80.5988,40.6253],[-80.5767,40.6142],[-80.5511,40.6289],[-80.519,40.6388],[-80.5199,42.3271],[-80.0802,42.3942],[-78.9998,42.8044],[-78.9306,42.8501],[-78.9058,42.9],[-78.9092,42.9333],[-78.9189,42.9469],[-78.9324,42.9559],[-78.9618,42.9578],[-78.9751,42.9688],[-79.0116,42.9853],[-79.02,42.9948],[-79.0233,43.0164],[-79.0118,43.029],[-78.9994,43.0561],[-79.0071,43.0658],[-79.0745,43.0779],[-79.058,43.107],[-79.0602,43.1136],[-79.0696,43.1203],[-79.0568,43.1269],[-79.0424,43.1437],[-79.0529,43.1735],[-79.0487,43.1997],[-79.0571,43.2107],[-79.0529,43.2221],[-79.0561,43.2542],[-79.0705,43.2625],[-79.2009,43.4504],[-78.7498,43.6093],[-78.6883,43.6348],[-78.1247,43.6312],[-76.7762,43.6295],[-76.7535,43.6843],[-76.4989,44.0001],[-76.4383,44.0942],[-76.3527,44.1348],[-76.3126,44.1991],[-76.2865,44.2038],[-76.2455,44.2037],[-76.2068,44.2145],[-76.1643,44.2396],[-76.1618,44.2808],[-76.1309,44.2966],[-76.1181,44.2949],[-76.0974,44.2995],[-76.0452,44.3317],[-76.001,44.3475],[-75.9783,44.3469],[-75.9702,44.3428],[-75.9295,44.3596],[-75.9217,44.3689],[-75.913,44.3681],[-75.8208,44.4322],[-75.8078,44.4716],[-75.7662,44.5159],[-75.6624,44.5919],[-75.6184,44.6196],[-75.5059,44.7051],[-75.4239,44.7563],[-75.4138,44.7725],[-75.397,44.7735],[-75.3874,44.78],[-75.37,44.7829],[-75.3698,44.7881],[-75.3445,44.8091],[-75.3337,44.8064],[-75.302,44.8266],[-75.3076,44.8368],[-75.2735,44.8531],[-75.2555,44.8577],[-75.2413,44.867],[-75.2286,44.8679],[-75.2186,44.8776],[-75.203,44.8776],[-75.1651,44.8933],[-75.1399,44.8967],[-75.1344,44.9151],[-75.1176,44.9214],[-75.1051,44.9195],[-75.0967,44.9271],[-75.0648,44.9295],[-75.06,44.9346],[-75.0271,44.9466],[-75.0052,44.9584],[-74.9927,44.9775],[-74.9724,44.9834],[-74.908,44.9834],[-74.9007,44.9928],[-74.8878,45.0001],[-74.8666,45.0005],[-74.8347,45.0147],[-74.8266,45.0159],[-74.8172,45.0117],[-74.8016,45.0146],[-74.7932,45.0047],[-74.7634,45.0056],[-74.7602,44.995],[-74.7313,44.9904],[-74.7226,44.9981],[-74.702,45.0033],[-74.6784,45.0001],[-74.673,45.001],[-74.6703,45.0062],[-74.6615,44.9996],[-74.4575,44.997],[-74.3352,44.9919],[-74.1502,44.9914],[-73.8746,45.0012],[-73.6397,45.0035],[-73.0597,45.0159],[-72.6734,45.0155],[-72.5899,45.0132],[-72.5559,45.0083],[-72.2709,45.0042],[-71.5011,45.0134],[-71.5,45.0234],[-71.4969,45.0233],[-71.5002,45.0267],[-71.4909,45.0427],[-71.5052,45.0486],[-71.4973,45.0556],[-71.5015,45.0583],[-71.4963,45.0627],[-71.4977,45.0706],[-71.4891,45.0709],[-71.4864,45.0792],[-71.4794,45.0834],[-71.4693,45.0838],[-71.4642,45.0933],[-71.4498,45.104],[-71.4487,45.1122],[-71.441,45.1133],[-71.4293,45.1224],[-71.4282,45.1352],[-71.4377,45.1417],[-71.4264,45.1528],[-71.4248,45.1658],[-71.4178,45.1717],[-71.4145,45.1847],[-71.3974,45.2033],[-71.4031,45.2153],[-71.4154,45.2181],[-71.4439,45.2371],[-71.4373,45.2388],[-71.4203,45.2327],[-71.4012,45.2426],[-71.3944,45.2412],[-71.3849,45.2334],[-71.3767,45.2449],[-71.363,45.2482],[-71.3573,45.2533],[-71.3632,45.2664],[-71.3607,45.2698],[-71.3534,45.2687],[-71.3364,45.2731],[-71.3317,45.28],[-71.3085,45.2875],[-71.2965,45.2992],[-71.2841,45.3024],[-71.2807,45.2952],[-71.2723,45.2967],[-71.2649,45.2935],[-71.2595,45.2724],[-71.2445,45.2681],[-71.2354,45.2604],[-71.2311,45.2497],[-71.222,45.2536],[-71.2118,45.2505],[-71.1983,45.2543],[-71.1809,45.2399],[-71.1621,45.2503],[-71.1471,45.2398],[-71.132,45.2454],[-71.1199,45.2623],[-71.1167,45.2739],[-71.1073,45.2786],[-71.1057,45.2825],[-71.1107,45.2846],[-71.0978,45.3019],[-71.0592,45.3138],[-71.0325,45.3101],[-71.0269,45.3148],[-71.0085,45.3193],[-71.0019,45.3285],[-71.012,45.3338],[-71.0104,45.3477],[-70.985,45.3319],[-70.9673,45.3323],[-70.9516,45.3388],[-70.9389,45.32],[-70.9301,45.3188],[-70.9179,45.3117],[-70.9199,45.3054],[-70.9121,45.2963],[-70.9215,45.2794],[-70.9055,45.266],[-70.906,45.2609],[-70.8983,45.258],[-70.8951,45.2403],[-70.8828,45.2342],[-70.8581,45.2292],[-70.8381,45.2346],[-70.8366,45.2374],[-70.8486,45.2452],[-70.8489,45.2631],[-70.8409,45.2673],[-70.832,45.279],[-70.8298,45.29],[-70.8355,45.2938],[-70.8164,45.2981],[-70.8116,45.3035],[-70.8145,45.3081],[-70.8084,45.3118],[-70.8062,45.3214],[-70.8077,45.3278],[-70.8182,45.3326],[-70.8199,45.3407],[-70.8099,45.3488],[-70.8144,45.3568],[-70.8026,45.3661],[-70.8138,45.3877],[-70.8238,45.3909],[-70.8257,45.4002],[-70.8114,45.4162],[-70.8025,45.4181],[-70.7982,45.4265],[-70.7875,45.4266],[-70.7816,45.4312],[-70.7642,45.4261],[-70.7545,45.4284],[-70.744,45.4211],[-70.7436,45.412],[-70.7305,45.4044],[-70.7239,45.3956],[-70.7121,45.3906],[-70.6993,45.3945],[-70.6961,45.3925],[-70.6782,45.3943],[-70.6618,45.3863],[-70.6597,45.3778],[-70.6504,45.3773],[-70.6349,45.3835],[-70.6389,45.3888],[-70.6364,45.3952],[-70.6215,45.4025],[-70.6357,45.413],[-70.6279,45.4208],[-70.6299,45.4264],[-70.6407,45.431],[-70.6507,45.4449],[-70.6812,45.4522],[-70.682,45.4619],[-70.6928,45.4664],[-70.6921,45.4747],[-70.7164,45.4865],[-70.7117,45.5019],[-70.7226,45.5066],[-70.7224,45.5139],[-70.711,45.5196],[-70.7065,45.5279],[-70.6992,45.5301],[-70.6965,45.54],[-70.6868,45.5494],[-70.6772,45.5522],[-70.689,45.5621],[-70.685,45.5668],[-70.6877,45.5694],[-70.678,45.5706],[-70.6539,45.593],[-70.6449,45.6068],[-70.6193,45.6121],[-70.6069,45.6258],[-70.5911,45.6303],[-70.5834,45.6424],[-70.5648,45.6549],[-70.5635,45.6627],[-70.5576,45.667],[-70.5423,45.6665],[-70.5333,45.671],[-70.526,45.6665],[-70.4656,45.7065],[-70.4392,45.7039],[-70.426,45.7071],[-70.4294,45.7103],[-70.4005,45.7198],[-70.3968,45.7289],[-70.3903,45.7285],[-70.384,45.7343],[-70.394,45.7401],[-70.3885,45.7503],[-70.4071,45.7626],[-70.4057,45.7765],[-70.4103,45.7842],[-70.4158,45.7853],[-70.417,45.7955],[-70.3962,45.7987],[-70.3969,45.808],[-70.3879,45.8143],[-70.3881,45.8188],[-70.3722,45.8281],[-70.3708,45.8352],[-70.3594,45.8355],[-70.3419,45.8523],[-70.3078,45.8589],[-70.2588,45.8912],[-70.2657,45.8937],[-70.2539,45.9024],[-70.2534,45.9073],[-70.2595,45.9097],[-70.2572,45.9178],[-70.263,45.9241],[-70.2395,45.9397],[-70.2391,45.9439],[-70.2444,45.9446],[-70.2422,45.9467],[-70.2522,45.9554],[-70.2606,45.9523],[-70.2581,45.9591],[-70.2661,45.9643],[-70.2746,45.9614],[-70.2756,45.9668],[-70.2897,45.9631],[-70.3161,45.9632],[-70.3117,45.9663],[-70.3074,45.9825],[-70.295,45.9861],[-70.284,45.9955],[-70.2885,45.994],[-70.3028,45.999],[-70.3064,46.0103],[-70.318,46.019],[-70.3016,46.0275],[-70.2973,46.0408],[-70.2811,46.0507],[-70.2784,46.0564],[-70.2788,46.0608],[-70.2843,46.0627],[-70.3008,46.0606],[-70.3109,46.0639],[-70.3026,46.0705],[-70.3019,46.0826],[-70.2916,46.0873],[-70.286,46.0999],[-70.2732,46.1022],[-70.2529,46.1004],[-70.2546,46.1137],[-70.2362,46.1452],[-70.2404,46.151],[-70.2483,46.1518],[-70.2663,46.1692],[-70.2777,46.1748],[-70.2856,46.1846],[-70.2904,46.1851],[-70.2922,46.1914],[-70.2708,46.2109],[-70.2734,46.2168],[-70.2674,46.2193],[-70.2672,46.2251],[-70.2602,46.2303],[-70.2592,46.2388],[-70.2509,46.2491],[-70.2529,46.2591],[-70.2326,46.2847],[-70.2317,46.291],[-70.2059,46.2997],[-70.203,46.3144],[-70.209,46.3295],[-70.1957,46.3408],[-70.1912,46.3502],[-70.1825,46.3518],[-70.1729,46.3593],[-70.166,46.3575],[-70.1566,46.3615],[-70.1481,46.359],[-70.1364,46.3699],[-70.1269,46.3709],[-70.1281,46.3792],[-70.1167,46.3882],[-70.1143,46.3852],[-70.1077,46.3878],[-70.1099,46.3903],[-70.099,46.4008],[-70.101,46.405],[-70.0952,46.4064],[-70.0968,46.4096],[-70.0765,46.4096],[-70.0565,46.4156],[-69.9972,46.6954],[-69.2251,47.4593],[-69.2121,47.4553]]]]},"properties":{"name":"Atlantic Flyway"}},{"type":"Feature","geometry":{"type":"MultiPolygon","coordinates":[[[[-95.1468,49.3803],[-95.1265,49.3694],[-95.0584,49.3531],[-95.0144,49.3564],[-94.9889,49.3688],[-94.9743,49.3676],[-94.9574,49.3701],[-94.8543,49.3241],[-94.8165,49.321],[-94.8243,49.3088],[-94.8256,49.2944],[-94.7975,49.2144],[-94.7981,49.1979],[-94.7732,49.1207],[-94.7503,49.0993],[-94.7502,49],[-94.7189,49],[-94.6844,48.884],[-94.6843,48.8724],[-94.6926,48.869],[-94.6931,48.8533],[-94.6857,48.8401],[-94.7021,48.8317],[-94.7044,48.8243],[-94.6953,48.8088],[-94.6944,48.7822],[-94.6871,48.775],[-94.652,48.7559],[-94.6413,48.7413],[-94.619,48.7373],[-94.6012,48.7282],[-94.5903,48.718],[-94.5491,48.7147],[-94.5386,48.7026],[-94.533,48.7012],[-94.4702,48.6965],[-94.4523,48.6924],[-94.4387,48.6949],[-94.4162,48.7109],[-94.3842,48.7118],[-94.3686,48.7063],[-94.3428,48.7033],[-94.3085,48.7102],[-94.2829,48.7055],[-94.2745,48.6998],[-94.2606,48.6963],[-94.2513,48.6835],[-94.2546,48.6613],[-94.2469,48.6542],[-94.2243,48.6495],[-94.1995,48.6509],[-94.1574,48.6457],[-94.0999,48.6457],[-94.0912,48.6435],[-94.0658,48.646],[-94.0642,48.6436],[-94.0356,48.6409],[-94.0069,48.6431],[-93.9442,48.6323],[-93.927,48.6312],[-93.9115,48.6347],[-93.8869,48.6308],[-93.844,48.6294],[-93.8343,48.625],[-93.8227,48.6091],[-93.8068,48.5776],[-93.8113,48.5424],[-93.8183,48.53],[-93.7945,48.516],[-93.7847,48.5155],[-93.7529,48.5151],[-93.7321,48.518],[-93.7092,48.518],[-93.6909,48.5146],[-93.6567,48.5157],[-93.6431,48.5183],[-93.6289,48.5312],[-93.6106,48.5217],[-93.5944,48.5288],[-93.5783,48.5265],[-93.5472,48.5287],[-93.5155,48.5348],[-93.5002,48.5412],[-93.4675,48.5457],[-93.4608,48.5506],[-93.4567,48.5618],[-93.466,48.5873],[-93.4643,48.5918],[-93.4385,48.5934],[-93.4053,48.6093],[-93.3971,48.6034],[-93.3712,48.6051],[-93.3621,48.6138],[-93.3551,48.6114],[-93.3526,48.6136],[-93.3482,48.6264],[-93.2549,48.6428],[-93.2074,48.6424],[-93.1785,48.6233],[-93.0896,48.6277],[-92.985,48.6237],[-92.9549,48.6315],[-92.9501,48.6304],[-92.9498,48.6083],[-92.9296,48.6069],[-92.91,48.5963],[-92.8947,48.5949],[-92.7281,48.5393],[-92.6579,48.5463],[-92.6349,48.5429],[-92.6255,48.5176],[-92.6315,48.5068],[-92.6272,48.5034],[-92.6367,48.4994],[-92.654,48.5016],[-92.6614,48.4966],[-92.6849,48.4976],[-92.6988,48.4949],[-92.7126,48.463],[-92.688,48.4439],[-92.656,48.4367],[-92.5756,48.4408],[-92.5372,48.4477],[-92.5073,48.4479],[-92.4892,48.4303],[-92.4821,48.4287],[-92.4756,48.4188],[-92.4563,48.4142],[-92.4564,48.4011],[-92.4768,48.3718],[-92.47,48.3518],[-92.4378,48.3098],[-92.4163,48.2955],[-92.3893,48.2533],[-92.3922,48.2511],[-92.3851,48.25],[-92.3872,48.2446],[-92.3839,48.2447],[-92.3839,48.2393],[-92.37,48.2202],[-92.368,48.2238],[-92.3621,48.2228],[-92.3533,48.23],[-92.3415,48.2317],[-92.3388,48.2348],[-92.3321,48.2338],[-92.3147,48.2405],[-92.2807,48.2443],[-92.2697,48.2482],[-92.2737,48.2568],[-92.2939,48.2703],[-92.293,48.2764],[-92.3015,48.2886],[-92.2945,48.3065],[-92.3062,48.3164],[-92.3046,48.323],[-92.2954,48.324],[-92.289,48.343],[-92.2625,48.3549],[-92.2228,48.3492],[-92.217,48.3451],[-92.2068,48.3456],[-92.2037,48.3521],[-92.1936,48.3486],[-92.1784,48.3519],[-92.1773,48.3572],[-92.162,48.3633],[-92.1451,48.3657],[-92.1436,48.3561],[-92.0835,48.3539],[-92.0779,48.3583],[-92.0552,48.3592],[-92.0457,48.3479],[-92.0466,48.3347],[-92.0377,48.3332],[-92.0309,48.3258],[-92.0001,48.3214],[-92.013,48.2974],[-92.0066,48.2654],[-91.9896,48.2602],[-91.9768,48.2445],[-91.9706,48.2481],[-91.971,48.2534],[-91.9545,48.2518],[-91.9485,48.2458],[-91.9584,48.2438],[-91.9583,48.233],[-91.9418,48.2306],[-91.9374,48.2342],[-91.9158,48.2389],[-91.8935,48.2377],[-91.8847,48.2273],[-91.8679,48.2191],[-91.8644,48.207],[-91.8158,48.2118],[-91.809,48.206],[-91.7918,48.2025],[-91.789,48.1966],[-91.7812,48.2004],[-91.7647,48.2006],[-91.7564,48.2058],[-91.7491,48.1989],[-91.742,48.1991],[-91.7423,48.2045],[-91.7152,48.1993],[-91.7116,48.1891],[-91.7214,48.1803],[-91.7246,48.1707],[-91.7094,48.1727],[-91.7053,48.1708],[-91.7085,48.1527],[-91.6982,48.1417],[-91.7,48.1318],[-91.7119,48.1146],[-91.7035,48.1136],[-91.6828,48.1221],[-91.6876,48.1117],[-91.6769,48.1073],[-91.6652,48.107],[-91.6627,48.1115],[-91.6533,48.1142],[-91.6536,48.1096],[-91.6402,48.0969],[-91.6153,48.1019],[-91.589,48.1022],[-91.5593,48.1083],[-91.553,48.103],[-91.5697,48.0934],[-91.5755,48.0663],[-91.5757,48.0488],[-91.5673,48.0437],[-91.4887,48.0681],[-91.4503,48.0688],[-91.4389,48.05],[-91.4296,48.0486],[-91.3911,48.0571],[-91.3709,48.0694],[-91.3652,48.067],[-91.3402,48.0732],[-91.3326,48.0693],[-91.3248,48.0726],[-91.2902,48.074],[-91.2664,48.0787],[-91.2501,48.0841],[-91.2349,48.0959],[-91.2144,48.1029],[-91.1902,48.1254],[-91.1832,48.1222],[-91.1377,48.1492],[-91.1429,48.1544],[-91.1201,48.1604],[-91.1149,48.1661],[-91.0923,48.1731],[-91.0827,48.1808],[-91.0656,48.1812],[-91.0556,48.188],[-91.0242,48.1901],[-91.0124,48.1981],[-91.0034,48.2002],[-91.0042,48.2026],[-90.9769,48.2194],[-90.915,48.2306],[-90.9068,48.2373],[-90.8855,48.2458],[-90.8751,48.2378],[-90.8474,48.2444],[-90.8392,48.2395],[-90.834,48.1878],[-90.8363,48.177],[-90.8326,48.1738],[-90.8246,48.1769],[-90.8258,48.1835],[-90.8211,48.1847],[-90.8177,48.1796],[-90.8042,48.1778],[-90.7966,48.1594],[-90.7859,48.1609],[-90.7813,48.1647],[-90.7774,48.1634],[-90.7779,48.1483],[-90.798,48.1369],[-90.7821,48.1354],[-90.7899,48.1299],[-90.7689,48.1166],[-90.7616,48.0983],[-90.7516,48.091],[-90.7415,48.0946],[-90.7037,48.096],[-90.6866,48.1005],[-90.6416,48.1035],[-90.6269,48.1119],[-90.5915,48.1176],[-90.5799,48.1239],[-90.5759,48.1209],[-90.5593,48.1217],[-90.5559,48.1171],[-90.5698,48.107],[-90.5675,48.1012],[-90.5568,48.096],[-90.5171,48.0994],[-90.5109,48.0974],[-90.4962,48.0988],[-90.4938,48.1013],[-90.4871,48.0991],[-90.4677,48.1088],[-90.4385,48.0988],[-90.4032,48.1051],[-90.3745,48.091],[-90.3735,48.0939],[-90.3677,48.0946],[-90.3457,48.0941],[-90.3301,48.1024],[-90.3124,48.1053],[-90.2893,48.099],[-90.2746,48.1033],[-90.2539,48.1023],[-90.2247,48.1082],[-90.1887,48.108],[-90.1766,48.1125],[-90.1642,48.1097],[-90.1362,48.1121],[-90.1163,48.1043],[-90.0916,48.1046],[-90.0739,48.1011],[-90.0236,48.0847],[-90.0151,48.0672],[-90.0085,48.0684],[-89.9979,48.0576],[-89.9938,48.049],[-89.9967,48.0366],[-89.9938,48.0282],[-89.9745,48.0231],[-89.9683,48.0145],[-89.9531,48.0107],[-89.9506,48.0159],[-89.9345,48.0156],[-89.9223,47.9973],[-89.8974,47.9876],[-89.8733,47.9854],[-89.8682,47.9899],[-89.8471,47.9922],[-89.8427,47.9974],[-89.8449,48.0031],[-89.8319,47.9994],[-89.8198,48.0151],[-89.8075,48.0172],[-89.806,48.014],[-89.8014,48.014],[-89.7919,48.0182],[-89.7794,48.0184],[-89.775,48.0226],[-89.7737,48.0201],[-89.7493,48.0233],[-89.7426,48.0198],[-89.734,48.0219],[-89.7317,48.0188],[-89.7222,48.0202],[-89.7197,48.0176],[-89.7241,48.0137],[-89.7171,48.0172],[-89.7159,48.0093],[-89.7082,48.0102],[-89.7025,48.0063],[-89.6889,48.0108],[-89.6738,48.0115],[-89.6671,48.0074],[-89.6632,48.0106],[-89.6571,48.01],[-89.6511,48.0036],[-89.6455,48.0062],[-89.638,48.0038],[-89.6372,48.0093],[-89.6179,48.011],[-89.6104,48.0178],[-89.6078,48.0066],[-89.5861,48.0014],[-89.581,47.9959],[-89.5707,47.998],[-89.5643,48.0029],[-89.4892,48.0145],[-89.3376,47.9743],[-88.6774,48.2454],[-88.3699,48.3061],[-88.0001,48.1641],[-88.0001,48.1559],[-87.8751,48.1147],[-87.7501,48.0663],[-87.7501,48.0639],[-87.6251,48.0211],[-87.5001,47.9681],[-87.0631,47.8],[-86.9406,47.7499],[-86.9492,47.7499],[-86.7501,47.672],[-86.7501,47.6749],[-86.6313,47.6249],[-86.6251,47.6178],[-86.6251,47.62],[-86.5001,47.5683],[-86.3128,47.4999],[-86.3052,47.4999],[-86.2501,47.4779],[-86.2501,47.4745],[-86.1251,47.4235],[-86.1251,47.4168],[-86.02,47.375],[-86.0274,47.375],[-86.0002,47.3619],[-86.0001,47.3673],[-85.8751,47.3163],[-85.8751,47.314],[-85.7501,47.2614],[-85.7501,47.2643],[-85.7222,47.25],[-85.2501,47.0565],[-85.1255,47],[-84.8593,46.8889],[-84.763,46.6343],[-84.557,46.4606],[-84.4756,46.4529],[-84.4452,46.489],[-84.4203,46.5011],[-84.3947,46.4993],[-84.374,46.5091],[-84.3414,46.5077],[-84.3254,46.5],[-84.293,46.4928],[-84.2758,46.4928],[-84.2654,46.4944],[-84.2544,46.5008],[-84.2261,46.5339],[-84.194,46.5402],[-84.1774,46.5269],[-84.166,46.5262],[-84.1394,46.5322],[-84.1289,46.5301],[-84.1112,46.5041],[-84.1462,46.4185],[-84.1389,46.3722],[-84.1191,46.337],[-84.1063,46.322],[-84.1196,46.315],[-84.1156,46.2682],[-84.0978,46.2565],[-84.1081,46.2412],[-84.0858,46.21],[-84.077,46.1876],[-84.0057,46.1496],[-84.0059,46.1185],[-83.9761,46.1026],[-83.9554,46.0572],[-83.9035,46.0609],[-83.8262,46.1193],[-83.7595,46.1032],[-83.6547,46.1221],[-83.5715,46.106],[-83.4336,45.9989],[-83.6369,45.774],[-83.484,45.7719],[-83,45.5564],[-82.5206,45.3359],[-82.3749,44.7164],[-82.123,43.5908],[-82.39,43.0622],[-82.411,43.0113],[-82.4237,42.9985],[-82.4231,42.9884],[-82.4135,42.9769],[-82.4167,42.9664],[-82.456,42.9258],[-82.4697,42.8876],[-82.4687,42.8521],[-82.4826,42.8087],[-82.4706,42.7837],[-82.4677,42.7619],[-82.4834,42.7335],[-82.484,42.7179],[-82.5109,42.665],[-82.51,42.6368],[-82.5233,42.6075],[-82.5788,42.566],[-82.5841,42.5541],[-82.59,42.551],[-82.607,42.5483],[-82.6243,42.5571],[-82.6337,42.5568],[-82.6431,42.5543],[-82.6619,42.5418],[-82.8303,42.3735],[-82.9455,42.3474],[-82.9598,42.34],[-82.9892,42.3325],[-83.0262,42.3289],[-83.0636,42.3169],[-83.08,42.3072],[-83.0977,42.2897],[-83.1264,42.2384],[-83.1344,42.1746],[-83.1192,42.1253],[-83.1495,42.0403],[-83.0693,41.8642],[-82.6811,41.6763],[-82.3984,41.6765],[-81.7092,42],[-81.6865,42],[-81.2498,42.2164],[-80.5199,42.3271],[-80.519,40.6388],[-80.5511,40.6289],[-80.5767,40.6142],[-80.5988,40.6253],[-80.6272,40.6199],[-80.6635,40.5908],[-80.6678,40.5835],[-80.6644,40.57],[-80.6524,40.5626],[-80.6275,40.5358],[-80.618,40.5021],[-80.5954,40.4753],[-80.596,40.4634],[-80.6122,40.4348],[-80.6123,40.4028],[-80.6322,40.3937],[-80.6327,40.3905],[-80.6314,40.3857],[-80.6097,40.375],[-80.6128,40.3477],[-80.5999,40.3177],[-80.6029,40.3071],[-80.6149,40.292],[-80.6193,40.2652],[-80.6521,40.245],[-80.6615,40.2298],[-80.6681,40.1997],[-80.6861,40.1816],[-80.7056,40.1535],[-80.7102,40.1383],[-80.7095,40.1003],[-80.7382,40.0786],[-80.731,40.0443],[-80.7422,40.0086],[-80.7401,39.9708],[-80.7579,39.9597],[-80.7643,39.95],[-80.7561,39.9134],[-80.7634,39.9086],[-80.787,39.9184],[-80.7997,39.9196],[-80.8068,39.9163],[-80.8092,39.9039],[-80.794,39.8828],[-80.7908,39.8673],[-80.7999,39.8589],[-80.8243,39.8472],[-80.827,39.8417],[-80.8222,39.8117],[-80.8261,39.7986],[-80.8631,39.7752],[-80.8703,39.7632],[-80.8653,39.7533],[-80.846,39.7387],[-80.8316,39.7195],[-80.8319,39.7057],[-80.8637,39.6917],[-80.8666,39.6526],[-80.8804,39.6207],[-80.8922,39.6168],[-80.9283,39.6166],[-80.9735,39.5885],[-81.071,39.5156],[-81.1008,39.4872],[-81.1325,39.4463],[-81.1676,39.4401],[-81.1851,39.4315],[-81.2082,39.4072],[-81.2117,39.393],[-81.2173,39.3876],[-81.2236,39.3861],[-81.2444,39.3904],[-81.2703,39.3861],[-81.3018,39.3722],[-81.3449,39.3468],[-81.376,39.3417],[-81.3846,39.3435],[-81.3938,39.3517],[-81.4067,39.3881],[-81.4127,39.3946],[-81.4356,39.4085],[-81.4561,39.4093],[-81.4732,39.4002],[-81.5032,39.3732],[-81.5423,39.3529],[-81.5576,39.3388],[-81.5653,39.2762],[-81.5703,39.2677],[-81.5856,39.2688],[-81.6058,39.2759],[-81.6222,39.2737],[-81.6453,39.2773],[-81.6702,39.276],[-81.6848,39.27],[-81.6966,39.2561],[-81.6919,39.227],[-81.7009,39.2209],[-81.7256,39.2159],[-81.7369,39.1926],[-81.7562,39.1805],[-81.7428,39.1427],[-81.7461,39.097],[-81.7608,39.0841],[-81.7756,39.0784],[-81.8067,39.0841],[-81.8139,39.0797],[-81.8081,39.0538],[-81.7729,39.0262],[-81.7643,39.0153],[-81.7652,39.0026],[-81.7741,38.9937],[-81.7818,38.9649],[-81.7788,38.9559],[-81.757,38.9372],[-81.7627,38.9241],[-81.7741,38.923],[-81.7857,38.9262],[-81.8112,38.9447],[-81.8274,38.9459],[-81.8445,38.9288],[-81.8453,38.9101],[-81.856,38.8927],[-81.8892,38.8743],[-81.903,38.8761],[-81.928,38.8935],[-81.9267,38.9013],[-81.8985,38.9296],[-81.9332,38.9877],[-81.9515,38.996],[-81.9794,38.9932],[-81.9914,39.0184],[-82.0045,39.0289],[-82.0219,39.0295],[-82.0378,39.0239],[-82.0516,38.9944],[-82.0916,38.9738],[-82.1091,38.9456],[-82.1117,38.9326],[-82.1294,38.9079],[-82.1432,38.8981],[-82.1454,38.8842],[-82.1392,38.865],[-82.1455,38.8397],[-82.1636,38.8234],[-82.1912,38.8151],[-82.2114,38.8012],[-82.2216,38.7872],[-82.2196,38.7723],[-82.1989,38.7577],[-82.188,38.7331],[-82.1869,38.7223],[-82.1918,38.7376],[-82.1938,38.7357],[-82.1826,38.7068],[-82.1909,38.6804],[-82.1722,38.6272],[-82.1773,38.6038],[-82.1888,38.595],[-82.2052,38.5917],[-82.2215,38.5913],[-82.2467,38.5986],[-82.2621,38.5982],[-82.2743,38.5937],[-82.2913,38.579],[-82.2957,38.5385],[-82.304,38.5177],[-82.3042,38.4963],[-82.3181,38.4579],[-82.3303,38.4445],[-82.3818,38.4348],[-82.4049,38.4394],[-82.5397,38.4039],[-82.5716,38.4051],[-82.5888,38.4136],[-82.5935,38.4218],[-82.596,38.4179],[-82.5946,38.3983],[-82.5995,38.39],[-82.5928,38.3756],[-82.5976,38.3649],[-82.5981,38.3459],[-82.5767,38.3285],[-82.5718,38.3172],[-82.583,38.2968],[-82.5741,38.2746],[-82.5746,38.2639],[-82.5833,38.2468],[-82.6046,38.2477],[-82.6122,38.2363],[-82.6086,38.2235],[-82.5983,38.2174],[-82.5991,38.1972],[-82.6116,38.1713],[-82.6194,38.1689],[-82.6389,38.1712],[-82.6445,38.1653],[-82.6386,38.1559],[-82.6366,38.138],[-82.6218,38.1333],[-82.6192,38.1205],[-82.6062,38.1208],[-82.587,38.1087],[-82.5834,38.09],[-82.5499,38.0695],[-82.5442,38.0526],[-82.5371,38.0447],[-82.5387,38.0374],[-82.5263,38.027],[-82.5251,38.0175],[-82.5156,38.0066],[-82.5192,38.0011],[-82.4887,37.9989],[-82.4836,37.9839],[-82.4722,37.9867],[-82.4646,37.9839],[-82.4689,37.9732],[-82.4844,37.9709],[-82.4845,37.9636],[-82.4718,37.9587],[-82.4856,37.9458],[-82.4976,37.946],[-82.497,37.942],[-82.4893,37.9382],[-82.4913,37.9358],[-82.5,37.9368],[-82.5022,37.9331],[-82.4959,37.927],[-82.4807,37.9262],[-82.4883,37.9177],[-82.4756,37.9119],[-82.4744,37.9],[-82.4684,37.9032],[-82.468,37.9139],[-82.463,37.9148],[-82.46,37.9095],[-82.4519,37.9086],[-82.4376,37.8998],[-82.432,37.8899],[-82.4199,37.8849],[-82.4176,37.8703],[-82.4075,37.8673],[-82.4246,37.8615],[-82.4147,37.856],[-82.4205,37.8464],[-82.4129,37.8448],[-82.4087,37.8361],[-82.3993,37.8295],[-82.4013,37.8095],[-82.3966,37.8089],[-82.3867,37.8182],[-82.3766,37.8022],[-82.369,37.8013],[-82.349,37.7869],[-82.3401,37.7856],[-82.3375,37.7749],[-82.3239,37.775],[-82.3334,37.7644],[-82.3285,37.7621],[-82.312,37.7643],[-82.3113,37.7613],[-82.32,37.7586],[-82.3213,37.7516],[-82.3342,37.7428],[-82.3189,37.7337],[-82.3077,37.708],[-82.2964,37.7022],[-82.3029,37.6936],[-82.2959,37.6862],[-82.3043,37.6761],[-82.295,37.6781],[-82.2946,37.6704],[-82.2881,37.6681],[-82.2825,37.6759],[-82.2713,37.6636],[-82.2581,37.6569],[-82.2409,37.6615],[-82.2361,37.6596],[-82.2262,37.6529],[-82.2242,37.6447],[-82.2169,37.6416],[-82.2205,37.6348],[-82.2145,37.6254],[-82.1872,37.627],[-82.1911,37.6446],[-82.1858,37.6486],[-82.1751,37.6478],[-82.1776,37.6409],[-82.1724,37.6326],[-82.1817,37.6272],[-82.1812,37.6215],[-82.1767,37.6182],[-82.169,37.6219],[-82.1642,37.6203],[-82.1688,37.6091],[-82.1567,37.609],[-82.1569,37.5927],[-82.1484,37.5907],[-82.1399,37.595],[-82.1313,37.5927],[-82.1273,37.5866],[-82.1262,37.5737],[-82.1418,37.5711],[-82.1449,37.5677],[-82.1344,37.5629],[-82.1321,37.5524],[-82.1234,37.5515],[-82.118,37.559],[-82.1048,37.5602],[-82.104,37.5529],[-82.0752,37.5559],[-82.0639,37.5431],[-82.0648,37.5372],[-82.0503,37.5354],[-82.0462,37.5279],[-82.042,37.5342],[-82.0451,37.5457],[-82.0423,37.5482],[-82.0296,37.5379],[-82.0185,37.5404],[-82.016,37.534],[-82.0112,37.5329],[-81.9982,37.5433],[-81.9942,37.5378],[-81.9891,37.5428],[-81.9812,37.5423],[-81.9732,37.5466],[-81.9649,37.5417],[-82.316,37.2948],[-82.3246,37.283],[-82.3436,37.2809],[-82.342,37.2741],[-82.3489,37.2719],[-82.3488,37.268],[-82.4303,37.2469],[-82.4398,37.2471],[-82.4574,37.2382],[-82.4864,37.2311],[-82.4916,37.2249],[-82.4988,37.227],[-82.5208,37.2121],[-82.5247,37.215],[-82.53,37.2133],[-82.5329,37.2066],[-82.5506,37.2045],[-82.5923,37.183],[-82.5975,37.1771],[-82.6236,37.1644],[-82.6334,37.1544],[-82.6533,37.1512],[-82.6567,37.1447],[-82.6767,37.1349],[-82.6829,37.137],[-82.7214,37.1208],[-82.7267,37.1148],[-82.7217,37.101],[-82.725,37.0918],[-82.7167,37.0774],[-82.7267,37.073],[-82.7224,37.045],[-82.7258,37.0423],[-82.7428,37.0428],[-82.7479,37.0244],[-82.7595,37.0273],[-82.7719,37.0157],[-82.7772,37.016],[-82.7829,37.0078],[-82.7937,37.0055],[-82.7979,37.0096],[-82.8225,37.0041],[-82.8287,37.0058],[-82.8302,36.9944],[-82.8373,36.9873],[-82.8452,36.9838],[-82.8536,36.9853],[-82.857,36.9789],[-82.8675,36.9781],[-82.8701,36.965],[-82.8659,36.9583],[-82.8556,36.9542],[-82.8623,36.9413],[-82.8577,36.9287],[-82.8774,36.9085],[-82.868,36.9001],[-82.8774,36.8955],[-82.8787,36.8895],[-82.9074,36.8793],[-82.9078,36.8748],[-82.9516,36.8662],[-82.9708,36.8576],[-82.9786,36.8598],[-82.9986,36.8566],[-83.0066,36.8477],[-83.0221,36.8499],[-83.0266,36.8556],[-83.0478,36.8517],[-83.0728,36.8545],[-83.0752,36.8407],[-83.0875,36.8382],[-83.1019,36.8282],[-83.0985,36.8135],[-83.1043,36.804],[-83.1232,36.7867],[-83.1332,36.7846],[-83.129,36.7758],[-83.1325,36.7644],[-83.1256,36.7616],[-83.128,36.7507],[-83.1344,36.7494],[-83.1351,36.7426],[-83.1948,36.7395],[-83.3097,36.7106],[-83.3868,36.6866],[-83.3965,36.6769],[-83.4247,36.6673],[-83.4666,36.6647],[-83.4992,36.6704],[-83.5302,36.6661],[-83.5371,36.6589],[-83.5624,36.6513],[-83.5776,36.6414],[-83.5865,36.6439],[-83.6139,36.6349],[-83.624,36.6255],[-83.6451,36.6243],[-83.6493,36.6168],[-83.6754,36.6008],[-83.5569,36.5974],[-83.2763,36.5982],[-83.2489,36.5938],[-81.9341,36.5942],[-81.9226,36.6162],[-81.6469,36.6119],[-81.6802,36.5859],[-81.6767,36.572],[-81.6912,36.5677],[-81.6902,36.5516],[-81.6998,36.5368],[-81.7081,36.5357],[-81.708,36.5243],[-81.703,36.5214],[-81.6968,36.506],[-81.7002,36.4986],[-81.6959,36.4917],[-81.6949,36.4674],[-81.7168,36.4565],[-81.7137,36.4474],[-81.7176,36.4451],[-81.7146,36.4371],[-81.7212,36.434],[-81.719,36.4256],[-81.7343,36.4125],[-81.742,36.4111],[-81.739,36.395],[-81.7286,36.3912],[-81.7346,36.3796],[-81.7261,36.3689],[-81.7239,36.3558],[-81.7174,36.3478],[-81.7073,36.3455],[-81.7074,36.3352],[-81.736,36.343],[-81.7457,36.3376],[-81.7649,36.3387],[-81.7789,36.3486],[-81.7897,36.3483],[-81.7931,36.3625],[-81.8102,36.3519],[-81.8333,36.3474],[-81.855,36.3373],[-81.879,36.314],[-81.9081,36.302],[-82.0293,36.1235],[-82.0336,36.1204],[-82.0541,36.1268],[-82.0613,36.1131],[-82.0797,36.1065],[-82.0804,36.103],[-82.1054,36.1081],[-82.1298,36.1043],[-82.138,36.1196],[-82.1366,36.1288],[-82.148,36.1495],[-82.1591,36.1458],[-82.1722,36.1464],[-82.1769,36.1422],[-82.1843,36.1449],[-82.1875,36.1511],[-82.1926,36.1489],[-82.201,36.1565],[-82.2126,36.1591],[-82.2221,36.1569],[-82.2293,36.1445],[-82.2451,36.131],[-82.2545,36.136],[-82.2668,36.1269],[-82.2804,36.1288],[-82.2895,36.1357],[-82.3361,36.115],[-82.3552,36.1156],[-82.4102,36.0827],[-82.4608,36.0077],[-82.4823,35.9978],[-82.5054,35.9777],[-82.5497,35.9643],[-82.5579,35.9539],[-82.5752,35.9584],[-82.581,35.9656],[-82.6109,35.9674],[-82.6042,35.9873],[-82.613,35.994],[-82.6144,36.0035],[-82.6083,36.0085],[-82.6083,36.0153],[-82.6029,36.0179],[-82.6033,36.023],[-82.5907,36.032],[-82.592,36.0357],[-82.6018,36.036],[-82.6095,36.0448],[-82.6182,36.047],[-82.618,36.0554],[-82.6325,36.0658],[-82.6707,36.0528],[-82.6843,36.0456],[-82.6889,36.0386],[-82.7149,36.0288],[-82.7157,36.023],[-82.7251,36.0182],[-82.7389,36.015],[-82.7545,36.0043],[-82.7759,36.0008],[-82.7857,35.9888],[-82.7856,35.9778],[-82.7749,35.972],[-82.7845,35.9639],[-82.7875,35.9522],[-82.8059,35.9379],[-82.805,35.9272],[-82.8219,35.9218],[-82.8289,35.9329],[-82.8388,35.9375],[-82.8458,35.9463],[-82.8742,35.9527],[-82.8985,35.9451],[-82.9021,35.9268],[-82.9199,35.9288],[-82.9133,35.9241],[-82.9145,35.9152],[-82.9082,35.9111],[-82.9011,35.893],[-82.9064,35.8837],[-82.8962,35.8791],[-82.9064,35.8703],[-82.9206,35.8685],[-82.921,35.8511],[-82.9163,35.8416],[-82.934,35.8366],[-82.936,35.8256],[-82.9455,35.8247],[-82.9617,35.8005],[-82.963,35.7901],[-82.9697,35.7897],[-82.9958,35.7731],[-83.0362,35.7874],[-83.0441,35.7854],[-83.0527,35.7896],[-83.064,35.7866],[-83.0785,35.7896],[-83.0972,35.7761],[-83.1202,35.7662],[-83.1592,35.7649],[-83.1702,35.7461],[-83.1775,35.7439],[-83.1857,35.7299],[-83.2145,35.7244],[-83.2407,35.7268],[-83.2513,35.7199],[-83.2555,35.715],[-83.2507,35.7094],[-83.2576,35.7054],[-83.2542,35.6958],[-83.2696,35.6862],[-83.2714,35.6815],[-83.2892,35.6745],[-83.2972,35.6578],[-83.3128,35.6548],[-83.3211,35.6628],[-83.335,35.6655],[-83.3516,35.6599],[-83.3669,35.6387],[-83.3887,35.6336],[-83.3966,35.6227],[-83.4216,35.6112],[-83.4458,35.6118],[-83.4557,35.5981],[-83.4791,35.5833],[-83.4852,35.5684],[-83.498,35.5631],[-83.5661,35.566],[-83.5856,35.5629],[-83.5965,35.5748],[-83.6089,35.5795],[-83.6153,35.574],[-83.6297,35.5679],[-83.6346,35.5703],[-83.641,35.5657],[-83.6565,35.57],[-83.6888,35.5678],[-83.6952,35.5703],[-83.7235,35.5619],[-83.7357,35.5655],[-83.7481,35.5599],[-83.7569,35.5636],[-83.7717,35.5621],[-83.7801,35.5504],[-83.8024,35.5416],[-83.8256,35.5238],[-83.8485,35.5193],[-83.8593,35.5219],[-83.8801,35.5188],[-83.9014,35.4966],[-83.9118,35.476],[-83.937,35.4715],[-83.9506,35.4608],[-83.9611,35.4642],[-83.9645,35.4543],[-83.9732,35.453],[-83.9725,35.4474],[-83.9799,35.4482],[-83.9838,35.4406],[-83.9921,35.4404],[-83.9999,35.4337],[-84.0013,35.4233],[-84.0147,35.412],[-84.0233,35.4115],[-84.0188,35.3998],[-84.0082,35.3904],[-84.0112,35.3844],[-84.0074,35.3716],[-84.0235,35.3542],[-84.0383,35.3478],[-84.0341,35.3433],[-84.0362,35.3377],[-84.0294,35.3332],[-84.0357,35.3129],[-84.0265,35.3093],[-84.0214,35.301],[-84.0465,35.2742],[-84.0557,35.2682],[-84.0811,35.2612],[-84.0825,35.2561],[-84.0981,35.2472],[-84.1196,35.2523],[-84.1253,35.2499],[-84.1271,35.241],[-84.1479,35.247],[-84.1613,35.2435],[-84.1699,35.2464],[-84.1785,35.2407],[-84.1884,35.24],[-84.1931,35.2448],[-84.2001,35.2447],[-84.2028,35.2557],[-84.211,35.2655],[-84.2237,35.2691],[-84.2832,35.2266],[-84.2902,35.2256],[-84.3219,34.9884],[-84.9528,34.9879],[-85.3948,34.983],[-85.6052,34.9847],[-85.5614,34.7501],[-85.4295,34.1251],[-85.1844,32.8613],[-85.1771,32.8539],[-85.1687,32.8526],[-85.1623,32.8565],[-85.1563,32.8505],[-85.154,32.8408],[-85.1683,32.8285],[-85.1648,32.8198],[-85.1681,32.8118],[-85.152,32.7942],[-85.1422,32.7921],[-85.1397,32.7852],[-85.1223,32.7744],[-85.1309,32.7696],[-85.1367,32.7712],[-85.143,32.7599],[-85.1331,32.7446],[-85.1186,32.7408],[-85.1133,32.7358],[-85.1227,32.716],[-85.1181,32.7094],[-85.117,32.692],[-85.1126,32.6834],[-85.0935,32.6697],[-85.0885,32.6578],[-85.1043,32.6464],[-85.1045,32.641],[-85.1001,32.6346],[-85.0831,32.6362],[-85.0909,32.6251],[-85.0822,32.6163],[-85.079,32.6002],[-85.0675,32.5796],[-85.0579,32.5747],[-85.0437,32.5565],[-85.0357,32.554],[-85.0314,32.5442],[-85.0208,32.5428],[-85.0153,32.5277],[-85.0071,32.5239],[-84.9965,32.5016],[-84.9949,32.4801],[-84.9985,32.4687],[-84.9953,32.4532],[-84.9718,32.4428],[-84.963,32.4243],[-84.9794,32.4123],[-84.981,32.4061],[-84.9799,32.4001],[-84.9687,32.3915],[-84.983,32.392],[-84.9884,32.3852],[-84.9863,32.3803],[-84.9748,32.3803],[-84.9722,32.3769],[-84.9853,32.3725],[-84.9839,32.3624],[-85.0046,32.3452],[-85.0064,32.3268],[-85.0003,32.3214],[-84.9347,32.2989],[-84.9229,32.2853],[-84.8883,32.2597],[-84.9012,32.2584],[-84.9072,32.2491],[-84.9244,32.2502],[-84.9232,32.2447],[-84.9154,32.2461],[-84.9127,32.2434],[-84.9282,32.2199],[-84.9733,32.2177],[-84.9802,32.2078],[-84.9744,32.2036],[-84.9646,32.2036],[-84.9637,32.1959],[-85.0113,32.1805],[-85.0456,32.1438],[-85.0616,32.1334],[-85.0448,32.0858],[-85.0558,32.0744],[-85.0588,32.047],[-85.0535,32.0378],[-85.0571,32.0299],[-85.0488,32.0217],[-85.0537,32.0207],[-85.0551,32.0107],[-85.0673,31.9956],[-85.0709,31.9817],[-85.0659,31.9725],[-85.0678,31.9674],[-85.0867,31.9592],[-85.0789,31.9402],[-85.0995,31.9253],[-85.1024,31.9174],[-85.1131,31.9119],[-85.108,31.9052],[-85.1122,31.9028],[-85.112,31.8948],[-85.1341,31.8922],[-85.1284,31.8776],[-85.1407,31.8575],[-85.1377,31.8459],[-85.1418,31.8393],[-85.1321,31.828],[-85.1312,31.8153],[-85.1324,31.7935],[-85.1418,31.7813],[-85.1255,31.7679],[-85.1292,31.7587],[-85.1189,31.7327],[-85.1265,31.7168],[-85.1255,31.695],[-85.1139,31.6869],[-85.0924,31.66],[-85.0791,31.6548],[-85.0862,31.6386],[-85.0582,31.6202],[-85.058,31.5708],[-85.0414,31.5425],[-85.0483,31.526],[-85.045,31.5182],[-85.0716,31.4684],[-85.066,31.4305],[-85.0759,31.4249],[-85.08,31.4105],[-85.0776,31.3989],[-85.0923,31.3641],[-85.0918,31.3552],[-85.0859,31.3532],[-85.0894,31.336],[-85.0837,31.3239],[-85.0898,31.295],[-85.0987,31.2845],[-85.1146,31.2773],[-85.1124,31.2596],[-85.0968,31.2257],[-85.0987,31.2113],[-85.107,31.2027],[-85.1077,31.1874],[-85.0985,31.1802],[-85.1002,31.1655],[-85.0766,31.1569],[-85.064,31.1425],[-85.0547,31.1208],[-85.0356,31.1082],[-85.0261,31.0842],[-85.0286,31.0746],[-85.0088,31.0456],[-85.0094,31.0324],[-84.9994,31.0138],[-85.0025,31.0007],[-85.9986,30.9929],[-86.5202,30.9933],[-87.0402,30.9996],[-87.2377,30.9964],[-87.5988,30.9975],[-87.589,30.9614],[-87.6155,30.9021],[-87.6218,30.8977],[-87.6203,30.8874],[-87.6291,30.8804],[-87.6349,30.8665],[-87.626,30.8574],[-87.6267,30.8473],[-87.6171,30.8403],[-87.6152,30.8342],[-87.6043,30.8314],[-87.6001,30.8205],[-87.5796,30.8109],[-87.5718,30.8002],[-87.5454,30.7794],[-87.5461,30.7721],[-87.536,30.7612],[-87.53,30.741],[-87.5106,30.7329],[-87.5019,30.7213],[-87.4813,30.717],[-87.4793,30.7096],[-87.4698,30.705],[-87.4681,30.7002],[-87.458,30.6964],[-87.4496,30.699],[-87.419,30.6785],[-87.4065,30.6752],[-87.4031,30.6575],[-87.3968,30.6549],[-87.3943,30.6456],[-87.3967,30.6089],[-87.4076,30.6009],[-87.412,30.5742],[-87.4185,30.5701],[-87.418,30.5621],[-87.4254,30.5603],[-87.4276,30.5537],[-87.4351,30.5491],[-87.4353,30.5429],[-87.4416,30.5375],[-87.439,30.5303],[-87.4439,30.5315],[-87.448,30.5266],[-87.4438,30.524],[-87.4473,30.522],[-87.4445,30.5143],[-87.4504,30.5145],[-87.431,30.4983],[-87.4284,30.4885],[-87.4339,30.4877],[-87.4356,30.4805],[-87.4251,30.4656],[-87.3999,30.451],[-87.3708,30.4469],[-87.3666,30.4367],[-87.403,30.4104],[-87.4227,30.4101],[-87.4296,30.4065],[-87.4407,30.3915],[-87.4387,30.3808],[-87.4514,30.3672],[-87.4511,30.3456],[-87.4611,30.3353],[-87.4982,30.3295],[-87.5047,30.324],[-87.5035,30.3076],[-87.4837,30.3048],[-87.4501,30.3111],[-87.4524,30.3002],[-87.5184,30.2839],[-87.5184,30.2295],[-87.6478,30.1992],[-87.8072,30.1774],[-87.9874,30.1779],[-88.0036,30.1734],[-88.0208,30.1552],[-88.0461,30.1447],[-88.0749,30.1472],[-88.1034,30.1664],[-88.1285,30.1721],[-88.162,30.2001],[-88.303,30.178],[-88.3249,30.1802],[-88.3477,30.1901],[-88.3598,30.1745],[-88.3852,30.1581],[-88.4194,30.1492],[-88.45,30.1461],[-88.5098,30.1579],[-88.5459,30.1767],[-88.5866,30.1691],[-88.6774,30.1797],[-88.7174,30.1909],[-88.7653,30.1899],[-88.8006,30.2024],[-88.8214,30.2174],[-88.8504,30.1923],[-88.9003,30.17],[-88.889,30.1399],[-88.8549,30.1355],[-88.8344,30.0907],[-88.8085,30.0655],[-88.7782,30.0141],[-88.7645,29.9719],[-88.7584,29.9183],[-88.7706,29.8301],[-88.8047,29.7448],[-88.8234,29.715],[-88.8699,29.6571],[-88.9127,29.6118],[-88.9602,29.5771],[-89.0529,29.48],[-89.0723,29.4708],[-89.1195,29.4581],[-89.1421,29.4295],[-89.1376,29.3814],[-89.1216,29.3665],[-89.1122,29.3397],[-89.0945,29.3289],[-89.0694,29.2943],[-89.0226,29.2745],[-89.0001,29.2715],[-88.9824,29.2632],[-88.9675,29.2626],[-88.9421,29.2537],[-88.9183,29.2363],[-88.9088,29.2102],[-88.9177,29.1794],[-88.9133,29.1546],[-88.9173,29.1336],[-88.9278,29.1173],[-88.9458,29.104],[-88.9674,29.0951],[-88.9854,29.0942],[-88.9969,29.0853],[-89.0029,29.0488],[-89.0127,29.0277],[-89.0259,29.0156],[-89.0456,29.0069],[-89.0888,28.9612],[-89.0961,28.9425],[-89.1149,28.9264],[-89.1333,28.9197],[-89.151,28.9191],[-89.1853,28.9305],[-89.2049,28.9529],[-89.2096,28.9702],[-89.2349,28.9872],[-89.2796,28.9778],[-89.3052,28.9561],[-89.3241,28.9307],[-89.3847,28.8715],[-89.401,28.8606],[-89.4182,28.856],[-89.4416,28.8562],[-89.4673,28.8665],[-89.4835,28.881],[-89.4921,28.9015],[-89.4902,28.9244],[-89.4694,28.9562],[-89.4657,28.9744],[-89.4634,29.0828],[-89.4687,29.1075],[-89.4812,29.1222],[-89.4861,29.1372],[-89.5103,29.1653],[-89.5537,29.186],[-89.5992,29.1979],[-90.0323,29.135],[-90.0556,29.122],[-90.1251,29.0699],[-90.1627,29.0513],[-90.2101,29.0331],[-90.2391,29.0331],[-90.3443,29.0032],[-90.3684,29.0034],[-90.4094,28.9953],[-90.4918,29.0118],[-90.5526,29.0368],[-90.7072,28.9958],[-90.7469,28.9886],[-90.8227,28.9859],[-90.8646,28.9916],[-90.9205,28.9925],[-90.9703,29.005],[-90.9935,29.015],[-91.0088,29.0269],[-91.0208,29.0461],[-91.023,29.0674],[-91.0121,29.0905],[-90.9894,29.1065],[-90.9604,29.1111],[-90.9749,29.1215],[-91.02,29.1218],[-91.1033,29.1384],[-91.1254,29.1465],[-91.1459,29.163],[-91.1598,29.1684],[-91.2079,29.1712],[-91.2927,29.1962],[-91.3187,29.2084],[-91.3417,29.2275],[-91.3917,29.2819],[-91.405,29.2881],[-91.4211,29.3028],[-91.5297,29.3445],[-91.5608,29.3454],[-91.5943,29.3603],[-91.6247,29.3639],[-91.6441,29.3756],[-91.6625,29.3746],[-91.6889,29.3616],[-91.7122,29.3606],[-91.7367,29.3697],[-91.749,29.3807],[-91.7775,29.3961],[-91.7932,29.3825],[-91.8328,29.3626],[-91.8598,29.3589],[-91.8769,29.3627],[-91.8964,29.3741],[-91.9064,29.3874],[-91.913,29.4057],[-91.9132,29.4202],[-91.9648,29.4394],[-91.9839,29.4607],[-92.0073,29.4634],[-92.0228,29.4706],[-92.0365,29.4833],[-92.0456,29.5058],[-92.0781,29.5315],[-92.1141,29.5351],[-92.1467,29.532],[-92.1833,29.5183],[-92.2317,29.4919],[-92.2937,29.4815],[-92.3537,29.4887],[-92.405,29.5003],[-92.625,29.5283],[-92.6867,29.5441],[-92.7676,29.5709],[-92.9645,29.6545],[-93.0291,29.6779],[-93.1252,29.7062],[-93.1881,29.7208],[-93.2408,29.7273],[-93.2874,29.7243],[-93.2983,29.7103],[-93.3108,29.702],[-93.3393,29.6951],[-93.3655,29.6994],[-93.3873,29.7138],[-93.4328,29.7185],[-93.4878,29.7178],[-93.6662,29.6978],[-93.7227,29.6879],[-93.7702,29.6708],[-93.7655,29.6441],[-93.7704,29.6239],[-93.7859,29.6059],[-93.8007,29.5983],[-93.8144,29.5966],[-93.8374,29.6899],[-93.87,29.7355],[-93.8916,29.7446],[-93.8939,29.7673],[-93.9224,29.7851],[-93.9288,29.7971],[-93.9257,29.8147],[-93.9164,29.825],[-93.8636,29.8572],[-93.8384,29.8829],[-93.8173,29.9184],[-93.8078,29.9546],[-93.7886,29.9888],[-93.7706,29.9965],[-93.7566,30.0142],[-93.7411,30.0216],[-93.7375,30.0373],[-93.7208,30.053],[-93.7179,30.0656],[-93.7138,30.0657],[-93.7111,30.0544],[-93.7042,30.0542],[-93.6995,30.0586],[-93.7031,30.0663],[-93.717,30.0696],[-93.7341,30.0861],[-93.7311,30.0895],[-93.724,30.0826],[-93.7238,30.0941],[-93.7155,30.1005],[-93.7123,30.109],[-93.7024,30.1127],[-93.708,30.12],[-93.7009,30.1231],[-93.7012,30.1375],[-93.6929,30.1352],[-93.6882,30.1414],[-93.6933,30.1419],[-93.6977,30.153],[-93.7095,30.1467],[-93.7,30.1755],[-93.7042,30.1742],[-93.7056,30.1807],[-93.7107,30.1799],[-93.7088,30.1864],[-93.7124,30.1872],[-93.7126,30.1925],[-93.7055,30.1929],[-93.7091,30.1972],[-93.7175,30.1931],[-93.7142,30.2087],[-93.7174,30.2062],[-93.7213,30.2096],[-93.7171,30.212],[-93.717,30.2161],[-93.7207,30.2155],[-93.7185,30.22],[-93.7131,30.2186],[-93.7112,30.2221],[-93.7111,30.2353],[-93.7045,30.2338],[-93.7095,30.2385],[-93.7031,30.2385],[-93.7095,30.2449],[-93.7055,30.2465],[-93.7089,30.2517],[-93.703,30.2605],[-93.7073,30.2615],[-93.7088,30.2659],[-93.7055,30.2678],[-93.7087,30.2674],[-93.7104,30.2732],[-93.7041,30.2794],[-93.7094,30.2819],[-93.7046,30.29],[-93.7084,30.2926],[-93.7129,30.2879],[-93.7155,30.2956],[-93.7154,30.2928],[-93.7376,30.2994],[-93.7346,30.3017],[-93.7385,30.3038],[-93.7424,30.3011],[-93.7444,30.3055],[-93.7409,30.3072],[-93.7486,30.312],[-93.7478,30.3188],[-93.7562,30.326],[-93.7517,30.3294],[-93.7553,30.3284],[-93.7573,30.3324],[-93.763,30.3295],[-93.7658,30.3328],[-93.7587,30.339],[-93.7657,30.3434],[-93.7595,30.3423],[-93.7637,30.346],[-93.7577,30.35],[-93.7625,30.353],[-93.7581,30.3547],[-93.7608,30.3599],[-93.7568,30.3562],[-93.751,30.3599],[-93.7592,30.368],[-93.7547,30.3665],[-93.7577,30.3904],[-93.7368,30.4055],[-93.7339,30.4149],[-93.7287,30.4136],[-93.7276,30.4187],[-93.7228,30.4196],[-93.7268,30.4236],[-93.7261,30.4307],[-93.7228,30.432],[-93.7181,30.4226],[-93.7128,30.4332],[-93.7023,30.4298],[-93.7042,30.4344],[-93.6976,30.4422],[-93.6983,30.4449],[-93.7075,30.4451],[-93.7021,30.4498],[-93.7063,30.4581],[-93.699,30.4588],[-93.7119,30.4694],[-93.7105,30.4755],[-93.7174,30.4838],[-93.7098,30.4827],[-93.7171,30.4945],[-93.7087,30.4991],[-93.7152,30.5013],[-93.7068,30.5071],[-93.7077,30.5111],[-93.7118,30.5109],[-93.7077,30.5213],[-93.7165,30.5192],[-93.7328,30.53],[-93.7324,30.5364],[-93.7403,30.5396],[-93.7288,30.5453],[-93.7314,30.5529],[-93.724,30.5592],[-93.7279,30.5741],[-93.7215,30.5806],[-93.7151,30.579],[-93.7138,30.5876],[-93.6929,30.5944],[-93.6878,30.5901],[-93.6922,30.5857],[-93.6866,30.5857],[-93.6851,30.5921],[-93.679,30.5936],[-93.6834,30.6083],[-93.6891,30.6114],[-93.682,30.6186],[-93.6851,30.6252],[-93.6804,30.6349],[-93.683,30.6413],[-93.6705,30.6526],[-93.6704,30.658],[-93.6598,30.6621],[-93.655,30.6702],[-93.6486,30.6677],[-93.6453,30.6735],[-93.6382,30.6731],[-93.6299,30.6799],[-93.6204,30.6941],[-93.6247,30.6999],[-93.6164,30.7124],[-93.6172,30.7186],[-93.6054,30.7172],[-93.6137,30.7221],[-93.6096,30.7231],[-93.6098,30.7273],[-93.6177,30.7289],[-93.6091,30.73],[-93.619,30.7403],[-93.6084,30.7467],[-93.6144,30.7602],[-93.6092,30.7573],[-93.6059,30.7646],[-93.6037,30.7601],[-93.5921,30.7637],[-93.5927,30.7751],[-93.5832,30.7786],[-93.5894,30.7867],[-93.5819,30.789],[-93.5838,30.8018],[-93.563,30.806],[-93.5642,30.8175],[-93.5544,30.8235],[-93.5573,30.8284],[-93.5536,30.8351],[-93.5687,30.8442],[-93.5573,30.8521],[-93.5622,30.8593],[-93.5586,30.8694],[-93.5645,30.8686],[-93.5632,30.8749],[-93.5706,30.8752],[-93.5741,30.8845],[-93.5663,30.8948],[-93.5492,30.8974],[-93.5586,30.9132],[-93.5457,30.9271],[-93.5421,30.9259],[-93.5434,30.9202],[-93.532,30.9238],[-93.5265,30.9295],[-93.526,30.9375],[-93.5324,30.949],[-93.5318,30.9582],[-93.5431,30.9567],[-93.5498,30.9671],[-93.5735,30.9712],[-93.5643,30.9897],[-93.5734,30.9918],[-93.5782,31],[-93.5666,31.0131],[-93.5559,31.0037],[-93.5494,31.0101],[-93.5392,31.0082],[-93.5325,31.0197],[-93.5223,31.0201],[-93.508,31.0315],[-93.5234,31.0377],[-93.5245,31.0411],[-93.5189,31.0437],[-93.5316,31.0536],[-93.5301,31.0568],[-93.5212,31.0573],[-93.5189,31.0619],[-93.5287,31.0692],[-93.5277,31.0745],[-93.5522,31.0789],[-93.5493,31.0904],[-93.5558,31.087],[-93.5638,31.0945],[-93.5594,31.0977],[-93.5537,31.0939],[-93.5582,31.098],[-93.5491,31.1002],[-93.5459,31.1112],[-93.5394,31.1152],[-93.5379,31.1266],[-93.5447,31.1361],[-93.5487,31.1558],[-93.5365,31.1585],[-93.5431,31.1707],[-93.5328,31.1743],[-93.5326,31.1833],[-93.55,31.1866],[-93.5696,31.1776],[-93.5782,31.1679],[-93.5891,31.1659],[-93.6003,31.1762],[-93.6019,31.1994],[-93.6072,31.2048],[-93.6035,31.2167],[-93.5953,31.2203],[-93.5994,31.225],[-93.5963,31.2295],[-93.6082,31.2278],[-93.6107,31.2322],[-93.6181,31.2327],[-93.6163,31.2446],[-93.6218,31.2491],[-93.6143,31.2516],[-93.6139,31.2594],[-93.6203,31.271],[-93.6425,31.2695],[-93.6487,31.2842],[-93.6587,31.2816],[-93.6689,31.298],[-93.6836,31.3015],[-93.6873,31.3061],[-93.6829,31.319],[-93.6736,31.3245],[-93.6773,31.3305],[-93.669,31.3388],[-93.6684,31.353],[-93.6459,31.359],[-93.6392,31.372],[-93.671,31.3662],[-93.6739,31.3706],[-93.669,31.3714],[-93.6702,31.3872],[-93.6741,31.3977],[-93.6821,31.3983],[-93.6903,31.4066],[-93.7049,31.4109],[-93.7047,31.4189],[-93.6925,31.4382],[-93.7095,31.442],[-93.7039,31.4555],[-93.7091,31.4568],[-93.71,31.4528],[-93.7168,31.4576],[-93.7219,31.4535],[-93.7495,31.4687],[-93.7455,31.4804],[-93.7514,31.4791],[-93.7524,31.4827],[-93.7372,31.4846],[-93.7353,31.4891],[-93.7314,31.4873],[-93.7226,31.4928],[-93.7235,31.5009],[-93.7175,31.5015],[-93.7196,31.5069],[-93.7111,31.5122],[-93.7427,31.5157],[-93.7427,31.5266],[-93.7474,31.5307],[-93.7519,31.5275],[-93.7581,31.5299],[-93.7539,31.5253],[-93.7601,31.5239],[-93.7877,31.5273],[-93.8034,31.5388],[-93.7995,31.543],[-93.8186,31.5548],[-93.8211,31.5605],[-93.8169,31.5631],[-93.8216,31.5637],[-93.823,31.5681],[-93.8184,31.5709],[-93.8349,31.5862],[-93.8381,31.6068],[-93.8279,31.6166],[-93.8271,31.6129],[-93.8187,31.6146],[-93.8272,31.6203],[-93.8172,31.6219],[-93.8209,31.629],[-93.816,31.6323],[-93.818,31.6479],[-93.8115,31.6474],[-93.8195,31.6527],[-93.8265,31.6669],[-93.8221,31.674],[-93.8167,31.668],[-93.8124,31.6703],[-93.8163,31.6754],[-93.8045,31.6841],[-93.7945,31.7033],[-93.7974,31.7056],[-93.8098,31.7031],[-93.8167,31.7079],[-93.8125,31.7153],[-93.8149,31.7287],[-93.8246,31.7344],[-93.8369,31.7502],[-93.8298,31.7606],[-93.8265,31.7592],[-93.8296,31.7642],[-93.8234,31.7751],[-93.8377,31.7808],[-93.8356,31.7945],[-93.8393,31.8003],[-93.8515,31.8002],[-93.8614,31.8123],[-93.8733,31.8149],[-93.8709,31.8194],[-93.8774,31.8325],[-93.8728,31.8363],[-93.875,31.8409],[-93.8819,31.8422],[-93.8789,31.8445],[-93.8841,31.8476],[-93.8829,31.8547],[-93.8894,31.8559],[-93.8817,31.8686],[-93.8849,31.8694],[-93.8854,31.8653],[-93.8934,31.8717],[-93.8921,31.8759],[-93.9017,31.8746],[-93.8965,31.8863],[-93.9006,31.8968],[-93.9062,31.8899],[-93.9065,31.8925],[-93.9197,31.891],[-93.921,31.8859],[-93.9262,31.8887],[-93.9255,31.8946],[-93.9312,31.8915],[-93.9216,31.9044],[-93.9287,31.9127],[-93.9375,31.9092],[-93.9536,31.9106],[-93.9598,31.9232],[-93.9717,31.9204],[-94.0068,31.9734],[-94.0165,31.9812],[-94.0185,31.9924],[-94.0229,31.9905],[-94.0293,31.9959],[-94.0426,31.9935],[-94.0435,33.5523],[-94.0615,33.55],[-94.073,33.5547],[-94.071,33.5601],[-94.0566,33.5609],[-94.0571,33.568],[-94.0685,33.5711],[-94.0729,33.5848],[-94.0728,33.5723],[-94.0889,33.5753],[-94.1209,33.5671],[-94.1227,33.5539],[-94.129,33.551],[-94.1352,33.571],[-94.1452,33.565],[-94.1516,33.5684],[-94.1422,33.5814],[-94.1568,33.5758],[-94.162,33.5809],[-94.1623,33.5889],[-94.1839,33.5947],[-94.1964,33.5813],[-94.2038,33.5798],[-94.213,33.5835],[-94.2171,33.581],[-94.2113,33.5737],[-94.2016,33.5774],[-94.1941,33.5735],[-94.1897,33.5618],[-94.1954,33.5551],[-94.2057,33.5672],[-94.2262,33.553],[-94.2501,33.5568],[-94.2511,33.5659],[-94.2368,33.5809],[-94.237,33.5874],[-94.2428,33.5897],[-94.2568,33.5836],[-94.2783,33.5576],[-94.2859,33.5562],[-94.2909,33.5599],[-94.2901,33.5681],[-94.2806,33.5749],[-94.2836,33.5819],[-94.2892,33.5821],[-94.301,33.573],[-94.3064,33.5556],[-94.3122,33.5507],[-94.3213,33.549],[-94.3312,33.553],[-94.3355,33.5645],[-94.344,33.5678],[-94.3524,33.5622],[-94.3473,33.5522],[-94.3536,33.544],[-94.3861,33.5448],[-94.4016,33.5594],[-94.3949,33.5665],[-94.3801,33.569],[-94.3797,33.5806],[-94.3829,33.5833],[-94.4033,33.5684],[-94.4122,33.5687],[-94.43,33.5911],[-94.4532,33.5918],[-94.4574,33.6004],[-94.4676,33.5988],[-94.4724,33.6035],[-94.4527,33.6174],[-94.4545,33.6257],[-94.4603,33.6244],[-94.4627,33.6309],[-94.4484,33.6345],[-94.4482,33.6424],[-94.4581,33.6453],[-94.4661,33.6363],[-94.4859,33.6379],[-94.4576,34.643],[-94.4316,35.3695],[-94.4356,35.3861],[-94.431,35.3925],[-94.6179,36.4994],[-94.6179,37.7203],[-94.6076,38.8276],[-94.6085,39.1163],[-94.5903,39.1381],[-94.5884,39.1499],[-94.5939,39.1568],[-94.6087,39.1611],[-94.6356,39.1541],[-94.6558,39.1557],[-94.6614,39.1627],[-94.6616,39.1774],[-94.6782,39.1842],[-94.6888,39.1832],[-94.7141,39.1704],[-94.7408,39.17],[-94.7629,39.18],[-94.783,39.2072],[-94.8116,39.2069],[-94.8317,39.2159],[-94.8349,39.2238],[-94.8257,39.2417],[-94.8306,39.2551],[-94.8463,39.2685],[-94.8841,39.2845],[-94.8985,39.2985],[-94.9061,39.3147],[-94.91,39.3526],[-94.9025,39.3604],[-94.8814,39.3704],[-94.8793,39.3798],[-94.885,39.3898],[-94.9001,39.3933],[-94.923,39.3849],[-94.942,39.3895],[-94.9479,39.4086],[-94.973,39.4217],[-94.9848,39.4427],[-95.022,39.4555],[-95.0408,39.4664],[-95.0545,39.5027],[-95.0876,39.5204],[-95.1104,39.5446],[-95.1133,39.5582],[-95.105,39.5766],[-95.0922,39.5811],[-95.0671,39.5765],[-95.0506,39.5876],[-95.0465,39.6016],[-95.0542,39.6173],[-95.0543,39.6278],[-95.0277,39.6655],[-95.0153,39.6743],[-94.9816,39.6786],[-94.9707,39.6872],[-94.9712,39.7293],[-94.964,39.7404],[-94.9553,39.7457],[-94.9475,39.7453],[-94.9183,39.7288],[-94.8993,39.724],[-94.8756,39.7305],[-94.8627,39.7422],[-94.8606,39.763],[-94.8697,39.7729],[-94.8822,39.7711],[-94.8983,39.7616],[-94.911,39.7592],[-94.9346,39.773],[-94.935,39.7837],[-94.9282,39.7889],[-94.8847,39.794],[-94.876,39.8133],[-94.8773,39.8245],[-94.8848,39.8324],[-94.9168,39.8358],[-94.9406,39.853],[-94.9418,39.8634],[-94.9278,39.8778],[-94.9302,39.8899],[-94.9552,39.9013],[-94.9871,39.8963],[-95.0131,39.9002],[-95.0244,39.8912],[-95.0268,39.8723],[-95.0353,39.8659],[-95.0816,39.8615],[-95.1371,39.8784],[-95.1433,39.8878],[-95.1428,39.9004],[-95.1497,39.906],[-95.1598,39.907],[-95.1812,39.9],[-95.2018,39.9044],[-95.2061,39.9121],[-95.2004,39.931],[-95.2053,39.9398],[-95.2503,39.9487],[-95.2699,39.9694],[-95.3058,39.9879],[-95.3093,40.0045],[-95.3153,40.0121],[-95.3337,40.0178],[-95.3515,40.0302],[-95.364,40.0315],[-95.3915,40.0271],[-95.4136,40.0384],[-95.4213,40.0608],[-95.4094,40.075],[-95.4101,40.094],[-95.3942,40.1083],[-95.3934,40.1192],[-95.4003,40.1273],[-95.4274,40.1346],[-95.4364,40.1587],[-95.4638,40.1712],[-95.4792,40.1857],[-95.4823,40.2007],[-95.4714,40.2173],[-95.4697,40.2279],[-95.4787,40.2437],[-95.4934,40.2496],[-95.521,40.2501],[-95.5525,40.2619],[-95.5563,40.2708],[-95.5516,40.2887],[-95.5622,40.2974],[-95.5818,40.2996],[-95.6104,40.314],[-95.6453,40.3057],[-95.6573,40.3109],[-95.6537,40.3226],[-95.6277,40.3324],[-95.6227,40.3423],[-95.6271,40.3528],[-95.641,40.3664],[-95.6439,40.3869],[-95.6606,40.4124],[-95.6566,40.4387],[-95.6677,40.4535],[-95.6947,40.4715],[-95.6948,40.4947],[-95.7,40.5053],[-95.6617,40.5173],[-95.6557,40.5236],[-95.6523,40.5381],[-95.6559,40.5466],[-95.6718,40.5626],[-95.6787,40.5626],[-95.6942,40.5569],[-95.6955,40.532],[-95.7086,40.5216],[-95.7175,40.5278],[-95.7487,40.5243],[-95.7669,40.5316],[-95.7693,40.5367],[-95.7638,40.5539],[-95.7747,40.5736],[-95.7685,40.5833],[-95.7503,40.5963],[-95.7497,40.6068],[-95.7689,40.6213],[-95.7715,40.6398],[-95.7819,40.6533],[-95.7955,40.6624],[-95.8229,40.6672],[-95.8428,40.6775],[-95.8526,40.7023],[-95.8832,40.7176],[-95.8889,40.7319],[-95.879,40.7531],[-95.8466,40.7686],[-95.8352,40.7792],[-95.8345,40.7878],[-95.8453,40.8113],[-95.8372,40.8354],[-95.8486,40.8611],[-95.8425,40.8703],[-95.8159,40.8799],[-95.8095,40.8912],[-95.8143,40.9029],[-95.8364,40.9216],[-95.8398,40.9328],[-95.8291,40.9757],[-95.8354,40.9842],[-95.867,41.0011],[-95.8695,41.0094],[-95.8599,41.0254],[-95.8597,41.0357],[-95.8816,41.0544],[-95.8823,41.0594],[-95.881,41.0663],[-95.8658,41.0801],[-95.8624,41.0897],[-95.8672,41.1215],[-95.8812,41.1417],[-95.8825,41.1559],[-95.8737,41.1666],[-95.8479,41.1662],[-95.8416,41.1755],[-95.8472,41.1834],[-95.8617,41.188],[-95.9161,41.1853],[-95.9273,41.1971],[-95.9267,41.2103],[-95.9143,41.2239],[-95.9106,41.2346],[-95.9223,41.263],[-95.9141,41.2724],[-95.9287,41.2813],[-95.9277,41.2984],[-95.9059,41.301],[-95.9062,41.2875],[-95.9126,41.2795],[-95.9028,41.2744],[-95.8775,41.2846],[-95.8711,41.2967],[-95.8742,41.3079],[-95.8829,41.3167],[-95.8973,41.3212],[-95.9258,41.3216],[-95.9465,41.3331],[-95.9571,41.3459],[-95.954,41.3538],[-95.9369,41.3593],[-95.9297,41.3671],[-95.9377,41.3948],[-95.9297,41.4111],[-95.9328,41.4308],[-95.9209,41.4435],[-95.9212,41.4551],[-95.9363,41.4653],[-95.9667,41.4634],[-95.9843,41.4709],[-96.0049,41.4724],[-96.0136,41.4785],[-96.0196,41.4916],[-96.0007,41.5025],[-95.9928,41.5146],[-96,41.5395],[-96.0051,41.5433],[-96.0192,41.5451],[-96.0267,41.5404],[-96.0344,41.5128],[-96.0406,41.5069],[-96.0528,41.5084],[-96.0734,41.5235],[-96.0827,41.526],[-96.0951,41.5411],[-96.0951,41.5548],[-96.0814,41.5779],[-96.0872,41.5866],[-96.1095,41.5968],[-96.1183,41.615],[-96.116,41.622],[-96.0978,41.6396],[-96.0952,41.6501],[-96.1001,41.6611],[-96.118,41.6733],[-96.1226,41.683],[-96.1199,41.6927],[-96.1135,41.6976],[-96.0846,41.6977],[-96.0732,41.7041],[-96.0767,41.7157],[-96.1022,41.7276],[-96.1064,41.7381],[-96.101,41.7476],[-96.0812,41.7571],[-96.0776,41.7778],[-96.0648,41.7944],[-96.0754,41.8077],[-96.1066,41.8196],[-96.111,41.8288],[-96.1076,41.8404],[-96.1106,41.8492],[-96.1419,41.869],[-96.1488,41.8882],[-96.1618,41.9018],[-96.1591,41.9101],[-96.1423,41.9154],[-96.1368,41.9208],[-96.1446,41.9416],[-96.1333,41.9557],[-96.1295,41.9717],[-96.1521,41.9797],[-96.1772,41.9763],[-96.1872,41.978],[-96.1921,41.9845],[-96.184,42.0031],[-96.1946,42.0087],[-96.2152,42.0067],[-96.2255,41.9947],[-96.2365,41.9964],[-96.242,42.0009],[-96.2419,42.007],[-96.2236,42.0227],[-96.2238,42.0334],[-96.2344,42.0407],[-96.2468,42.0416],[-96.2581,42.0383],[-96.2726,42.0462],[-96.2795,42.0709],[-96.2677,42.0971],[-96.2695,42.1142],[-96.283,42.125],[-96.3098,42.1321],[-96.3207,42.1479],[-96.3416,42.1591],[-96.3497,42.1707],[-96.3474,42.1931],[-96.3599,42.2106],[-96.3566,42.2152],[-96.337,42.2175],[-96.3237,42.2299],[-96.3229,42.2336],[-96.33,42.2402],[-96.3289,42.2547],[-96.336,42.2648],[-96.3658,42.2858],[-96.3692,42.3084],[-96.3753,42.3183],[-96.408,42.3374],[-96.4178,42.3515],[-96.4171,42.3615],[-96.4084,42.3761],[-96.4152,42.4042],[-96.4103,42.413],[-96.3876,42.4325],[-96.3807,42.4464],[-96.386,42.4745],[-96.402,42.4864],[-96.4559,42.4926],[-96.4765,42.4901],[-96.4733,42.5035],[-96.4761,42.5078],[-96.479,42.5109],[-96.4882,42.5113],[-96.4937,42.5167],[-96.479,42.5264],[-96.477,42.556],[-96.4986,42.5581],[-96.4858,42.575],[-96.4957,42.5795],[-96.4913,42.5868],[-96.5011,42.5893],[-96.5095,42.6127],[-96.5188,42.6165],[-96.5278,42.609],[-96.5313,42.6136],[-96.5299,42.6179],[-96.5181,42.6198],[-96.5157,42.6297],[-96.5252,42.6348],[-96.5266,42.6415],[-96.5375,42.646],[-96.5424,42.6609],[-96.559,42.6577],[-96.5598,42.6629],[-96.5558,42.6642],[-96.567,42.6764],[-96.5716,42.6709],[-96.5784,42.6718],[-96.5721,42.6767],[-96.5726,42.6789],[-96.5788,42.6781],[-96.5752,42.6828],[-96.5862,42.6832],[-96.5864,42.6898],[-96.5899,42.691],[-96.5923,42.6872],[-96.5996,42.6869],[-96.5936,42.6898],[-96.5996,42.6989],[-96.6057,42.6947],[-96.6121,42.6956],[-96.6046,42.6985],[-96.6056,42.702],[-96.6152,42.6984],[-96.624,42.7076],[-96.6255,42.7042],[-96.6302,42.7054],[-96.6244,42.714],[-96.628,42.7178],[-96.6244,42.7252],[-96.6342,42.7243],[-96.6305,42.7302],[-96.6395,42.7368],[-96.6306,42.7353],[-96.6356,42.7419],[-96.6294,42.7436],[-96.63,42.7507],[-96.6193,42.7546],[-96.6228,42.7584],[-96.6273,42.7544],[-96.6361,42.764],[-96.6315,42.7661],[-96.6364,42.7697],[-96.6264,42.7714],[-96.6195,42.7841],[-96.6044,42.7831],[-96.605,42.7917],[-96.5952,42.7929],[-96.5997,42.7984],[-96.5941,42.7982],[-96.5905,42.8083],[-96.5956,42.8104],[-96.596,42.815],[-96.5841,42.819],[-96.5858,42.8238],[-96.5777,42.8278],[-96.5815,42.8377],[-96.5782,42.8347],[-96.5684,42.8378],[-96.5697,42.8345],[-96.5636,42.8282],[-96.561,42.8391],[-96.5503,42.8375],[-96.5486,42.8409],[-96.5561,42.8492],[-96.5453,42.8499],[-96.5415,42.8569],[-96.5426,42.8597],[-96.5468,42.8574],[-96.5505,42.8636],[-96.5466,42.8639],[-96.5497,42.8699],[-96.5472,42.874],[-96.5377,42.8785],[-96.5435,42.8838],[-96.5377,42.8868],[-96.5398,42.8898],[-96.5253,42.8919],[-96.5297,42.8942],[-96.5289,42.8979],[-96.5395,42.8999],[-96.5429,42.9038],[-96.5365,42.9057],[-96.5413,42.9239],[-96.5341,42.9237],[-96.5341,42.9282],[-96.5253,42.9356],[-96.5168,42.9324],[-96.5199,42.94],[-96.5093,42.9452],[-96.5089,42.9537],[-96.499,42.9578],[-96.5052,42.9711],[-96.5158,42.9729],[-96.5208,42.9803],[-96.5168,42.981],[-96.5184,42.9852],[-96.5124,42.9857],[-96.5099,42.9952],[-96.4968,42.9986],[-96.492,43.0102],[-96.499,43.0191],[-96.512,43.0262],[-96.5111,43.0397],[-96.5213,43.0397],[-96.5125,43.0411],[-96.5148,43.0452],[-96.5105,43.0499],[-96.4909,43.0508],[-96.4767,43.0627],[-96.4608,43.0643],[-96.4541,43.0839],[-96.4555,43.0883],[-96.4631,43.09],[-96.4623,43.0929],[-96.4524,43.0982],[-96.4365,43.1202],[-96.4504,43.1424],[-96.4604,43.1436],[-96.4593,43.1475],[-96.4652,43.1475],[-96.4685,43.1519],[-96.464,43.1555],[-96.4696,43.1584],[-96.466,43.1614],[-96.4691,43.1694],[-96.4656,43.1713],[-96.4649,43.182],[-96.474,43.1896],[-96.475,43.2026],[-96.4707,43.2073],[-96.4765,43.213],[-96.4767,43.2219],[-96.4966,43.2237],[-96.5012,43.2206],[-96.5086,43.2211],[-96.5089,43.2172],[-96.5198,43.2178],[-96.5359,43.2276],[-96.5553,43.2267],[-96.5593,43.2229],[-96.5692,43.2327],[-96.5714,43.239],[-96.5657,43.2442],[-96.5492,43.2476],[-96.5537,43.2596],[-96.5648,43.2602],[-96.5765,43.2681],[-96.5853,43.2689],[-96.5862,43.2745],[-96.5776,43.279],[-96.5814,43.288],[-96.5792,43.2938],[-96.5804,43.2958],[-96.588,43.2924],[-96.5893,43.2953],[-96.5737,43.299],[-96.5644,43.2946],[-96.5547,43.2965],[-96.5522,43.2928],[-96.5302,43.3],[-96.5319,43.3042],[-96.5271,43.3051],[-96.5292,43.3091],[-96.5241,43.3114],[-96.5284,43.314],[-96.5256,43.3186],[-96.531,43.3207],[-96.5289,43.3243],[-96.5351,43.3365],[-96.5328,43.3428],[-96.5285,43.3423],[-96.5243,43.3474],[-96.5277,43.3483],[-96.5251,43.3536],[-96.531,43.3684],[-96.5221,43.3722],[-96.5246,43.3823],[-96.5217,43.3869],[-96.5253,43.3961],[-96.5444,43.3962],[-96.5484,43.4037],[-96.5572,43.4062],[-96.5604,43.4125],[-96.5736,43.419],[-96.5703,43.4286],[-96.5761,43.4319],[-96.5935,43.4332],[-96.6031,43.4508],[-96.5894,43.4665],[-96.587,43.4645],[-96.5824,43.4667],[-96.5869,43.4779],[-96.5811,43.4815],[-96.5868,43.4838],[-96.5846,43.4891],[-96.5902,43.4941],[-96.599,43.4954],[-96.5992,43.5005],[-96.4533,43.5004],[-96.4531,45.3008],[-96.468,45.3186],[-96.4891,45.3571],[-96.5218,45.3757],[-96.5622,45.3861],[-96.6198,45.4089],[-96.6805,45.4105],[-96.6925,45.4173],[-96.7327,45.4587],[-96.7634,45.52],[-96.8568,45.6054],[-96.8387,45.6475],[-96.7609,45.6875],[-96.7451,45.7016],[-96.6626,45.7387],[-96.6419,45.7599],[-96.6395,45.7716],[-96.6278,45.7862],[-96.6125,45.7944],[-96.5812,45.823],[-96.5645,45.9095],[-96.57,45.9135],[-96.564,45.9196],[-96.5613,45.9457],[-96.5704,45.9636],[-96.5779,46.0274],[-96.5663,46.0515],[-96.5591,46.0585],[-96.5544,46.0841],[-96.5579,46.1025],[-96.5669,46.1148],[-96.5602,46.1166],[-96.572,46.1246],[-96.5687,46.1332],[-96.5803,46.1511],[-96.5763,46.1596],[-96.5806,46.1677],[-96.5753,46.169],[-96.5839,46.1706],[-96.5766,46.174],[-96.5835,46.1727],[-96.5806,46.1773],[-96.5927,46.1752],[-96.5862,46.1818],[-96.5916,46.1847],[-96.5874,46.1858],[-96.5905,46.1905],[-96.5851,46.1946],[-96.5912,46.1958],[-96.5846,46.1975],[-96.5837,46.2012],[-96.5874,46.2016],[-96.5843,46.2041],[-96.589,46.205],[-96.5838,46.2081],[-96.5911,46.2087],[-96.5884,46.2129],[-96.5958,46.2198],[-96.5987,46.2423],[-96.5837,46.2498],[-96.5923,46.2503],[-96.5954,46.2534],[-96.5929,46.2573],[-96.6004,46.2618],[-96.5951,46.2743],[-96.6003,46.2811],[-96.5948,46.286],[-96.6018,46.286],[-96.5964,46.2912],[-96.6057,46.2937],[-96.5973,46.2976],[-96.6036,46.3025],[-96.5968,46.317],[-96.6012,46.3195],[-96.6,46.3268],[-96.6061,46.3266],[-96.5994,46.33],[-96.6203,46.3403],[-96.6167,46.3474],[-96.6279,46.3494],[-96.6294,46.3543],[-96.6452,46.3507],[-96.6485,46.3581],[-96.6432,46.3619],[-96.655,46.3659],[-96.6604,46.3716],[-96.6578,46.3744],[-96.6671,46.3756],[-96.671,46.3895],[-96.6677,46.3913],[-96.6751,46.391],[-96.6725,46.3953],[-96.6805,46.4071],[-96.6891,46.4068],[-96.6854,46.4142],[-96.6972,46.4126],[-96.7015,46.415],[-96.6923,46.4161],[-96.6933,46.4221],[-96.7046,46.418],[-96.6989,46.4264],[-96.7047,46.4264],[-96.7012,46.4302],[-96.7077,46.4298],[-96.7033,46.4373],[-96.7157,46.4373],[-96.7154,46.434],[-96.7219,46.4398],[-96.7123,46.4413],[-96.7164,46.4446],[-96.7114,46.4465],[-96.7134,46.4488],[-96.7178,46.446],[-96.7218,46.4488],[-96.7131,46.4502],[-96.7176,46.4544],[-96.7122,46.4555],[-96.7116,46.4598],[-96.7187,46.4619],[-96.7132,46.4665],[-96.7231,46.4667],[-96.7146,46.4723],[-96.7236,46.4709],[-96.7336,46.4805],[-96.736,46.4775],[-96.7389,46.4787],[-96.7325,46.4829],[-96.7397,46.4868],[-96.7342,46.4886],[-96.737,46.4916],[-96.7332,46.4927],[-96.7334,46.497],[-96.7386,46.498],[-96.737,46.5012],[-96.7424,46.5],[-96.736,46.5051],[-96.7335,46.5035],[-96.7405,46.5111],[-96.7342,46.5121],[-96.74,46.5201],[-96.7452,46.5202],[-96.7367,46.5241],[-96.7453,46.525],[-96.7421,46.5293],[-96.7462,46.5349],[-96.738,46.5346],[-96.7427,46.5381],[-96.7383,46.5393],[-96.7501,46.5408],[-96.7412,46.5407],[-96.7387,46.5432],[-96.7506,46.5441],[-96.745,46.5482],[-96.7406,46.5468],[-96.7452,46.5506],[-96.7492,46.5496],[-96.7461,46.5561],[-96.7544,46.5568],[-96.7468,46.5589],[-96.752,46.5626],[-96.7418,46.564],[-96.7475,46.5675],[-96.7454,46.5708],[-96.7528,46.5714],[-96.7466,46.5756],[-96.7558,46.5743],[-96.7575,46.5778],[-96.7473,46.582],[-96.7609,46.5819],[-96.7508,46.5852],[-96.7525,46.5883],[-96.7575,46.5869],[-96.7626,46.5893],[-96.756,46.5954],[-96.763,46.5941],[-96.7671,46.5989],[-96.7716,46.5962],[-96.7722,46.6038],[-96.7683,46.6063],[-96.7788,46.6075],[-96.7725,46.6093],[-96.7746,46.612],[-96.7709,46.6153],[-96.7812,46.6154],[-96.775,46.6175],[-96.7755,46.6212],[-96.7799,46.6195],[-96.7834,46.622],[-96.7783,46.6254],[-96.7913,46.625],[-96.7822,46.6314],[-96.7982,46.6295],[-96.7858,46.6405],[-96.7942,46.6465],[-96.7907,46.6491],[-96.799,46.6541],[-96.7958,46.6667],[-96.8021,46.6679],[-96.7951,46.6675],[-96.7915,46.6725],[-96.7983,46.6737],[-96.799,46.6785],[-96.7875,46.6771],[-96.7948,46.6833],[-96.7884,46.6817],[-96.7841,46.6853],[-96.7906,46.6891],[-96.7849,46.6944],[-96.788,46.7006],[-96.7842,46.7015],[-96.7912,46.7038],[-96.7838,46.706],[-96.7896,46.7096],[-96.7836,46.7114],[-96.7875,46.714],[-96.7821,46.7169],[-96.7912,46.7189],[-96.7811,46.7221],[-96.7791,46.7266],[-96.7846,46.7319],[-96.7808,46.7338],[-96.7805,46.7418],[-96.7874,46.7431],[-96.7804,46.7455],[-96.7877,46.7482],[-96.7833,46.7509],[-96.7894,46.752],[-96.7829,46.7542],[-96.7898,46.7567],[-96.7829,46.7568],[-96.7864,46.7619],[-96.7779,46.7616],[-96.7895,46.766],[-96.7784,46.7645],[-96.7755,46.7668],[-96.7892,46.7712],[-96.7901,46.7746],[-96.7843,46.7743],[-96.7838,46.7783],[-96.7968,46.777],[-96.7871,46.7857],[-96.7896,46.7896],[-96.7962,46.7899],[-96.7949,46.7958],[-96.8019,46.797],[-96.7958,46.8017],[-96.8032,46.8051],[-96.7958,46.8078],[-96.8026,46.8115],[-96.8002,46.8197],[-96.7926,46.8233],[-96.7916,46.8279],[-96.7803,46.8258],[-96.794,46.8331],[-96.7845,46.8334],[-96.7828,46.8371],[-96.7872,46.8411],[-96.7754,46.8389],[-96.7817,46.8457],[-96.7732,46.8515],[-96.7814,46.8512],[-96.7855,46.8549],[-96.7761,46.8545],[-96.784,46.8617],[-96.7823,46.8708],[-96.7759,46.8743],[-96.7812,46.8793],[-96.7717,46.8811],[-96.7713,46.8774],[-96.7684,46.8795],[-96.7678,46.8847],[-96.7736,46.8848],[-96.7747,46.8887],[-96.7702,46.8937],[-96.7767,46.8956],[-96.7707,46.9003],[-96.7736,46.9036],[-96.7705,46.9068],[-96.7656,46.905],[-96.7596,46.9157],[-96.7625,46.9181],[-96.7534,46.9147],[-96.7633,46.9234],[-96.7533,46.9246],[-96.7653,46.9276],[-96.7569,46.9285],[-96.7633,46.9351],[-96.7838,46.9247],[-96.786,46.9302],[-96.7918,46.9285],[-96.7927,46.9468],[-96.7981,46.9446],[-96.8047,46.9475],[-96.7986,46.9512],[-96.8038,46.9582],[-96.7951,46.9658],[-96.8016,46.9683],[-96.802,46.9641],[-96.8065,46.9676],[-96.8098,46.9638],[-96.8227,46.97],[-96.8201,46.9794],[-96.8264,46.9879],[-96.8224,46.9906],[-96.8239,46.9974],[-96.8195,46.9974],[-96.8233,47.0003],[-96.821,47.0033],[-96.8275,47.0016],[-96.8288,47.0051],[-96.8396,47.0067],[-96.8335,47.0101],[-96.8348,47.0175],[-96.8295,47.0216],[-96.8148,47.0244],[-96.8273,47.0321],[-96.8172,47.0333],[-96.8127,47.0386],[-96.8227,47.0369],[-96.8179,47.0471],[-96.8276,47.0463],[-96.8177,47.0523],[-96.8251,47.0556],[-96.8222,47.0595],[-96.8304,47.0608],[-96.8197,47.0617],[-96.8246,47.0715],[-96.8196,47.0754],[-96.8237,47.076],[-96.8268,47.0726],[-96.8293,47.0746],[-96.8158,47.079],[-96.8204,47.083],[-96.816,47.0885],[-96.8264,47.0889],[-96.8173,47.0921],[-96.821,47.1009],[-96.8159,47.1041],[-96.8162,47.1085],[-96.8221,47.1089],[-96.8212,47.1158],[-96.8284,47.1208],[-96.8376,47.122],[-96.8258,47.1231],[-96.8207,47.1304],[-96.8304,47.1292],[-96.8263,47.1349],[-96.8346,47.1439],[-96.8287,47.1464],[-96.8413,47.1519],[-96.8363,47.1533],[-96.8362,47.1567],[-96.8224,47.1563],[-96.832,47.1594],[-96.8193,47.1638],[-96.8252,47.1675],[-96.8225,47.1731],[-96.8335,47.1767],[-96.825,47.1779],[-96.8275,47.182],[-96.8216,47.1843],[-96.8346,47.1837],[-96.8355,47.1863],[-96.8266,47.1888],[-96.8264,47.1915],[-96.838,47.1965],[-96.8403,47.191],[-96.8449,47.1936],[-96.834,47.2036],[-96.8272,47.2013],[-96.8371,47.2072],[-96.8303,47.2103],[-96.8372,47.216],[-96.834,47.2219],[-96.8391,47.2227],[-96.8419,47.2178],[-96.8456,47.2193],[-96.844,47.2225],[-96.8315,47.2267],[-96.8415,47.2295],[-96.8415,47.2332],[-96.8366,47.235],[-96.831,47.2313],[-96.8287,47.2333],[-96.8365,47.2424],[-96.8437,47.2396],[-96.8322,47.2474],[-96.8373,47.253],[-96.8412,47.2495],[-96.8444,47.2512],[-96.8386,47.2562],[-96.8453,47.2585],[-96.837,47.2586],[-96.836,47.2625],[-96.8474,47.2626],[-96.8346,47.2672],[-96.8477,47.2711],[-96.8401,47.2756],[-96.8438,47.2931],[-96.8306,47.3057],[-96.8365,47.3115],[-96.8431,47.3088],[-96.8424,47.3134],[-96.8469,47.3163],[-96.8355,47.3191],[-96.8369,47.3248],[-96.8288,47.328],[-96.8346,47.331],[-96.8408,47.3267],[-96.8458,47.328],[-96.844,47.3317],[-96.8345,47.3327],[-96.8307,47.3388],[-96.8404,47.3409],[-96.8471,47.3477],[-96.8429,47.3508],[-96.8446,47.3543],[-96.8374,47.3555],[-96.8505,47.3571],[-96.8484,47.3646],[-96.8582,47.3675],[-96.8528,47.3697],[-96.844,47.368],[-96.8372,47.3713],[-96.8397,47.3735],[-96.8473,47.3703],[-96.8546,47.3738],[-96.8437,47.3758],[-96.8501,47.3816],[-96.8393,47.3812],[-96.8422,47.3862],[-96.8375,47.3895],[-96.8405,47.3933],[-96.849,47.3936],[-96.8391,47.3994],[-96.8527,47.4061],[-96.8421,47.4117],[-96.8568,47.4097],[-96.861,47.4177],[-96.8718,47.419],[-96.8553,47.4243],[-96.8556,47.4267],[-96.8647,47.4281],[-96.8528,47.432],[-96.8629,47.4364],[-96.8559,47.4392],[-96.8593,47.4517],[-96.8543,47.4546],[-96.8636,47.457],[-96.8539,47.4604],[-96.861,47.4726],[-96.852,47.4791],[-96.8569,47.4813],[-96.8652,47.4768],[-96.8685,47.4785],[-96.863,47.484],[-96.8552,47.4832],[-96.8522,47.4864],[-96.865,47.4917],[-96.8488,47.4981],[-96.8535,47.5016],[-96.8525,47.5075],[-96.8423,47.5086],[-96.8536,47.5115],[-96.8439,47.5126],[-96.8424,47.5161],[-96.8609,47.5155],[-96.8712,47.5273],[-96.8609,47.5294],[-96.8536,47.5362],[-96.862,47.5378],[-96.8623,47.5412],[-96.8554,47.5421],[-96.8488,47.5372],[-96.8453,47.5388],[-96.8486,47.5426],[-96.8604,47.546],[-96.8498,47.5532],[-96.8618,47.5593],[-96.854,47.5605],[-96.8475,47.5662],[-96.8631,47.5625],[-96.8689,47.567],[-96.8658,47.5697],[-96.8585,47.5672],[-96.8516,47.5687],[-96.8605,47.575],[-96.8537,47.5789],[-96.8499,47.5908],[-96.8589,47.5958],[-96.851,47.5985],[-96.8568,47.6018],[-96.8571,47.6108],[-96.8691,47.6149],[-96.8737,47.6136],[-96.871,47.6181],[-96.8797,47.6193],[-96.8759,47.6235],[-96.8805,47.626],[-96.8744,47.6278],[-96.8809,47.6295],[-96.8882,47.6389],[-96.8824,47.6427],[-96.8875,47.6579],[-96.8854,47.6639],[-96.8899,47.6697],[-96.8851,47.6738],[-96.8963,47.6742],[-96.8992,47.6896],[-96.9021,47.6917],[-96.9095,47.6892],[-96.907,47.6944],[-96.912,47.7015],[-96.9209,47.7],[-96.9119,47.7068],[-96.9199,47.7104],[-96.9198,47.7169],[-96.931,47.7156],[-96.9184,47.724],[-96.9328,47.7375],[-96.9292,47.7504],[-96.9397,47.7548],[-96.9289,47.7553],[-96.9383,47.7608],[-96.9349,47.7672],[-96.9468,47.7751],[-96.9564,47.7751],[-96.9524,47.7794],[-96.9591,47.7806],[-96.958,47.7857],[-96.9651,47.7835],[-96.9571,47.791],[-96.9665,47.7996],[-96.9763,47.7978],[-96.9725,47.803],[-96.9916,47.8082],[-96.9787,47.8099],[-96.9805,47.8219],[-96.9741,47.8235],[-96.9871,47.8256],[-96.9816,47.8296],[-96.9863,47.8371],[-96.994,47.8384],[-96.9927,47.8428],[-96.9983,47.8419],[-96.994,47.846],[-96.9983,47.8592],[-97.0059,47.8645],[-97.0018,47.8681],[-97.0232,47.8741],[-97.018,47.8787],[-97.0254,47.8849],[-97.0188,47.8906],[-97.025,47.8952],[-97.0199,47.9013],[-97.0252,47.9077],[-97.0153,47.9067],[-97.0168,47.9126],[-97.0238,47.9156],[-97.0179,47.9199],[-97.0364,47.9308],[-97.0365,47.9396],[-97.0482,47.942],[-97.0554,47.9475],[-97.0525,47.9574],[-97.0618,47.9647],[-97.0531,47.9905],[-97.0639,47.9977],[-97.0668,48.0096],[-97.0633,48.015],[-97.0722,48.0191],[-97.0687,48.0277],[-97.0723,48.0481],[-97.087,48.0582],[-97.0978,48.0711],[-97.1045,48.0724],[-97.0998,48.0859],[-97.1099,48.0914],[-97.1019,48.0959],[-97.1115,48.1059],[-97.1232,48.1067],[-97.1207,48.115],[-97.1335,48.1371],[-97.1253,48.1361],[-97.1229,48.1398],[-97.1368,48.1433],[-97.1465,48.1422],[-97.1403,48.1509],[-97.121,48.1596],[-97.1254,48.1628],[-97.142,48.1602],[-97.1475,48.1706],[-97.136,48.1767],[-97.1384,48.1823],[-97.1498,48.1835],[-97.1357,48.1971],[-97.1409,48.2045],[-97.1293,48.2084],[-97.1393,48.2168],[-97.1314,48.2172],[-97.1237,48.2076],[-97.1178,48.2098],[-97.1229,48.2165],[-97.1391,48.222],[-97.1483,48.2183],[-97.1522,48.2196],[-97.1497,48.2232],[-97.1372,48.227],[-97.1245,48.2232],[-97.1207,48.2248],[-97.1245,48.2284],[-97.1393,48.2302],[-97.1447,48.2336],[-97.1337,48.2391],[-97.1459,48.2416],[-97.1468,48.2445],[-97.1356,48.2495],[-97.1251,48.25],[-97.1306,48.259],[-97.123,48.2617],[-97.1263,48.2644],[-97.1439,48.2658],[-97.145,48.2688],[-97.1392,48.2712],[-97.1254,48.2704],[-97.1251,48.2767],[-97.1166,48.2797],[-97.1232,48.2908],[-97.1281,48.2915],[-97.1356,48.2871],[-97.1373,48.2918],[-97.1276,48.299],[-97.1192,48.2943],[-97.1122,48.2965],[-97.1267,48.304],[-97.1222,48.3087],[-97.1242,48.3112],[-97.1378,48.3097],[-97.1326,48.3192],[-97.1156,48.3239],[-97.1292,48.3281],[-97.1417,48.3257],[-97.14,48.3299],[-97.1291,48.3329],[-97.1259,48.3406],[-97.1401,48.3446],[-97.1362,48.3522],[-97.1435,48.3543],[-97.1563,48.3656],[-97.1525,48.371],[-97.1379,48.3712],[-97.1414,48.3785],[-97.1334,48.3822],[-97.152,48.3829],[-97.1577,48.3865],[-97.1568,48.3909],[-97.1634,48.3929],[-97.1587,48.3964],[-97.1457,48.3974],[-97.1312,48.4073],[-97.1399,48.4185],[-97.1505,48.4128],[-97.1551,48.4143],[-97.154,48.4181],[-97.1384,48.4217],[-97.1261,48.4161],[-97.1226,48.4179],[-97.1247,48.4222],[-97.1459,48.4312],[-97.1413,48.4338],[-97.1278,48.4313],[-97.1237,48.436],[-97.1248,48.4419],[-97.1328,48.4438],[-97.1452,48.4381],[-97.1506,48.4408],[-97.1307,48.4522],[-97.1286,48.4603],[-97.1306,48.4634],[-97.143,48.4638],[-97.1474,48.4728],[-97.1407,48.4747],[-97.1306,48.4712],[-97.1282,48.4744],[-97.1346,48.4775],[-97.1549,48.4749],[-97.1627,48.4778],[-97.1592,48.4811],[-97.1403,48.4847],[-97.143,48.4923],[-97.1351,48.4877],[-97.1315,48.489],[-97.1346,48.4942],[-97.1492,48.5008],[-97.1503,48.5116],[-97.1366,48.5122],[-97.1268,48.5202],[-97.1308,48.5227],[-97.1454,48.5187],[-97.1524,48.5204],[-97.1536,48.5295],[-97.1422,48.5322],[-97.1414,48.5355],[-97.161,48.542],[-97.1658,48.5483],[-97.1643,48.5539],[-97.1416,48.5513],[-97.139,48.5551],[-97.1662,48.5573],[-97.1754,48.562],[-97.1492,48.57],[-97.1487,48.5764],[-97.1606,48.5809],[-97.1439,48.5821],[-97.1423,48.5926],[-97.154,48.5954],[-97.1438,48.5984],[-97.1343,48.6074],[-97.1477,48.6082],[-97.1507,48.6117],[-97.1438,48.6148],[-97.1296,48.6137],[-97.1339,48.6228],[-97.1195,48.6186],[-97.1311,48.6315],[-97.126,48.6341],[-97.1147,48.6304],[-97.1095,48.6325],[-97.1157,48.6446],[-97.1079,48.6479],[-97.0987,48.661],[-97.1092,48.6643],[-97.1003,48.6689],[-97.1013,48.6823],[-97.0903,48.6844],[-97.1087,48.691],[-97.1199,48.7013],[-97.1203,48.704],[-97.1101,48.708],[-97.1194,48.7116],[-97.1255,48.7205],[-97.1374,48.7266],[-97.1283,48.7321],[-97.1421,48.7362],[-97.1367,48.7425],[-97.1375,48.7497],[-97.1492,48.7504],[-97.1538,48.754],[-97.1544,48.7582],[-97.1455,48.7648],[-97.159,48.7757],[-97.1475,48.7814],[-97.1589,48.7833],[-97.1583,48.7912],[-97.1738,48.7935],[-97.1721,48.7963],[-97.1622,48.7968],[-97.1633,48.8006],[-97.1815,48.7982],[-97.1575,48.8081],[-97.1608,48.8116],[-97.1903,48.8152],[-97.178,48.8228],[-97.1842,48.8339],[-97.1739,48.838],[-97.1758,48.8448],[-97.1829,48.8469],[-97.1731,48.8506],[-97.1792,48.8629],[-97.1906,48.8643],[-97.1778,48.8757],[-97.1903,48.8767],[-97.1995,48.8812],[-97.1973,48.8874],[-97.2016,48.8919],[-97.1922,48.8917],[-97.1899,48.8952],[-97.2115,48.9057],[-97.2108,48.916],[-97.2198,48.9222],[-97.2144,48.9316],[-97.2246,48.9338],[-97.2266,48.9458],[-97.2341,48.9476],[-97.2277,48.9625],[-97.2392,48.9677],[-97.2376,48.9851],[-97.2265,48.9933],[-97.2342,48.9971],[-97.2284,49.0007],[-95.1537,48.9989],[-95.1534,49.3831],[-95.1468,49.3803]]],[[[-96.7873,46.6194],[-96.7836,46.6222],[-96.7834,46.622],[-96.7873,46.6194]]]]},"properties":{"name":"Mississippi Flyway"}},{"type":"Feature","geometry":{"type":"MultiPolygon","coordinates":[[[[-168.9181,65.6843],[-168.9719,65.6888],[-168.9711,65.8146],[-168.927,65.8223],[-168.8928,65.8213],[-168.861,65.8178],[-168.8357,65.8107],[-168.8011,65.7952],[-168.7871,65.7846],[-168.7809,65.7645],[-168.7625,65.7512],[-168.7617,65.74],[-168.7674,65.7307],[-168.7855,65.7163],[-168.8198,65.7041],[-168.8561,65.6912],[-168.881,65.6858],[-168.9181,65.6843]]],[[[-168.7482,65.5713],[-168.7661,65.5715],[-168.7899,65.5749],[-168.8291,65.5846],[-168.8461,65.5925],[-168.866,65.6069],[-168.8693,65.6208],[-168.8567,65.6406],[-168.8201,65.6652],[-168.7947,65.6712],[-168.735,65.6743],[-168.7106,65.6731],[-168.666,65.6598],[-168.638,65.6399],[-168.6286,65.6258],[-168.6269,65.6124],[-168.6337,65.6014],[-168.6524,65.5909],[-168.6735,65.5842],[-168.7144,65.5755],[-168.7482,65.5713]]],[[[-168.037,64.9093],[-168.0908,64.9111],[-168.1371,64.9184],[-168.187,64.9349],[-168.2101,64.9514],[-168.214,64.9843],[-168.2079,65.0033],[-168.1562,65.0292],[-168.0761,65.0433],[-168.0049,65.0389],[-167.9723,65.0305],[-167.9531,65.0235],[-167.9243,65.0027],[-167.9165,64.9886],[-167.9138,64.9699],[-167.9191,64.9608],[-167.9531,64.933],[-167.9762,64.9229],[-168.037,64.9093]]],[[[-161.3061,64.062],[-161.3732,64.0697],[-161.4145,64.0868],[-161.4324,64.1053],[-161.4369,64.1336],[-161.4202,64.1584],[-161.3933,64.172],[-161.3557,64.1838],[-161.3103,64.1894],[-161.2648,64.1847],[-161.2235,64.1764],[-161.197,64.164],[-161.1767,64.1469],[-161.1854,64.1262],[-161.1845,64.1062],[-161.1964,64.092],[-161.21,64.082],[-161.2218,64.0753],[-161.2523,64.066],[-161.3061,64.062]]],[[[-161.752,63.5521],[-161.7844,63.5538],[-161.8124,63.5599],[-161.8393,63.5704],[-161.8499,63.5774],[-161.8571,63.588],[-161.8593,63.6109],[-161.8559,63.6216],[-161.8404,63.6351],[-161.8262,63.6425],[-161.7954,63.6504],[-161.7586,63.6545],[-161.7147,63.6525],[-161.6771,63.6426],[-161.6496,63.6276],[-161.6396,63.6178],[-161.6339,63.6043],[-161.6415,63.5885],[-161.6752,63.5663],[-161.7118,63.5551],[-161.752,63.5521]]],[[[-169.6388,62.8849],[-169.7279,62.8963],[-169.8148,62.9174],[-169.839,62.9259],[-169.8646,62.9447],[-169.8633,62.9801],[-169.8777,62.9971],[-169.8838,63.0201],[-169.9014,63.0374],[-169.9528,63.0641],[-170.0318,63.0955],[-170.0812,63.1113],[-170.1154,63.1272],[-170.1402,63.1243],[-170.1768,63.1253],[-170.1906,63.1268],[-170.2019,63.1312],[-170.2284,63.1302],[-170.2486,63.132],[-170.2599,63.1367],[-170.2908,63.1351],[-170.328,63.1387],[-170.3594,63.1477],[-170.3751,63.1558],[-170.3944,63.171],[-170.4005,63.1822],[-170.4009,63.1937],[-170.3834,63.2108],[-170.4391,63.2516],[-170.5153,63.2879],[-170.5969,63.3116],[-170.8167,63.355],[-170.9082,63.3699],[-170.9936,63.3748],[-171.0484,63.3737],[-171.0669,63.3711],[-171.1005,63.3565],[-171.128,63.3502],[-171.166,63.3482],[-171.1736,63.3364],[-171.1913,63.3247],[-171.2141,63.3158],[-171.2274,63.304],[-171.2514,63.2926],[-171.2805,63.2856],[-171.3262,63.2827],[-171.3622,63.268],[-171.3989,63.2576],[-171.4356,63.2527],[-171.482,63.2545],[-171.5336,63.2666],[-171.5602,63.2651],[-171.5946,63.2695],[-171.6221,63.2772],[-171.6515,63.291],[-171.6912,63.298],[-171.7443,63.3132],[-171.7724,63.3153],[-171.8108,63.3286],[-171.8393,63.3427],[-171.8557,63.3612],[-171.8849,63.3776],[-171.9312,63.4256],[-171.9442,63.4547],[-171.9542,63.4664],[-171.9654,63.4729],[-171.9447,63.5706],[-171.9248,63.6109],[-171.9099,63.6179],[-171.9049,63.6392],[-171.89,63.6558],[-171.8603,63.6747],[-171.8651,63.7055],[-171.8454,63.7268],[-171.8353,63.7434],[-171.8404,63.7528],[-171.8404,63.7694],[-171.856,63.7857],[-171.846,63.7999],[-171.8162,63.8212],[-171.7963,63.8306],[-171.7764,63.8377],[-171.7147,63.8361],[-171.7057,63.8404],[-171.6747,63.8437],[-171.6475,63.8409],[-171.6176,63.8336],[-171.5489,63.8005],[-171.527,63.7765],[-171.5207,63.7502],[-171.5357,63.7219],[-171.2514,63.6674],[-171.1651,63.659],[-170.9591,63.6259],[-170.9109,63.6379],[-170.8472,63.6661],[-170.7052,63.7131],[-170.6568,63.7235],[-170.6199,63.7234],[-170.5041,63.7534],[-170.4685,63.7556],[-170.2969,63.7556],[-170.2432,63.7454],[-170.1681,63.7199],[-170.1037,63.6842],[-170.0286,63.6485],[-169.9856,63.623],[-169.9641,63.5821],[-169.9267,63.5267],[-169.8487,63.5075],[-169.793,63.4907],[-169.737,63.4862],[-169.6023,63.4806],[-169.5695,63.4729],[-169.5438,63.4594],[-169.4838,63.4356],[-169.4556,63.415],[-169.2345,63.3907],[-169.0351,63.3874],[-168.8837,63.3744],[-168.7047,63.3547],[-168.6428,63.3449],[-168.6084,63.3351],[-168.5878,63.3252],[-168.5786,63.3087],[-168.5867,63.2725],[-168.6043,63.2516],[-168.6093,63.2294],[-168.636,63.2046],[-168.6666,63.186],[-168.6928,63.1589],[-168.7335,63.1315],[-168.6967,63.1092],[-168.6828,63.0847],[-168.7007,63.0569],[-168.7641,63.0276],[-168.8032,63.0177],[-168.8373,63.0162],[-168.8686,63.0198],[-168.9175,63.0311],[-168.9403,63.0463],[-168.9488,63.0625],[-168.9467,63.0744],[-168.9228,63.0996],[-168.9844,63.1128],[-169.0279,63.1245],[-169.0668,63.1282],[-169.1426,63.1278],[-169.2306,63.1235],[-169.2638,63.1185],[-169.2824,63.1144],[-169.3244,63.0857],[-169.3679,63.0611],[-169.4065,63.0475],[-169.4511,63.0386],[-169.4273,63.0003],[-169.4199,62.9739],[-169.4363,62.9474],[-169.4616,62.9328],[-169.4933,62.9266],[-169.5254,62.9247],[-169.5521,62.9029],[-169.5911,62.8879],[-169.6388,62.8849]]],[[[-172.2956,60.2388],[-172.3332,60.2445],[-172.3616,60.252],[-172.3792,60.2607],[-172.3884,60.2755],[-172.4075,60.2788],[-172.4539,60.2706],[-172.4961,60.2742],[-172.523,60.2711],[-172.5342,60.2653],[-172.5651,60.2581],[-172.5961,60.2586],[-172.6525,60.2697],[-172.6793,60.278],[-172.7154,60.2962],[-172.7444,60.301],[-172.8024,60.3186],[-172.8202,60.3161],[-172.8479,60.3184],[-172.8778,60.3263],[-172.9103,60.3396],[-172.9254,60.3526],[-172.9314,60.3897],[-172.986,60.4118],[-173.0674,60.4399],[-173.0954,60.4418],[-173.1449,60.4571],[-173.1583,60.4675],[-173.1679,60.4811],[-173.1706,60.4965],[-173.1653,60.5143],[-173.1565,60.5221],[-173.1632,60.5383],[-173.1541,60.5646],[-173.1403,60.5755],[-173.1448,60.5821],[-173.1679,60.593],[-173.1817,60.6062],[-173.2322,60.6368],[-173.2368,60.6456],[-173.2184,60.6762],[-173.1908,60.6894],[-173.1908,60.7069],[-173.177,60.72],[-173.1587,60.7288],[-173.1005,60.7452],[-173.0591,60.7477],[-173.0125,60.7404],[-172.9898,60.7318],[-172.9623,60.7098],[-172.953,60.6945],[-172.9439,60.6507],[-172.8887,60.6441],[-172.8611,60.6376],[-172.838,60.6288],[-172.8196,60.6135],[-172.8151,60.6025],[-172.8196,60.596],[-172.8153,60.5578],[-172.7958,60.5386],[-172.7603,60.5142],[-172.6879,60.4801],[-172.53,60.4357],[-172.4995,60.4321],[-172.4627,60.4387],[-172.4396,60.4365],[-172.3936,60.4365],[-172.3476,60.4277],[-172.32,60.4168],[-172.2786,60.3883],[-172.2602,60.3796],[-172.2233,60.3642],[-172.1681,60.3489],[-172.145,60.3401],[-172.1221,60.327],[-172.1092,60.314],[-172.1088,60.3034],[-172.1204,60.2873],[-172.1436,60.2715],[-172.1895,60.2508],[-172.2169,60.2446],[-172.2467,60.2412],[-172.2676,60.2445],[-172.2956,60.2388]]],[[[-172.7996,60.1388],[-172.8296,60.1421],[-172.8483,60.1488],[-172.881,60.1688],[-172.8904,60.1821],[-172.8858,60.2088],[-172.8671,60.2221],[-172.8157,60.2399],[-172.797,60.2488],[-172.7736,60.2555],[-172.7316,60.2622],[-172.6986,60.2584],[-172.6735,60.2498],[-172.6492,60.2369],[-172.6375,60.2193],[-172.6343,60.2007],[-172.6381,60.1958],[-172.6807,60.1599],[-172.6942,60.1546],[-172.7619,60.1407],[-172.7996,60.1388]]],[[[-166.0998,59.694],[-166.177,59.6998],[-166.1967,59.7034],[-166.2421,59.7171],[-166.2739,59.7338],[-166.2913,59.7472],[-166.3006,59.7601],[-166.3219,59.7731],[-166.3665,59.7797],[-166.4297,59.8016],[-166.4617,59.7959],[-166.508,59.7988],[-166.5642,59.7961],[-166.6261,59.7971],[-166.6543,59.8024],[-166.689,59.8153],[-166.7368,59.8383],[-166.7865,59.8427],[-166.8289,59.8523],[-166.8509,59.8711],[-166.8682,59.8813],[-166.9407,59.9119],[-167.042,59.9358],[-167.1029,59.9369],[-167.1378,59.944],[-167.2228,59.9938],[-167.2935,59.9992],[-167.3108,60.0075],[-167.3241,60.0185],[-167.3585,60.0185],[-167.3856,60.0212],[-167.4008,60.0261],[-167.4348,60.0457],[-167.4408,60.0565],[-167.443,60.0955],[-167.4364,60.1088],[-167.4646,60.1246],[-167.4717,60.136],[-167.4733,60.1489],[-167.4925,60.152],[-167.5055,60.157],[-167.5152,60.1643],[-167.517,60.1728],[-167.5364,60.1782],[-167.5603,60.206],[-167.5539,60.2353],[-167.5405,60.2493],[-167.5081,60.2631],[-167.4737,60.2648],[-167.4378,60.2628],[-167.4118,60.2716],[-167.3919,60.2751],[-167.3711,60.2757],[-167.3367,60.2874],[-167.3098,60.2907],[-167.2769,60.2889],[-167.2551,60.2838],[-167.226,60.288],[-167.2052,60.2883],[-167.1535,60.2824],[-167.1206,60.2912],[-167.1026,60.29],[-167.07,60.2847],[-167.0447,60.2779],[-167.0181,60.2662],[-166.968,60.2775],[-166.9437,60.2781],[-166.9187,60.3045],[-166.9047,60.3122],[-166.886,60.3175],[-166.8734,60.3312],[-166.8447,60.345],[-166.8126,60.3506],[-166.8006,60.3628],[-166.7633,60.3813],[-166.7394,60.3879],[-166.7012,60.3891],[-166.6663,60.3858],[-166.6405,60.4038],[-166.6201,60.4129],[-166.5702,60.4229],[-166.5607,60.4299],[-166.5288,60.4443],[-166.5058,60.4476],[-166.478,60.4488],[-166.4436,60.4445],[-166.4173,60.4361],[-166.4029,60.4262],[-166.3878,60.4266],[-166.3499,60.4177],[-166.3164,60.439],[-166.2976,60.4474],[-166.2764,60.4516],[-166.2759,60.4691],[-166.2709,60.4786],[-166.2493,60.4911],[-166.2086,60.5052],[-166.1525,60.5107],[-166.0849,60.4859],[-166.0542,60.4695],[-166.0307,60.4389],[-166.0058,60.4196],[-165.9998,60.4113],[-165.9983,60.4004],[-166.0095,60.3877],[-165.9867,60.3786],[-165.9813,60.3741],[-165.961,60.3897],[-165.9495,60.3938],[-165.8994,60.4032],[-165.8762,60.4027],[-165.8478,60.3986],[-165.8285,60.39],[-165.8164,60.3961],[-165.7825,60.4049],[-165.7385,60.4056],[-165.6931,60.3931],[-165.6715,60.3835],[-165.654,60.3718],[-165.6474,60.3623],[-165.6496,60.3488],[-165.6327,60.3483],[-165.6002,60.3389],[-165.5745,60.3212],[-165.5615,60.3017],[-165.5653,60.2831],[-165.5744,60.2733],[-165.5707,60.259],[-165.5883,60.2414],[-165.5755,60.2317],[-165.5667,60.2157],[-165.5703,60.1979],[-165.5885,60.1789],[-165.5762,60.1657],[-165.5772,60.1508],[-165.562,60.1402],[-165.5597,60.1333],[-165.564,60.1127],[-165.5575,60.0992],[-165.5602,60.0894],[-165.5731,60.0751],[-165.565,60.0642],[-165.5667,60.0587],[-165.5534,60.0542],[-165.5393,60.035],[-165.4975,60.0279],[-165.4798,60.0216],[-165.4624,60.0096],[-165.4533,59.9992],[-165.4519,59.9904],[-165.4025,59.9704],[-165.4026,59.9679],[-165.412,59.9541],[-165.4391,59.936],[-165.4452,59.9164],[-165.461,59.895],[-165.4955,59.8702],[-165.5604,59.8529],[-165.6253,59.8464],[-165.6579,59.8363],[-165.699,59.8351],[-165.739,59.8414],[-165.7733,59.8205],[-165.803,59.8091],[-165.8249,59.8067],[-165.9649,59.723],[-166.0125,59.7054],[-166.0579,59.6955],[-166.0998,59.694]]],[[[-146.3855,59.334],[-146.4237,59.338],[-146.4772,59.3534],[-146.4934,59.3634],[-146.503,59.3736],[-146.5078,59.3951],[-146.4906,59.4238],[-146.4567,59.4532],[-146.4279,59.4667],[-146.4346,59.4785],[-146.4354,59.4907],[-146.4207,59.5136],[-146.4308,59.5273],[-146.4329,59.5394],[-146.4215,59.5611],[-146.4018,59.5741],[-146.3794,59.5821],[-146.3535,59.5866],[-146.3228,59.5872],[-146.301,59.5845],[-146.2797,59.579],[-146.2616,59.571],[-146.2479,59.5611],[-146.2366,59.5402],[-146.2429,59.52],[-146.2047,59.5091],[-146.1778,59.4902],[-146.1681,59.4763],[-146.1666,59.463],[-146.1481,59.4438],[-146.1458,59.4265],[-146.1524,59.4131],[-146.1671,59.4004],[-146.1898,59.39],[-146.2185,59.3835],[-146.2409,59.3647],[-146.2615,59.3544],[-146.2887,59.3473],[-146.3224,59.3449],[-146.3554,59.3364],[-146.3855,59.334]]],[[[-152.3146,58.82],[-152.3609,58.823],[-152.3833,58.8283],[-152.4015,58.8367],[-152.421,58.8585],[-152.4259,58.8734],[-152.4527,58.8849],[-152.4607,58.8954],[-152.4655,58.9063],[-152.4649,58.9242],[-152.452,58.9395],[-152.4375,58.9484],[-152.4409,58.9661],[-152.4374,58.9735],[-152.4141,58.9922],[-152.3938,58.994],[-152.3528,59.0049],[-152.3235,59.0075],[-152.2947,59.0066],[-152.2727,59.0032],[-152.2456,58.9935],[-152.2366,58.9957],[-152.218,59.0064],[-152.1883,59.0161],[-152.129,59.0168],[-152.0834,59.005],[-152.0657,59.0109],[-152.0404,59.0129],[-152.0021,59.0069],[-151.965,58.9923],[-151.9372,58.9883],[-151.8678,58.9464],[-151.8576,58.936],[-151.8517,58.9173],[-151.8607,58.8999],[-151.8832,58.8807],[-151.912,58.8704],[-151.9364,58.8674],[-151.9516,58.8522],[-151.9816,58.8373],[-152.0172,58.8285],[-152.0365,58.8278],[-152.0668,58.833],[-152.1087,58.8446],[-152.1341,58.8581],[-152.1953,58.8406],[-152.2191,58.839],[-152.2497,58.8407],[-152.2755,58.8273],[-152.3146,58.82]]],[[[-160.3336,58.5357],[-160.3677,58.542],[-160.3969,58.5539],[-160.4077,58.5673],[-160.4143,58.5869],[-160.4011,58.6126],[-160.3876,58.6276],[-160.4331,58.6223],[-160.4536,58.6231],[-160.4754,58.6272],[-160.5287,58.6542],[-160.5443,58.6743],[-160.5441,58.6878],[-160.5375,58.7003],[-160.5254,58.7086],[-160.5258,58.7302],[-160.5043,58.7614],[-160.4904,58.7736],[-160.4721,58.7837],[-160.4523,58.7919],[-160.416,58.7984],[-160.3677,58.7941],[-160.3494,58.7888],[-160.3233,58.7751],[-160.2968,58.7763],[-160.2639,58.7718],[-160.2377,58.7661],[-160.2141,58.7555],[-160.1876,58.7563],[-160.1376,58.7489],[-160.1166,58.739],[-160.1019,58.7248],[-160.0969,58.6973],[-160.1226,58.6728],[-160.1527,58.6582],[-160.1541,58.6371],[-160.1612,58.626],[-160.1798,58.61],[-160.2122,58.595],[-160.2155,58.5783],[-160.2256,58.5655],[-160.2588,58.5446],[-160.301,58.5358],[-160.3336,58.5357]]],[[[-160.0086,58.5347],[-160.0591,58.5478],[-160.0894,58.579],[-160.0976,58.5999],[-160.0882,58.6217],[-160.0749,58.6399],[-160.064,58.6466],[-160.0175,58.6596],[-160.0047,58.6656],[-159.9406,58.6563],[-159.9053,58.6467],[-159.8853,58.6314],[-159.8677,58.6105],[-159.8626,58.5857],[-159.8682,58.5725],[-159.8805,58.563],[-159.9213,58.544],[-159.9727,58.5362],[-160.0045,58.5373],[-160.0086,58.5347]]],[[[-169.969,57.128],[-169.989,57.1304],[-170.0225,57.1443],[-170.0441,57.1651],[-170.0506,57.1869],[-170.0491,57.1957],[-170.0423,57.205],[-170.008,57.2253],[-169.9605,57.2374],[-169.9231,57.2384],[-169.8953,57.2326],[-169.8712,57.2215],[-169.8494,57.19],[-169.849,57.1762],[-169.8869,57.1454],[-169.9303,57.1321],[-169.969,57.128]]],[[[-170.3994,56.9958],[-170.4441,56.9961],[-170.4783,57.0072],[-170.4873,57.0125],[-170.502,57.0332],[-170.5086,57.0464],[-170.5084,57.0624],[-170.4921,57.0802],[-170.4695,57.0928],[-170.4426,57.1023],[-170.4148,57.1047],[-170.4483,57.1085],[-170.4707,57.1136],[-170.4953,57.1283],[-170.5099,57.1438],[-170.5194,57.1622],[-170.5108,57.1743],[-170.521,57.1822],[-170.5227,57.1934],[-170.5099,57.2083],[-170.4901,57.2255],[-170.4705,57.2371],[-170.4602,57.2387],[-170.4496,57.2493],[-170.4383,57.2549],[-170.4231,57.2575],[-170.3954,57.2579],[-170.364,57.2687],[-170.3345,57.2724],[-170.2908,57.2706],[-170.2617,57.2641],[-170.2229,57.2752],[-170.2069,57.2907],[-170.1911,57.2973],[-170.159,57.3044],[-170.1095,57.3053],[-170.0654,57.2979],[-170.0165,57.2666],[-170.0123,57.2541],[-170.0185,57.2367],[-170.0298,57.2209],[-170.0639,57.1976],[-170.0808,57.1923],[-170.0784,57.1695],[-170.1118,57.1367],[-170.1371,57.1221],[-170.1477,57.1215],[-170.1653,57.1134],[-170.2233,57.0766],[-170.2589,57.0621],[-170.2958,57.0562],[-170.3054,57.0567],[-170.301,57.0417],[-170.3062,57.0295],[-170.3541,57.0023],[-170.3994,56.9958]]],[[[-169.5813,56.4832],[-169.6762,56.4962],[-169.7089,56.507],[-169.7276,56.5146],[-169.7638,56.5407],[-169.8048,56.5474],[-169.8305,56.5603],[-169.8382,56.5712],[-169.8683,56.587],[-169.8803,56.602],[-169.8776,56.6305],[-169.8626,56.652],[-169.8294,56.6698],[-169.8025,56.674],[-169.7473,56.675],[-169.6885,56.667],[-169.622,56.6613],[-169.5891,56.6623],[-169.5387,56.6684],[-169.5093,56.6675],[-169.4817,56.6604],[-169.4741,56.6561],[-169.4387,56.6537],[-169.4223,56.6488],[-169.4016,56.6366],[-169.3822,56.6147],[-169.3776,56.5877],[-169.3839,56.5782],[-169.4206,56.5493],[-169.4794,56.5269],[-169.5266,56.493],[-169.5548,56.4863],[-169.5813,56.4832]]],[[[-154.7633,56.3547],[-154.7949,56.3593],[-154.8629,56.3839],[-154.8817,56.4014],[-154.8931,56.4229],[-154.8938,56.4447],[-154.8867,56.4557],[-154.8613,56.4753],[-154.8546,56.487],[-154.8209,56.5116],[-154.8124,56.5238],[-154.7581,56.5598],[-154.6687,56.5978],[-154.5976,56.636],[-154.5639,56.6498],[-154.5405,56.6558],[-154.5076,56.6588],[-154.459,56.6531],[-154.43,56.6546],[-154.3521,56.6325],[-154.3054,56.652],[-154.2367,56.6676],[-154.2393,56.6929],[-154.2178,56.7205],[-154.3855,56.8303],[-154.3927,56.8397],[-154.3932,56.849],[-154.3877,56.8956],[-154.4401,56.9236],[-154.5025,56.9408],[-154.5775,56.9528],[-154.6087,56.9703],[-154.6286,57.002],[-154.6011,57.0364],[-154.6198,57.1624],[-154.6503,57.1779],[-154.6798,57.1981],[-154.6858,57.2142],[-154.7096,57.2161],[-154.7671,57.2145],[-154.7986,57.2275],[-154.807,57.2256],[-154.8311,57.2306],[-154.9141,57.2667],[-154.9313,57.2824],[-154.9337,57.2947],[-154.9265,57.3164],[-154.9103,57.3351],[-154.9155,57.3499],[-154.8887,57.3819],[-154.8155,57.4128],[-154.8169,57.4243],[-154.7902,57.4614],[-154.7659,57.481],[-154.7528,57.4872],[-154.7457,57.5071],[-154.723,57.528],[-154.7031,57.542],[-154.6715,57.5571],[-154.6251,57.5729],[-154.6164,57.5938],[-154.607,57.6033],[-154.5728,57.6206],[-154.5374,57.6251],[-154.5105,57.632],[-154.481,57.6319],[-154.4391,57.6685],[-154.407,57.6905],[-154.3297,57.6932],[-154.2663,57.716],[-154.2401,57.7155],[-154.1284,57.7707],[-154.1059,57.7886],[-154.0038,57.8503],[-153.9783,57.8615],[-153.9686,57.8749],[-153.9566,57.882],[-153.9435,57.8857],[-153.9415,57.9004],[-153.9323,57.9092],[-153.9171,57.9166],[-153.8706,57.9288],[-153.8246,57.927],[-153.7866,57.9177],[-153.7449,57.94],[-153.6344,57.9714],[-153.5545,58.0028],[-153.4802,58.0188],[-153.4967,58.0278],[-153.5048,58.0403],[-153.5066,58.0662],[-153.5001,58.0796],[-153.4702,58.1087],[-153.4311,58.1282],[-153.4064,58.1515],[-153.3675,58.1793],[-153.3147,58.193],[-153.2882,58.2255],[-153.2714,58.2385],[-153.2488,58.2491],[-153.2001,58.2663],[-153.1853,58.283],[-153.1231,58.3302],[-152.9223,58.4722],[-152.9008,58.484],[-152.8809,58.4898],[-152.8617,58.5201],[-152.8469,58.5315],[-152.8197,58.5427],[-152.7752,58.5494],[-152.7731,58.5742],[-152.7676,58.5866],[-152.7346,58.6111],[-152.7329,58.6224],[-152.7191,58.6354],[-152.6984,58.6487],[-152.61,58.6923],[-152.5746,58.7253],[-152.5456,58.7424],[-152.4973,58.7553],[-152.4735,58.7573],[-152.4346,58.7508],[-152.4092,58.7419],[-152.393,58.7305],[-152.3808,58.7113],[-152.3848,58.6904],[-152.3686,58.6966],[-152.3427,58.7014],[-152.3126,58.7005],[-152.2477,58.6807],[-152.2129,58.6486],[-152.2117,58.6372],[-152.1894,58.6203],[-152.1802,58.6016],[-152.1829,58.574],[-152.1537,58.5734],[-152.1135,58.5617],[-152.0926,58.5491],[-152.0656,58.5268],[-152.0609,58.5008],[-152.0679,58.4886],[-152.0799,58.4786],[-152.0911,58.4717],[-152.1162,58.4627],[-152.1444,58.4577],[-152.1819,58.4579],[-152.182,58.452],[-152.1732,58.4497],[-152.1264,58.4496],[-152.1033,58.4472],[-152.0719,58.44],[-152.052,58.4313],[-152.0243,58.4126],[-151.9625,58.4],[-151.9323,58.3907],[-151.8953,58.3717],[-151.8545,58.3915],[-151.824,58.3989],[-151.7951,58.4006],[-151.7505,58.3947],[-151.7287,58.3862],[-151.7128,58.374],[-151.704,58.3573],[-151.7023,58.3415],[-151.7073,58.3313],[-151.7361,58.3118],[-151.7551,58.3034],[-151.7252,58.2875],[-151.6966,58.2598],[-151.6906,58.2351],[-151.7014,58.2225],[-151.6984,58.2154],[-151.7066,58.1878],[-151.7346,58.1568],[-151.7641,58.1366],[-151.7822,58.1288],[-151.8417,58.1131],[-151.8611,58.1106],[-151.8842,58.113],[-151.9082,58.1172],[-151.934,58.1257],[-151.9455,58.1324],[-151.9665,58.1537],[-152.0336,58.1118],[-152.0553,58.1045],[-152.1275,58.092],[-152.2608,58.0734],[-152.2926,58.0558],[-152.3123,58.0496],[-152.345,58.048],[-152.3826,58.0524],[-152.4042,58.0592],[-152.4534,58.0593],[-152.4745,58.0454],[-152.4589,58.0463],[-152.4144,58.0366],[-152.3801,58.0184],[-152.3588,58.014],[-152.3334,58.0019],[-152.3118,57.9766],[-152.2971,57.9724],[-152.2816,57.9749],[-152.2656,57.9711],[-152.2356,57.9499],[-152.2202,57.9302],[-152.2289,57.9045],[-152.2553,57.8663],[-152.2266,57.8573],[-152.1824,57.8499],[-152.1612,57.843],[-152.138,57.8298],[-152.121,57.8046],[-152.0799,57.6863],[-152.0462,57.6654],[-152.0349,57.6533],[-152.031,57.6286],[-152.0535,57.6037],[-152.0513,57.5954],[-152.0564,57.5795],[-152.0635,57.5712],[-152.0963,57.5526],[-152.1251,57.5314],[-152.1526,57.5186],[-152.2224,57.4753],[-152.2165,57.4382],[-152.1824,57.4248],[-152.1565,57.4059],[-152.1597,57.3804],[-152.1701,57.3678],[-152.1864,57.3532],[-152.2274,57.332],[-152.2584,57.3234],[-152.315,57.3186],[-152.3612,57.3268],[-152.3832,57.3354],[-152.3955,57.3455],[-152.4021,57.3563],[-152.4021,57.3803],[-152.4155,57.3845],[-152.526,57.3294],[-152.5377,57.3008],[-152.6427,57.2354],[-152.6765,57.2273],[-152.7018,57.2249],[-152.8356,57.2174],[-152.7988,57.2018],[-152.7852,57.1925],[-152.7755,57.1709],[-152.7774,57.1415],[-152.793,57.1229],[-152.81,57.1092],[-152.8341,57.0944],[-152.8769,57.0788],[-152.938,57.0662],[-152.984,57.0665],[-153.0012,57.0644],[-153.0983,57.0403],[-153.1115,57.0225],[-153.1105,57.0116],[-153.1215,57.0015],[-153.1469,56.9875],[-153.1691,56.967],[-153.195,56.9558],[-153.2179,56.9517],[-153.2388,56.9523],[-153.2743,56.9427],[-153.32,56.9409],[-153.3577,56.95],[-153.388,56.9483],[-153.4046,56.9508],[-153.4392,56.964],[-153.4491,56.9708],[-153.4591,56.9638],[-153.4577,56.956],[-153.4629,56.9477],[-153.4768,56.9413],[-153.4546,56.9264],[-153.4495,56.9134],[-153.4509,56.9003],[-153.4625,56.8855],[-153.4887,56.8637],[-153.5014,56.8567],[-153.5231,56.8525],[-153.5446,56.8424],[-153.5996,56.8339],[-153.6153,56.8344],[-153.6487,56.8042],[-153.666,56.7948],[-153.6946,56.7856],[-153.7191,56.7787],[-153.7426,56.7759],[-153.7604,56.7765],[-153.7497,56.7591],[-153.7476,56.745],[-153.7698,56.7118],[-153.7836,56.6976],[-153.8004,56.6899],[-153.835,56.6881],[-153.8401,56.6833],[-153.8574,56.6764],[-153.8718,56.6727],[-153.89,56.6717],[-153.9026,56.6533],[-153.9199,56.6425],[-153.9571,56.6333],[-153.9712,56.632],[-153.9998,56.635],[-153.9863,56.6259],[-153.9822,56.609],[-153.9151,56.6128],[-153.9052,56.6116],[-153.8834,56.6187],[-153.8422,56.6206],[-153.7909,56.6101],[-153.7649,56.5881],[-153.7582,56.5685],[-153.7625,56.5567],[-153.8067,56.5094],[-153.8247,56.4971],[-153.8489,56.4861],[-153.8812,56.4775],[-153.9047,56.462],[-153.9363,56.4535],[-153.9596,56.4552],[-153.981,56.4511],[-154.0133,56.4517],[-154.0579,56.4484],[-154.0814,56.452],[-154.1054,56.4501],[-154.1311,56.4535],[-154.1533,56.4601],[-154.1883,56.449],[-154.2337,56.4435],[-154.275,56.4466],[-154.3406,56.4644],[-154.356,56.454],[-154.3783,56.4461],[-154.4032,56.4417],[-154.43,56.4411],[-154.4527,56.4432],[-154.4982,56.4558],[-154.5821,56.4268],[-154.6289,56.3861],[-154.6571,56.3732],[-154.6891,56.3627],[-154.7257,56.3552],[-154.7633,56.3547]]],[[[-156.7641,55.953],[-156.7931,55.9558],[-156.8223,55.9676],[-156.8334,55.9842],[-156.8264,56.0076],[-156.8382,56.0127],[-156.845,56.0221],[-156.8454,56.0403],[-156.8353,56.0602],[-156.8201,56.0706],[-156.8172,56.1041],[-156.8529,56.1094],[-156.8836,56.1228],[-156.8974,56.1377],[-156.9032,56.1551],[-156.8967,56.1735],[-156.898,56.2017],[-156.8911,56.2126],[-156.8781,56.2233],[-156.8808,56.2323],[-156.8722,56.247],[-156.8421,56.2701],[-156.82,56.2765],[-156.7929,56.2796],[-156.7703,56.2798],[-156.7289,56.274],[-156.7074,56.2674],[-156.6907,56.2572],[-156.678,56.2399],[-156.6732,56.2241],[-156.6602,56.215],[-156.6511,56.201],[-156.6494,56.1842],[-156.6538,56.1676],[-156.6759,56.1525],[-156.672,56.1483],[-156.6269,56.1402],[-156.6099,56.1322],[-156.5894,56.1093],[-156.5561,56.0902],[-156.5502,56.0766],[-156.5535,56.0584],[-156.5474,56.0486],[-156.5534,56.0271],[-156.612,55.9829],[-156.6478,55.9623],[-156.6754,55.9568],[-156.7641,55.953]]],[[[-155.5814,55.6999],[-155.7199,55.7118],[-155.7943,55.7296],[-155.8263,55.7593],[-155.8368,55.783],[-155.8368,55.8008],[-155.8261,55.8186],[-155.8048,55.8364],[-155.7515,55.8542],[-155.6768,55.9077],[-155.6342,55.9255],[-155.607,55.9307],[-155.5812,55.9307],[-155.5382,55.9255],[-155.4744,55.9136],[-155.4531,55.8839],[-155.4745,55.8483],[-155.4852,55.8186],[-155.4746,55.7771],[-155.4748,55.7415],[-155.5281,55.7058],[-155.5814,55.6999]]],[[[-163.1539,55.3431],[-163.1963,55.3508],[-163.2354,55.3661],[-163.2471,55.3745],[-163.2623,55.3942],[-163.272,55.4239],[-163.2672,55.4381],[-163.2521,55.4538],[-163.2671,55.4668],[-163.2715,55.477],[-163.268,55.4943],[-163.26,55.5062],[-163.2323,55.5217],[-163.1738,55.5321],[-163.1566,55.5311],[-163.1365,55.525],[-163.1013,55.5061],[-163.094,55.4971],[-163.0761,55.4887],[-163.0332,55.4428],[-163.028,55.4208],[-163.0492,55.3819],[-163.0709,55.3613],[-163.107,55.3488],[-163.132,55.3438],[-163.1539,55.3431]]],[[[-161.0957,55.1035],[-161.133,55.1097],[-161.166,55.1221],[-161.189,55.1454],[-161.1946,55.159],[-161.1751,55.1844],[-161.1489,55.201],[-161.1289,55.2065],[-161.109,55.208],[-161.0628,55.2068],[-161.0438,55.2011],[-161.027,55.1895],[-161.0075,55.1706],[-161.0065,55.1569],[-161.02,55.1292],[-161.059,55.1118],[-161.0957,55.1035]]],[[[-162.7403,54.7531],[-162.7835,54.7653],[-162.8026,54.7758],[-162.8179,54.7994],[-162.819,54.8112],[-162.807,54.8295],[-162.7808,54.8477],[-162.7634,54.8552],[-162.7432,54.8578],[-162.7023,54.8551],[-162.6828,54.8485],[-162.6618,54.8356],[-162.6372,54.8048],[-162.6441,54.7891],[-162.6779,54.7627],[-162.7068,54.755],[-162.7403,54.7531]]],[[[-159.5479,54.6993],[-159.5661,54.7035],[-159.6005,54.704],[-159.6248,54.7079],[-159.6525,54.7178],[-159.6692,54.7335],[-159.6886,54.7656],[-159.7468,54.7427],[-159.7654,54.7398],[-159.8135,54.7404],[-159.8351,54.7455],[-159.8789,54.7768],[-159.9116,54.8093],[-159.9058,54.8228],[-159.8859,54.8472],[-159.8721,54.8566],[-159.8371,54.8703],[-159.7611,54.8913],[-159.7293,54.8942],[-159.6813,54.8874],[-159.6364,54.8718],[-159.6019,54.8819],[-159.5727,54.8837],[-159.5562,54.8803],[-159.4976,54.8555],[-159.4407,54.8175],[-159.4243,54.8015],[-159.4168,54.7922],[-159.4182,54.7751],[-159.4252,54.76],[-159.4429,54.7384],[-159.4693,54.721],[-159.5029,54.709],[-159.5479,54.6993]]],[[[-164.7406,54.3373],[-164.7765,54.3391],[-164.8714,54.364],[-164.9013,54.3746],[-164.9249,54.3917],[-164.9726,54.4409],[-164.9828,54.4446],[-164.9956,54.4573],[-165.0083,54.4914],[-165.027,54.5208],[-165.0311,54.5531],[-165.0368,54.5619],[-165.0362,54.5766],[-165.0197,54.6067],[-164.9995,54.6263],[-164.8768,54.6754],[-164.8637,54.6761],[-164.8352,54.6873],[-164.8089,54.6912],[-164.7829,54.6917],[-164.7061,54.7735],[-164.6985,54.8015],[-164.6511,54.8442],[-164.6441,54.8854],[-164.6376,54.9008],[-164.6277,54.9115],[-164.6143,54.9239],[-164.6012,54.9306],[-164.5825,54.9345],[-164.5722,54.9439],[-164.5529,54.9505],[-164.5213,54.9691],[-164.4752,54.9763],[-164.4181,54.9796],[-164.361,54.9691],[-164.3075,54.9515],[-164.2979,54.9526],[-164.255,54.9707],[-164.2266,54.9903],[-164.2041,55.0006],[-164.1579,55.0157],[-164.1098,55.0182],[-164.0856,55.0157],[-164.0475,55.0207],[-164.0154,55.0369],[-163.9502,55.0788],[-163.9127,55.0906],[-163.8587,55.089],[-163.804,55.1058],[-163.7703,55.1088],[-163.7174,55.0997],[-163.6662,55.0945],[-163.6308,55.0932],[-163.568,55.1002],[-163.5322,55.1113],[-163.459,55.1281],[-163.3563,55.1657],[-163.2907,55.1934],[-163.2075,55.2197],[-163.1414,55.232],[-162.9828,55.3356],[-162.9498,55.3604],[-162.9352,55.382],[-162.9052,55.3948],[-162.87,55.4153],[-162.8302,55.4294],[-162.7269,55.4589],[-162.6815,55.4632],[-162.645,55.4885],[-162.6084,55.4978],[-162.5709,55.5158],[-162.5473,55.5287],[-162.5003,55.5728],[-162.4151,55.6266],[-162.3205,55.7047],[-162.2898,55.7249],[-162.1723,55.7735],[-162.1342,55.8091],[-162.1037,55.8195],[-162.0608,55.8251],[-162.0436,55.832],[-162.0329,55.8443],[-162.0114,55.8512],[-162.0022,55.8488],[-161.9811,55.8594],[-161.9063,55.9122],[-161.8583,55.9325],[-161.8258,55.9427],[-161.7295,55.9549],[-161.6005,55.9867],[-161.5272,55.9955],[-161.5122,56.0011],[-161.4287,56.0116],[-161.2111,56.0674],[-161.1599,56.0714],[-161.0448,56.0714],[-160.9296,56.0794],[-160.8656,56.0794],[-160.7504,56.0714],[-160.6544,56.0714],[-160.6161,56.0674],[-160.584,56.0794],[-160.5585,56.0993],[-160.5457,56.1153],[-160.5137,56.203],[-160.4788,56.2358],[-160.4395,56.2988],[-160.4132,56.3217],[-160.3869,56.3348],[-160.3302,56.3557],[-160.3056,56.3692],[-160.2614,56.4081],[-160.2255,56.4336],[-160.1642,56.455],[-160.1116,56.4656],[-160.0691,56.4803],[-160.0321,56.4969],[-159.994,56.5164],[-159.9607,56.5435],[-159.9052,56.5782],[-159.8079,56.6103],[-159.6758,56.645],[-159.6371,56.6585],[-159.581,56.6729],[-159.5023,56.7028],[-159.4258,56.7402],[-159.3764,56.754],[-159.3512,56.7577],[-159.174,56.8145],[-159.0816,56.8529],[-158.9816,56.9111],[-158.9195,56.9382],[-158.8935,56.9451],[-158.8664,56.9976],[-158.6677,57.2957],[-158.5578,57.4936],[-158.5297,57.5351],[-158.5109,57.5845],[-158.4874,57.6156],[-158.4733,57.6598],[-158.4546,57.6935],[-158.4358,57.748],[-158.2811,58.0443],[-158.208,58.1922],[-158.1924,58.2363],[-158.169,58.2731],[-158.1592,58.2993],[-158.1416,58.3213],[-158.0629,58.4855],[-158.1478,58.5438],[-158.1895,58.5405],[-158.213,58.5426],[-158.6052,58.4556],[-158.6046,58.4463],[-158.6144,58.4337],[-158.6248,58.422],[-158.6382,58.4133],[-158.6546,58.4073],[-158.6896,58.4017],[-158.7201,58.3761],[-158.7448,58.3637],[-158.7727,58.3549],[-158.8103,58.3472],[-158.8767,58.3419],[-158.9116,58.3429],[-158.9655,58.3528],[-158.9706,58.3485],[-158.992,58.3406],[-159.0187,58.3341],[-159.0478,58.3343],[-159.0789,58.3393],[-159.1079,58.3475],[-159.1485,58.3703],[-159.1598,58.3852],[-159.1624,58.3952],[-159.1623,58.4036],[-159.1514,58.4158],[-159.4048,58.666],[-159.5447,58.7784],[-159.553,58.7805],[-159.6111,58.7822],[-159.647,58.7861],[-159.6757,58.7895],[-159.7017,58.7964],[-159.7189,58.7767],[-159.7481,58.7603],[-159.8118,58.7354],[-159.8578,58.722],[-159.8939,58.715],[-159.9391,58.7179],[-159.975,58.7307],[-160.0044,58.7446],[-160.0144,58.7598],[-160.0282,58.7641],[-160.0528,58.784],[-160.0657,58.7897],[-160.0891,58.8063],[-160.1131,58.7866],[-160.1272,58.7801],[-160.1508,58.772],[-160.1723,58.7693],[-160.2088,58.7701],[-160.234,58.774],[-160.2735,58.7887],[-160.2976,58.7991],[-160.3106,58.8126],[-160.3338,58.8483],[-160.3269,58.8584],[-160.3432,58.8805],[-160.6088,58.8436],[-160.5982,58.8342],[-160.5935,58.8217],[-160.6017,58.7933],[-160.6891,58.6903],[-160.7001,58.6721],[-160.7873,58.5816],[-160.7934,58.5601],[-160.8184,58.5396],[-160.8432,58.5244],[-160.8742,58.5101],[-160.9335,58.4961],[-160.9649,58.4957],[-161.0156,58.5031],[-161.0675,58.4898],[-161.0958,58.49],[-161.141,58.5033],[-161.159,58.5124],[-161.1774,58.5426],[-161.1868,58.5733],[-161.177,58.6071],[-161.234,58.6434],[-161.322,58.6116],[-161.3535,58.6036],[-161.4184,58.596],[-161.4579,58.586],[-161.4689,58.5743],[-161.4899,58.5619],[-161.5214,58.5516],[-161.5716,58.5438],[-161.5724,58.5352],[-161.5871,58.5184],[-161.6171,58.5068],[-161.6403,58.5023],[-161.7042,58.4969],[-161.7279,58.4989],[-161.7493,58.496],[-161.7672,58.4969],[-161.8176,58.5057],[-161.8446,58.5233],[-161.861,58.5391],[-161.8637,58.5687],[-161.8707,58.5704],[-161.9091,58.5727],[-161.9302,58.5663],[-161.9716,58.5677],[-161.9987,58.5611],[-162.0174,58.5617],[-162.0431,58.5683],[-162.0818,58.5649],[-162.1322,58.5714],[-162.1492,58.5761],[-162.1718,58.59],[-162.199,58.59],[-162.2304,58.5986],[-162.2704,58.6221],[-162.2777,58.6329],[-162.2808,58.6463],[-162.2691,58.6676],[-162.2263,58.6855],[-162.2155,58.695],[-162.1686,58.7103],[-162.1286,58.7131],[-162.0911,58.7227],[-162.0731,58.7244],[-162.038,58.7221],[-162.0209,58.7263],[-162.002,58.7271],[-161.9492,58.7243],[-161.9483,58.7325],[-161.9331,58.7483],[-161.923,58.7546],[-161.8978,58.762],[-161.8892,58.7843],[-161.8512,58.808],[-161.8566,58.8152],[-161.8576,58.8304],[-161.8819,58.8575],[-161.8872,58.8713],[-161.8881,58.8977],[-161.8817,58.9442],[-161.9025,58.9776],[-161.9271,59.0008],[-161.9534,59.0327],[-162.0011,59.0702],[-162.0077,59.0553],[-162.0169,59.0602],[-162.0731,59.1],[-162.1022,59.1288],[-162.1638,59.2245],[-162.171,59.2476],[-162.1666,59.2751],[-162.1321,59.3062],[-162.1116,59.3329],[-162.0647,59.36],[-162.0613,59.398],[-162.0536,59.409],[-162.002,59.4375],[-161.9585,59.4478],[-161.9144,59.4693],[-161.8948,59.5076],[-161.8712,59.5248],[-162.0031,59.6447],[-162.0127,59.6456],[-162.0426,59.6707],[-162.0648,59.7],[-162.0684,59.7164],[-162.0749,59.7176],[-162.0983,59.7337],[-162.1068,59.7542],[-162.115,59.7561],[-162.1386,59.7724],[-162.1607,59.7998],[-162.1784,59.8148],[-162.1867,59.8189],[-162.1945,59.8122],[-162.2278,59.8065],[-162.2573,59.8062],[-162.3176,59.8125],[-162.3388,59.8099],[-162.3644,59.8109],[-162.4114,59.8233],[-162.4417,59.8441],[-162.452,59.8763],[-162.4499,59.8846],[-162.5626,59.8968],[-162.6065,59.8883],[-162.6984,59.8918],[-162.7075,59.8802],[-162.7626,59.8575],[-162.818,59.8403],[-162.8159,59.8128],[-162.8261,59.8007],[-162.8687,59.7804],[-162.9473,59.7683],[-162.9748,59.7728],[-162.986,59.7694],[-163.0257,59.7675],[-163.1034,59.7779],[-163.1459,59.7956],[-163.1652,59.7913],[-163.2278,59.7859],[-163.3301,59.7697],[-163.4285,59.7609],[-163.5821,59.7516],[-163.6475,59.7436],[-163.7078,59.7411],[-163.7844,59.7406],[-163.9937,59.7638],[-163.9998,59.755],[-163.966,59.7471],[-163.9529,59.7359],[-163.9203,59.7263],[-163.8969,59.7146],[-163.8473,59.7184],[-163.8137,59.7169],[-163.7879,59.7092],[-163.7489,59.6864],[-163.74,59.6687],[-163.7447,59.6548],[-163.761,59.6397],[-163.8119,59.6208],[-163.8471,59.6179],[-163.9197,59.6405],[-163.9479,59.6358],[-163.9762,59.6343],[-164.0133,59.6378],[-164.0808,59.6705],[-164.1111,59.6941],[-164.1248,59.7163],[-164.1509,59.7224],[-164.1933,59.7373],[-164.231,59.7531],[-164.2747,59.7783],[-164.3131,59.8063],[-164.3367,59.8296],[-164.3466,59.8484],[-164.4157,59.8849],[-164.4208,59.907],[-164.4497,59.9533],[-164.4348,59.9689],[-164.4203,59.9781],[-164.3644,59.9992],[-164.3428,60.0029],[-164.39,60.0108],[-164.4286,60.0279],[-164.4322,60.0262],[-164.4457,60.0305],[-164.4883,60.055],[-164.5215,60.092],[-164.5747,60.133],[-164.5974,60.1582],[-164.6586,60.1755],[-164.7111,60.2079],[-164.7488,60.2403],[-164.804,60.2432],[-164.8511,60.249],[-164.9719,60.277],[-165.0017,60.2938],[-165.0987,60.3347],[-165.1415,60.358],[-165.2354,60.4252],[-165.2395,60.4432],[-165.2882,60.4426],[-165.3086,60.4481],[-165.3336,60.4593],[-165.3876,60.4595],[-165.4265,60.4744],[-165.4435,60.4847],[-165.4483,60.495],[-165.4674,60.5027],[-165.5015,60.5262],[-165.5204,60.552],[-165.5183,60.566],[-165.4791,60.5977],[-165.4751,60.6066],[-165.4641,60.6137],[-165.4456,60.6235],[-165.4107,60.6322],[-165.3402,60.6383],[-165.3228,60.6517],[-165.2914,60.6655],[-165.2459,60.675],[-165.2425,60.6833],[-165.2221,60.6954],[-165.1642,60.7077],[-165.1468,60.7254],[-165.1234,60.7366],[-165.1392,60.7501],[-165.1439,60.7587],[-165.141,60.7662],[-165.1592,60.7765],[-165.1762,60.7963],[-165.1757,60.8072],[-165.1575,60.8293],[-165.1775,60.848],[-165.1706,60.8769],[-165.1793,60.8821],[-165.2235,60.8965],[-165.2371,60.9105],[-165.2465,60.9128],[-165.2631,60.9231],[-165.2759,60.9375],[-165.2743,60.9464],[-165.2932,60.9544],[-165.3021,60.9664],[-165.3012,60.9902],[-165.2936,60.9997],[-165.2619,61.0215],[-165.2548,61.0347],[-165.2366,61.0501],[-165.246,61.0535],[-165.2584,61.0506],[-165.2902,61.0341],[-165.3466,61.0154],[-165.4166,61.0125],[-165.5388,61.0268],[-165.6068,61.04],[-165.6637,61.0578],[-165.7168,61.0964],[-165.7434,61.1252],[-165.7869,61.1981],[-165.8018,61.2032],[-165.8229,61.2171],[-165.8338,61.227],[-165.8375,61.2387],[-165.9033,61.2569],[-165.9231,61.2648],[-165.94,61.2759],[-165.9535,61.2941],[-165.9904,61.3164],[-165.9987,61.3355],[-166.0238,61.3611],[-166.0326,61.3784],[-166.0313,61.3953],[-166.0506,61.4009],[-166.1945,61.4599],[-166.2542,61.5222],[-166.2886,61.5808],[-166.2799,61.622],[-166.2603,61.6587],[-166.2621,61.6933],[-166.2573,61.7096],[-166.2379,61.7409],[-166.2376,61.7806],[-166.2298,61.7983],[-166.1978,61.8343],[-166.1718,61.8522],[-166.1126,61.8731],[-166.0949,61.9467],[-166.0821,61.9636],[-166.076,61.983],[-166.0965,61.9983],[-166.1183,62.0097],[-166.1298,62.0253],[-166.1261,62.0387],[-166.0962,62.0735],[-166.0492,62.108],[-166.0058,62.1234],[-165.9857,62.1261],[-165.9484,62.1247],[-165.9019,62.1193],[-165.8926,62.1382],[-165.8747,62.1502],[-165.8487,62.1609],[-165.8206,62.1662],[-165.8135,62.1762],[-165.7925,62.1903],[-165.7707,62.1984],[-165.7396,62.2048],[-165.7216,62.2226],[-165.669,62.2508],[-165.6594,62.2643],[-165.6212,62.2918],[-165.5259,62.3534],[-165.4489,62.391],[-165.4187,62.4404],[-165.3797,62.4696],[-165.3885,62.4853],[-165.3837,62.497],[-165.3462,62.5267],[-165.3509,62.5478],[-165.3388,62.576],[-165.3117,62.5955],[-165.277,62.6092],[-165.2132,62.6144],[-165.2393,62.6341],[-165.2481,62.648],[-165.2458,62.6623],[-165.2551,62.6723],[-165.2591,62.6922],[-165.2473,62.7099],[-165.2219,62.7225],[-165.1653,62.7359],[-165.126,62.7405],[-165.0905,62.7394],[-165.063,62.734],[-165.0531,62.7422],[-165.0219,62.7562],[-165.0027,62.7571],[-164.9867,62.7607],[-165.0169,62.7844],[-165.0188,62.7924],[-165.015,62.8004],[-165.0232,62.8041],[-165.0381,62.8206],[-165.0364,62.8286],[-165.0288,62.8432],[-164.9966,62.8666],[-164.9812,62.8714],[-164.9394,62.8775],[-164.9369,62.8862],[-164.9159,62.9026],[-164.9221,62.9125],[-164.918,62.9283],[-164.8955,62.9486],[-164.903,62.957],[-164.8966,62.9795],[-164.9071,62.9842],[-164.9125,63],[-164.9107,63.0052],[-164.893,63.0191],[-164.9068,63.0449],[-164.8998,63.0523],[-164.8803,63.0654],[-164.8303,63.0822],[-164.7722,63.0901],[-164.7508,63.0907],[-164.7438,63.0932],[-164.7468,63.1104],[-164.7278,63.1246],[-164.6922,63.1449],[-164.6093,63.1995],[-164.4958,63.2512],[-164.3955,63.2799],[-164.25,63.3035],[-164.1289,63.3153],[-164.0513,63.3174],[-164.0158,63.3139],[-163.933,63.3002],[-163.8706,63.2842],[-163.8598,63.2861],[-163.8236,63.2838],[-163.7719,63.2762],[-163.7373,63.2662],[-163.7058,63.261],[-163.6581,63.2497],[-163.6134,63.2287],[-163.5847,63.2058],[-163.4776,63.1823],[-163.4552,63.175],[-163.3499,63.1237],[-163.2525,63.0925],[-163.1187,63.1016],[-163.1029,63.113],[-163.0644,63.1311],[-163.0261,63.1535],[-162.9779,63.1659],[-162.9582,63.1768],[-162.9547,63.1899],[-162.9378,63.2151],[-162.9169,63.2308],[-162.8709,63.2536],[-162.8064,63.266],[-162.7395,63.2689],[-162.7003,63.2912],[-162.4378,63.492],[-162.4683,63.4943],[-162.5526,63.4826],[-162.5797,63.4868],[-162.6107,63.483],[-162.642,63.485],[-162.6798,63.4916],[-162.6972,63.4991],[-162.7111,63.5087],[-162.7476,63.5179],[-162.773,63.5297],[-162.7847,63.5437],[-162.8264,63.5764],[-162.8161,63.6034],[-162.7862,63.6241],[-162.763,63.6326],[-162.7306,63.6512],[-162.6801,63.6713],[-162.661,63.6761],[-162.6331,63.6793],[-162.6145,63.6856],[-162.5844,63.6914],[-162.5441,63.6947],[-162.5146,63.693],[-162.4811,63.685],[-162.453,63.6891],[-162.3944,63.6883],[-162.357,63.6816],[-162.3389,63.6752],[-162.326,63.6756],[-162.3043,63.672],[-162.2746,63.66],[-162.2547,63.6465],[-162.2499,63.6284],[-162.2254,63.6096],[-162.2228,63.5969],[-162.1724,63.587],[-161.9799,63.5618],[-161.9569,63.5572],[-161.925,63.5364],[-161.8963,63.5082],[-161.8603,63.4963],[-161.8405,63.4933],[-161.8213,63.4945],[-161.8042,63.4985],[-161.7741,63.4994],[-161.746,63.5033],[-161.7189,63.5116],[-161.6878,63.5146],[-161.642,63.5122],[-161.6032,63.5041],[-161.5758,63.5073],[-161.5294,63.5178],[-161.512,63.5197],[-161.4243,63.5161],[-161.3144,63.5192],[-161.2852,63.5234],[-161.2702,63.5302],[-161.2603,63.5427],[-161.2487,63.5521],[-161.225,63.5645],[-161.2021,63.5874],[-161.1426,63.6042],[-161.14,63.6252],[-161.098,63.6561],[-161.0705,63.6643],[-161.0242,63.6718],[-161.0086,63.6777],[-160.9969,63.6896],[-160.8863,63.7714],[-160.877,63.7969],[-160.88,63.8122],[-160.8877,63.8246],[-160.8988,63.8332],[-160.9202,63.8597],[-160.9365,63.9085],[-160.9447,63.9215],[-161.0093,63.9793],[-161.0185,63.9985],[-161.0457,64.0225],[-161.0706,64.085],[-161.0624,64.1134],[-161.0764,64.1275],[-161.0755,64.2066],[-161.0918,64.2153],[-161.1791,64.258],[-161.2534,64.2989],[-161.3268,64.334],[-161.414,64.3586],[-161.4431,64.3401],[-161.4636,64.3335],[-161.4934,64.3284],[-161.5547,64.3287],[-161.5908,64.3355],[-161.6664,64.3605],[-162.0021,64.4588],[-162.028,64.4613],[-162.2375,64.5244],[-162.3135,64.5428],[-162.4419,64.5041],[-162.4719,64.4868],[-162.4867,64.4709],[-162.492,64.4404],[-162.5045,64.4178],[-162.5126,64.3926],[-162.5178,64.3849],[-162.5579,64.3558],[-162.5948,64.3384],[-162.6327,64.3319],[-162.6544,64.3226],[-162.685,64.3044],[-162.7281,64.2875],[-162.7958,64.2757],[-162.8422,64.2832],[-163.1658,64.3499],[-163.2154,64.3533],[-163.242,64.3607],[-163.3234,64.4079],[-163.3498,64.4377],[-163.3638,64.4456],[-163.4319,64.4666],[-163.4578,64.4821],[-163.5362,64.5036],[-163.6123,64.5179],[-163.657,64.5219],[-163.7504,64.5196],[-163.7879,64.5241],[-163.8141,64.5312],[-163.8507,64.5194],[-163.8798,64.5153],[-163.9762,64.5083],[-164.1809,64.5196],[-164.2664,64.5183],[-164.3554,64.5085],[-164.4651,64.4839],[-164.7548,64.4078],[-164.826,64.3995],[-164.909,64.3936],[-164.9551,64.3928],[-165.0323,64.388],[-165.1767,64.4131],[-165.336,64.4444],[-165.4608,64.4577],[-165.477,64.4577],[-165.6807,64.4836],[-165.8502,64.4939],[-166.0778,64.5205],[-166.0709,64.4902],[-166.0957,64.4598],[-166.1336,64.4382],[-166.1538,64.433],[-166.2123,64.4299],[-166.272,64.4378],[-166.3146,64.4544],[-166.3511,64.4779],[-166.3539,64.5064],[-166.331,64.5258],[-166.2814,64.545],[-166.3521,64.5681],[-166.4401,64.6033],[-166.4912,64.619],[-166.5078,64.6314],[-166.5902,64.739],[-166.586,64.7663],[-166.5775,64.778],[-166.5868,64.8015],[-166.5822,64.8221],[-166.5702,64.8334],[-166.5172,64.8574],[-166.5227,64.8711],[-166.5893,64.9083],[-166.7619,64.9635],[-166.7833,64.9797],[-166.829,64.9993],[-166.8245,65.0175],[-166.8782,65.03],[-166.979,65.0694],[-167.0409,65.1093],[-167.073,65.1384],[-167.0844,65.1557],[-167.0724,65.1998],[-167.0393,65.2434],[-167.0086,65.2767],[-166.9776,65.2976],[-166.949,65.3079],[-167.0703,65.3275],[-167.1913,65.3376],[-167.2722,65.3381],[-167.4009,65.3473],[-167.4886,65.3604],[-167.6065,65.3856],[-167.6647,65.4054],[-167.7567,65.4472],[-167.831,65.4658],[-167.8969,65.4767],[-167.938,65.4999],[-167.9711,65.5001],[-168.0044,65.5042],[-168.031,65.5094],[-168.0552,65.517],[-168.0653,65.5225],[-168.091,65.524],[-168.1266,65.5305],[-168.153,65.5389],[-168.1676,65.5469],[-168.1754,65.5556],[-168.1762,65.5627],[-168.2187,65.5961],[-168.232,65.6226],[-168.2293,65.6503],[-168.2213,65.6754],[-168.2002,65.6994],[-168.1552,65.7283],[-168.0772,65.7561],[-168.0043,65.7745],[-167.968,65.7807],[-167.8834,65.8033],[-167.7189,65.8349],[-167.5209,65.8782],[-167.3084,65.9443],[-167.2387,65.9709],[-167.1784,65.9996],[-167.0078,66.0514],[-166.7195,66.148],[-166.4803,66.2119],[-166.3172,66.2519],[-166.094,66.316],[-165.7777,66.3974],[-165.4345,66.4752],[-165.1388,66.5285],[-164.8805,66.5726],[-164.8316,66.5786],[-164.752,66.5925],[-164.4635,66.6263],[-164.4243,66.6302],[-164.221,66.6385],[-164.0618,66.6419],[-163.9008,66.6427],[-163.7561,66.639],[-163.6675,66.6307],[-163.6262,66.6242],[-163.4036,66.7103],[-163.2033,66.7822],[-162.9784,66.871],[-162.8931,66.8997],[-162.8321,66.9268],[-162.8479,66.9316],[-162.8769,66.9478],[-163.0495,66.9866],[-163.1299,66.9948],[-163.1499,67],[-163.3406,67.0259],[-163.4043,67.0298],[-163.4877,67.0387],[-163.6177,67.0487],[-163.7815,67.0698],[-163.9114,67.1047],[-163.9912,67.1479],[-164.0027,67.1725],[-163.9624,67.1967],[-163.9245,67.2075],[-163.8826,67.215],[-164.0045,67.3978],[-164.1167,67.5],[-164.1754,67.5476],[-164.2304,67.5751],[-164.2813,67.5917],[-164.3954,67.6206],[-164.6553,67.6924],[-164.7676,67.7417],[-165.2062,67.905],[-165.4995,68.0188],[-165.5164,68.0236],[-165.5675,68.0319],[-165.6563,68.0387],[-165.6847,68.0252],[-165.8201,68.0306],[-165.8556,68.0348],[-165.9512,68.0566],[-165.9805,68.0678],[-166.0439,68.0849],[-166.0856,68.1127],[-166.1122,68.1465],[-166.1485,68.1689],[-166.2746,68.2129],[-166.4101,68.2508],[-166.5393,68.2762],[-166.6728,68.2902],[-166.7597,68.293],[-166.7967,68.2849],[-166.8275,68.2807],[-166.8437,68.2808],[-166.9007,68.2863],[-166.9221,68.2912],[-166.9761,68.311],[-166.9855,68.3205],[-166.9855,68.3331],[-166.95,68.3592],[-166.9037,68.3783],[-166.8661,68.382],[-166.8223,68.399],[-166.7537,68.4192],[-166.7003,68.4229],[-166.5417,68.4489],[-166.4568,68.4668],[-166.4455,68.4727],[-166.4456,68.4873],[-166.4347,68.5064],[-166.4334,68.5275],[-166.4251,68.5382],[-166.4119,68.5474],[-166.3699,68.5712],[-166.366,68.5799],[-166.3697,68.6067],[-166.3604,68.6249],[-166.3703,68.6489],[-166.3593,68.6667],[-166.328,68.6931],[-166.3384,68.7069],[-166.3387,68.7189],[-166.3318,68.7253],[-166.3316,68.7458],[-166.3207,68.7749],[-166.3235,68.7878],[-166.367,68.8583],[-166.3637,68.878],[-166.3422,68.9022],[-166.3305,68.9108],[-166.3206,68.9157],[-166.2945,68.9232],[-166.206,68.9356],[-166.1853,68.9357],[-166.11,68.9291],[-166.0724,68.9294],[-165.9731,68.9244],[-165.8174,68.922],[-165.6668,68.9146],[-165.5918,68.9137],[-165.5559,68.9157],[-165.4988,68.9131],[-165.2915,68.9211],[-165.2498,68.9267],[-165.1521,68.9346],[-165.1281,68.9344],[-165.065,68.938],[-165.0076,68.9463],[-164.9668,68.9414],[-164.849,68.9439],[-164.7793,68.9478],[-164.6195,68.9652],[-164.5371,68.9663],[-164.2886,68.9764],[-164.2301,68.9869],[-164.002,69.0444],[-163.9353,69.0703],[-163.8557,69.0909],[-163.7599,69.1218],[-163.6546,69.173],[-163.6339,69.1883],[-163.6117,69.2107],[-163.5642,69.2318],[-163.5353,69.2485],[-163.3867,69.3162],[-163.3629,69.3302],[-163.3172,69.3747],[-163.3014,69.3972],[-163.2891,69.4275],[-163.2823,69.4563],[-163.2892,69.4927],[-163.2847,69.5506],[-163.2943,69.5959],[-163.2845,69.6468],[-163.2576,69.6817],[-163.2552,69.6966],[-163.2454,69.7159],[-163.2281,69.734],[-163.1835,69.8064],[-163.1653,69.8243],[-163.0493,69.8932],[-162.8961,69.967],[-162.8471,69.9995],[-162.7626,70.0491],[-162.6612,70.1164],[-162.5725,70.1694],[-162.4008,70.2385],[-162.2157,70.2995],[-162.0003,70.359],[-161.9329,70.3743],[-161.8749,70.3806],[-161.8186,70.3775],[-161.5651,70.3543],[-161.4444,70.3479],[-161.2832,70.3499],[-161.1822,70.3598],[-160.975,70.4013],[-160.7299,70.4572],[-160.491,70.5355],[-160.2296,70.6375],[-160.0876,70.7005],[-159.9004,70.7687],[-159.8354,70.7999],[-159.7646,70.8286],[-159.7124,70.8468],[-159.5522,70.8754],[-159.4318,70.8914],[-159.2626,70.9174],[-159.1758,70.9291],[-159.0939,70.9365],[-158.9709,70.9422],[-158.883,70.9546],[-158.7228,70.9619],[-158.6859,70.9611],[-158.6601,70.9585],[-158.5992,70.9464],[-158.5401,70.904],[-158.505,70.894],[-158.4389,70.8824],[-158.3164,70.8714],[-158.2481,70.8676],[-158.2116,70.8678],[-158.1518,70.8709],[-157.9994,70.8903],[-157.8805,70.91],[-157.8172,70.9249],[-157.6126,70.9805],[-157.5534,70.9993],[-157.4989,71.0241],[-157.4239,71.0537],[-157.3842,71.0724],[-157.36,71.0919],[-157.3411,71.0987],[-157.3128,71.114],[-157.2942,71.1285],[-157.2127,71.17],[-157.1291,71.2175],[-157.0313,71.2647],[-156.9453,71.312],[-156.8606,71.3428],[-156.8327,71.3588],[-156.7897,71.3736],[-156.6684,71.3908],[-156.6348,71.3974],[-156.6186,71.4142],[-156.5933,71.4232],[-156.5391,71.4338],[-156.5129,71.4378],[-156.4776,71.4407],[-156.4605,71.4411],[-156.4274,71.4391],[-156.3881,71.4351],[-156.3213,71.4219],[-156.2936,71.4092],[-156.2852,71.4107],[-156.2638,71.4105],[-156.2231,71.4033],[-156.1989,71.3954],[-156.1166,71.386],[-155.9787,71.3628],[-155.9414,71.3608],[-155.8926,71.354],[-155.8439,71.3366],[-155.8186,71.3239],[-155.767,71.2892],[-155.761,71.2823],[-155.7475,71.2863],[-155.7232,71.289],[-155.6586,71.2892],[-155.5606,71.2801],[-155.5419,71.2762],[-155.4876,71.2754],[-155.4361,71.2706],[-155.3001,71.2403],[-155.2257,71.23],[-155.0963,71.2236],[-155.0645,71.2171],[-155.0417,71.2102],[-155.0338,71.206],[-154.9995,71.2042],[-154.911,71.1854],[-154.7699,71.1494],[-154.6881,71.1228],[-154.5702,71.0774],[-154.5365,71.0664],[-154.4965,71.0566],[-154.3725,71.0105],[-154.3262,71.0057],[-153.9004,70.9307],[-153.875,70.9351],[-153.8374,70.9369],[-153.8158,70.9366],[-153.8015,70.9397],[-153.7495,70.9415],[-153.616,70.9353],[-153.4944,70.9326],[-153.4574,70.9374],[-153.2428,70.9765],[-153.1621,70.9763],[-153.123,70.9789],[-153.0702,70.9769],[-153.0454,70.9716],[-153.0002,70.9747],[-152.9842,70.9826],[-152.9399,70.9784],[-152.919,70.9741],[-152.9141,70.9717],[-152.8522,70.976],[-152.8228,70.9748],[-152.7785,70.9692],[-152.7459,70.9632],[-152.7119,70.9534],[-152.6919,70.953],[-152.6556,70.9459],[-152.5957,70.9493],[-152.4772,70.9424],[-152.4405,70.937],[-152.3766,70.9223],[-152.3456,70.9213],[-152.2995,70.9135],[-152.2885,70.9102],[-152.1995,70.8988],[-152.1245,70.8804],[-152.057,70.8466],[-152.0432,70.8348],[-152.04,70.8237],[-152.0443,70.8181],[-151.9826,70.7847],[-151.6156,70.5971],[-151.5592,70.5893],[-151.5421,70.5836],[-151.5144,70.57],[-151.4995,70.5586],[-151.5025,70.5432],[-151.5081,70.5312],[-151.5496,70.5064],[-151.5451,70.4903],[-151.5209,70.4892],[-151.4265,70.4785],[-151.2466,70.48],[-151.2199,70.4883],[-151.1698,70.497],[-151.1365,70.4968],[-151.1012,70.501],[-151.0768,70.5014],[-151.0534,70.4997],[-151.0016,70.5083],[-150.925,70.517],[-150.8761,70.5389],[-150.839,70.546],[-150.7691,70.5533],[-150.7084,70.5544],[-150.6217,70.5514],[-150.5846,70.5586],[-150.5221,70.5564],[-150.4899,70.5538],[-150.4549,70.5612],[-150.4245,70.564],[-150.3461,70.5605],[-150.3426,70.5709],[-150.304,70.5954],[-150.2838,70.6046],[-150.201,70.6154],[-150.1117,70.6154],[-150.0867,70.613],[-150.0578,70.6072],[-150.0319,70.5965],[-150.0221,70.5989],[-150.0091,70.5977],[-149.9543,70.6111],[-149.9053,70.617],[-149.8415,70.6179],[-149.7967,70.6123],[-149.7519,70.6206],[-149.695,70.6256],[-149.6355,70.6244],[-149.5905,70.6217],[-149.533,70.617],[-149.4959,70.6118],[-149.4223,70.608],[-149.3339,70.5957],[-149.31,70.5898],[-149.2692,70.5893],[-149.2155,70.5824],[-149.1864,70.5765],[-149.1212,70.5718],[-149.0421,70.5558],[-148.9732,70.5325],[-148.9392,70.5303],[-148.8857,70.531],[-148.7868,70.5266],[-148.7359,70.5151],[-148.6958,70.5027],[-148.6795,70.4959],[-148.6595,70.4788],[-148.6016,70.4727],[-148.4911,70.454],[-148.516,70.4724],[-148.5172,70.4802],[-148.5093,70.4953],[-148.4926,70.5081],[-148.4727,70.5166],[-148.449,70.523],[-148.4223,70.5279],[-148.3968,70.5305],[-148.3406,70.532],[-148.2834,70.5292],[-148.1836,70.5134],[-148.13,70.5],[-148.1134,70.5159],[-148.0885,70.5244],[-148.0584,70.5316],[-148.0374,70.536],[-147.9865,70.5416],[-147.9596,70.5424],[-147.9353,70.5411],[-147.9069,70.5389],[-147.8819,70.5351],[-147.8503,70.5272],[-147.8116,70.5128],[-147.7785,70.4917],[-147.7757,70.4849],[-147.7795,70.4719],[-147.7448,70.472],[-147.7076,70.4696],[-147.6525,70.4597],[-147.6227,70.4471],[-147.6106,70.4357],[-147.5894,70.4419],[-147.5783,70.4434],[-147.5313,70.4457],[-147.4511,70.4467],[-147.4256,70.4429],[-147.3494,70.424],[-147.3286,70.4164],[-147.3127,70.4076],[-147.2814,70.4042],[-147.2486,70.397],[-147.2072,70.3841],[-147.1885,70.375],[-147.1756,70.3645],[-147.1702,70.359],[-147.1685,70.3461],[-147.1266,70.3537],[-147.0949,70.3574],[-147.0337,70.3595],[-147.0072,70.357],[-146.9992,70.3634],[-146.9312,70.3554],[-146.8887,70.347],[-146.8698,70.3471],[-146.8145,70.329],[-146.7491,70.2953],[-146.717,70.2868],[-146.6973,70.2868],[-146.6767,70.2901],[-146.6346,70.2905],[-146.5934,70.288],[-146.5003,70.2865],[-146.4474,70.2839],[-146.4056,70.2889],[-146.2677,70.2713],[-146.2036,70.2572],[-146.1829,70.2554],[-146.127,70.2557],[-146.0611,70.2519],[-145.9793,70.2441],[-145.8705,70.2239],[-145.8473,70.2168],[-145.8261,70.2148],[-145.7017,70.183],[-145.6283,70.1604],[-145.5746,70.1462],[-145.5071,70.1419],[-145.2964,70.0923],[-145.2659,70.0915],[-145.2244,70.0929],[-145.1504,70.0916],[-145.1125,70.0842],[-145.0839,70.0743],[-145.0574,70.0577],[-145.033,70.0295],[-145.0064,70.0283],[-144.9394,70.0412],[-144.8671,70.0428],[-144.8026,70.0347],[-144.7033,70.0172],[-144.6789,70.0144],[-144.6679,70.0179],[-144.6398,70.0372],[-144.611,70.0504],[-144.5387,70.0765],[-144.4812,70.0907],[-144.4451,70.0949],[-144.4069,70.0957],[-144.3781,70.0924],[-144.3319,70.0994],[-144.2847,70.1108],[-144.2279,70.115],[-144.2044,70.1223],[-144.1144,70.1393],[-144.0839,70.141],[-144.0631,70.1404],[-144.0171,70.1598],[-144.005,70.1684],[-143.9513,70.1777],[-143.9102,70.1803],[-143.8825,70.1799],[-143.8461,70.1769],[-143.8326,70.1802],[-143.7849,70.1846],[-143.6798,70.1911],[-143.6415,70.2037],[-143.6221,70.2055],[-143.5878,70.2058],[-143.549,70.2038],[-143.4915,70.1959],[-143.4618,70.1905],[-143.4447,70.1856],[-143.4115,70.1836],[-143.3609,70.1963],[-143.2973,70.2017],[-143.2265,70.202],[-143.1679,70.1935],[-143.1415,70.1876],[-143.123,70.1806],[-143.1044,70.1692],[-143.0503,70.1598],[-143.028,70.1512],[-142.9239,70.1312],[-142.8583,70.1143],[-142.8029,70.1071],[-142.7604,70.0954],[-142.7063,70.0882],[-142.4803,70.0339],[-142.4253,70.0115],[-142.3495,69.9945],[-142.3124,69.9803],[-142.3076,69.9757],[-142.2846,69.9716],[-142.2582,69.9643],[-142.2398,69.9547],[-142.2061,69.9467],[-142.057,69.9032],[-141.9934,69.8913],[-141.9141,69.872],[-141.8029,69.8549],[-141.7461,69.8482],[-141.6769,69.8352],[-141.5915,69.8146],[-141.4529,69.7728],[-141.3838,69.75],[-141.378,69.7441],[-141.1336,69.7254],[-141.0242,69.7085],[-141.0027,69.7036],[-141.0019,60.3061],[-140.5351,60.2242],[-140.4723,60.3106],[-139.9892,60.1852],[-139.6984,60.3404],[-139.0867,60.3577],[-139.0823,60.3238],[-139.2003,60.0907],[-139.0609,60.011],[-139.0464,59.9982],[-138.7962,59.9287],[-138.702,59.9103],[-138.663,59.8102],[-138.621,59.7706],[-138.0011,59.4522],[-137.6043,59.2431],[-137.4986,58.9867],[-137.5264,58.9068],[-137.4474,58.9095],[-137.2648,59.0024],[-136.8639,59.1385],[-136.8267,59.1584],[-136.5816,59.1649],[-136.4866,59.2611],[-136.4942,59.273],[-136.4668,59.2843],[-136.4744,59.4642],[-136.3659,59.448],[-136.3582,59.4498],[-136.3019,59.4641],[-136.2343,59.5247],[-136.2373,59.5587],[-136.3506,59.5993],[-136.1903,59.6399],[-135.9459,59.6638],[-135.4774,59.7996],[-135.2542,59.7013],[-135.2438,59.698],[-135.2312,59.6972],[-135.2144,59.6643],[-135.1668,59.6322],[-135.1531,59.6252],[-135.1146,59.6234],[-135.0275,59.5637],[-135.0264,59.4747],[-135.0713,59.4533],[-135.098,59.4278],[-134.9933,59.3878],[-135.0293,59.3454],[-134.9619,59.2804],[-134.7024,59.2478],[-134.6819,59.1908],[-134.6244,59.1596],[-134.5667,59.1283],[-134.4812,59.1281],[-134.4422,59.083],[-134.3798,59.035],[-134.4003,58.9965],[-134.401,58.9762],[-134.3064,58.9592],[-134.329,58.9196],[-134.2505,58.8581],[-133.8404,58.728],[-133.6998,58.6073],[-133.56,58.5223],[-133.3799,58.4279],[-133.4614,58.3855],[-133.4603,58.3836],[-133.3438,58.2709],[-133.2229,58.1864],[-133.1764,58.1502],[-133.0764,57.9998],[-132.8693,57.8429],[-132.7569,57.7051],[-132.6581,57.6195],[-132.5592,57.5039],[-132.3681,57.3487],[-132.2522,57.2157],[-132.3714,57.0952],[-132.051,57.0512],[-132.1161,56.8904],[-132.119,56.8913],[-132.126,56.8747],[-131.8717,56.805],[-131.9018,56.7532],[-131.8621,56.7041],[-131.8351,56.6019],[-131.5812,56.6133],[-131.4618,56.5479],[-131.168,56.4484],[-131.0857,56.4065],[-130.7822,56.3675],[-130.6225,56.2679],[-130.5412,56.248],[-130.4669,56.2398],[-130.4256,56.1407],[-130.3438,56.1272],[-130.2455,56.0969],[-130.1028,56.1167],[-130.0302,56.035],[-130.0043,55.9934],[-130.0154,55.9847],[-130.0203,55.9644],[-130.0248,55.9159],[-130.0132,55.9164],[-130.0845,55.824],[-130.1238,55.807],[-130.1286,55.8022],[-130.1507,55.767],[-130.15,55.7271],[-130.1481,55.715],[-130.1117,55.6821],[-130.1267,55.5813],[-130.1201,55.5639],[-130.0855,55.4915],[-130.0443,55.452],[-130.0236,55.3383],[-129.9823,55.3021],[-129.9795,55.2867],[-130.0017,55.2646],[-130.0966,55.198],[-130.1189,55.1761],[-130.1448,55.146],[-130.1581,55.1171],[-130.1828,55.0932],[-130.1875,55.0647],[-130.2755,54.9729],[-130.3395,54.9214],[-130.4098,54.8812],[-130.4746,54.8381],[-130.5694,54.7909],[-130.6367,54.7785],[-130.6577,54.7618],[-130.6264,54.7381],[-130.6294,54.724],[-130.6154,54.7055],[-132.0048,54.6825],[-132.9257,54.659],[-133.6489,54.6321],[-133.7245,54.795],[-133.7416,54.8229],[-133.7561,54.8773],[-133.7846,54.9535],[-133.7905,55.0006],[-133.767,55.0259],[-133.7009,55.0786],[-133.6602,55.1172],[-133.6115,55.1765],[-133.6482,55.1815],[-133.6701,55.1878],[-133.6912,55.1985],[-133.7077,55.2294],[-133.7617,55.2658],[-133.7757,55.2822],[-133.7785,55.3196],[-133.7614,55.3463],[-133.7722,55.3791],[-133.7716,55.3943],[-133.8074,55.388],[-133.833,55.3886],[-133.8739,55.3988],[-133.8858,55.404],[-133.8971,55.415],[-133.9071,55.434],[-133.8978,55.4591],[-133.8613,55.4806],[-133.8612,55.5016],[-133.8457,55.5252],[-133.8349,55.5333],[-133.8361,55.5461],[-133.8294,55.5709],[-133.8103,55.5864],[-133.814,55.603],[-133.7982,55.6332],[-133.8126,55.6451],[-133.8423,55.6472],[-133.8676,55.6573],[-133.8877,55.6836],[-133.8861,55.7006],[-133.8795,55.7155],[-133.8522,55.7333],[-133.8318,55.7415],[-133.8433,55.7518],[-133.8485,55.7634],[-133.849,55.7781],[-133.838,55.7933],[-133.8557,55.7948],[-133.8859,55.7802],[-133.9083,55.7763],[-133.9307,55.7759],[-133.9652,55.7807],[-133.9959,55.7952],[-134.0073,55.8059],[-134.0128,55.8197],[-134.0116,55.8302],[-134.0022,55.8473],[-134.0193,55.8649],[-134.027,55.892],[-134.0368,55.8809],[-134.0467,55.8505],[-134.192,55.6931],[-134.2976,55.7206],[-134.421,55.7486],[-134.5031,55.7773],[-134.5694,55.804],[-134.6189,55.8347],[-134.6452,55.8652],[-134.6435,55.8789],[-134.632,55.8988],[-134.6016,55.9229],[-134.525,55.9486],[-134.5125,55.9559],[-134.4966,55.9699],[-134.4931,55.9775],[-134.4903,55.9927],[-134.4942,55.9996],[-134.5329,56.0283],[-134.6613,56.1422],[-134.7293,56.1766],[-134.8235,56.2183],[-134.8544,56.2364],[-135.2069,56.5089],[-135.7929,56.9451],[-135.8659,56.9963],[-136.0539,57.2773],[-136.2445,57.5387],[-136.4108,57.7547],[-136.4467,57.8114],[-136.4545,57.8308],[-136.4647,57.8373],[-136.5379,57.8477],[-136.588,57.8633],[-136.6167,57.8692],[-136.6447,57.8838],[-136.6586,57.9015],[-136.6621,57.9203],[-136.6605,57.9389],[-136.6485,57.9583],[-136.6563,57.9785],[-136.6511,57.9938],[-136.6695,57.9986],[-136.6792,58.0143],[-136.6789,58.0363],[-136.6615,58.0638],[-136.6503,58.1026],[-136.6151,58.1207],[-136.5103,58.1535],[-136.5154,58.1806],[-136.5448,58.1644],[-136.5906,58.152],[-136.6164,58.1472],[-136.6585,58.1456],[-136.7116,58.1557],[-136.7389,58.1661],[-136.762,58.1794],[-136.7914,58.1827],[-136.8145,58.1888],[-136.844,58.2068],[-136.8533,58.2192],[-136.8552,58.2309],[-136.8808,58.2508],[-136.8978,58.2595],[-136.9379,58.2686],[-136.9749,58.2961],[-137.0087,58.3332],[-137.0145,58.3443],[-137.0452,58.3301],[-137.0724,58.3236],[-137.1203,58.3297],[-137.1496,58.3413],[-137.2476,58.3929],[-137.2807,58.4031],[-137.3158,58.4101],[-137.3592,58.4304],[-137.3742,58.4409],[-137.4148,58.4511],[-137.4505,58.4643],[-137.5336,58.5094],[-137.5797,58.528],[-137.6026,58.5418],[-137.6751,58.5548],[-137.7206,58.5709],[-137.7622,58.5965],[-137.7685,58.6272],[-137.7759,58.6408],[-137.8006,58.6562],[-137.8695,58.6916],[-137.9961,58.7495],[-138.0376,58.7901],[-138.0315,58.8283],[-138.0252,58.8368],[-138.026,58.8525],[-138.041,58.8673],[-138.1334,58.9235],[-138.2044,58.9546],[-138.2912,59.0004],[-138.3284,59.0119],[-138.49,59.0423],[-138.6673,59.0831],[-138.7728,59.1257],[-138.8178,59.1464],[-138.8548,59.1672],[-138.8906,59.1807],[-139.1165,59.2494],[-139.1464,59.2532],[-139.319,59.2937],[-139.5314,59.3572],[-139.6817,59.415],[-139.732,59.4385],[-139.7716,59.453],[-139.9225,59.5019],[-140.0352,59.5468],[-140.0719,59.5553],[-140.1796,59.5935],[-140.3631,59.6536],[-140.3903,59.6512],[-140.4259,59.6561],[-140.4479,59.655],[-140.5257,59.6582],[-140.6565,59.6574],[-140.711,59.6634],[-140.7656,59.6753],[-140.8194,59.6817],[-140.8963,59.6819],[-140.9365,59.6866],[-141.0017,59.701],[-141.0017,59.7237],[-141.3833,59.8004],[-141.6466,59.861],[-142.0824,59.9411],[-142.3978,59.9849],[-142.669,60.0115],[-142.859,60.0114],[-143.0833,59.9769],[-143.9433,59.9198],[-144.1441,59.9195],[-144.4105,59.7463],[-144.5423,59.7193],[-144.6768,59.7274],[-144.7781,59.7786],[-144.7779,59.8299],[-144.6417,59.9244],[-144.5397,60.0101],[-144.6073,60.0784],[-144.776,60.1296],[-145.098,60.1461],[-145.3176,60.1797],[-145.6217,60.2558],[-145.8244,60.3151],[-145.9766,60.3147],[-146.1793,60.2801],[-146.4657,60.2125],[-146.7343,60.1541],[-146.9394,60.1039],[-147.0026,60.0976],[-147.102,60.0813],[-147.1616,60.053],[-147.2417,59.9983],[-147.2711,59.9634],[-147.2809,59.9236],[-147.281,59.8787],[-147.3349,59.8339],[-147.5209,59.7741],[-147.6873,59.7417],[-147.8194,59.7367],[-147.9564,59.7441],[-148.0397,59.769],[-148.1007,59.8157],[-148.2185,59.8756],[-148.4373,59.8928],[-148.6055,59.8843],[-148.9802,59.8937],[-149.2697,59.8454],[-149.4676,59.7338],[-149.6212,59.5275],[-150.4564,59.3087],[-150.711,59.2502],[-150.801,59.2318],[-150.9922,59.1808],[-151.2553,59.1378],[-151.3748,59.1107],[-151.4442,59.0997],[-151.8554,59.0776],[-153.0213,59.0025],[-153.1841,58.9057],[-153.1652,58.8927],[-153.1529,58.869],[-153.1516,58.8576],[-153.1524,58.8476],[-153.167,58.823],[-153.1864,58.8076],[-153.2025,58.8013],[-153.1767,58.7847],[-153.1659,58.765],[-153.1669,58.7552],[-153.187,58.7293],[-153.2141,58.7164],[-153.2448,58.7075],[-153.2781,58.7069],[-153.3073,58.7092],[-153.318,58.713],[-153.3716,58.6733],[-153.4788,58.6417],[-153.4579,58.6235],[-153.447,58.5984],[-153.4614,58.5726],[-153.4918,58.5555],[-153.5152,58.5484],[-153.5927,58.5423],[-153.6099,58.5197],[-153.6281,58.5083],[-153.6541,58.4996],[-153.6924,58.4935],[-153.7785,58.504],[-153.7995,58.5092],[-153.8107,58.5154],[-153.8211,58.4878],[-153.8444,58.4723],[-153.8681,58.4603],[-153.8819,58.4565],[-153.8839,58.4386],[-153.8767,58.4308],[-153.8726,58.4151],[-153.8642,58.4088],[-153.8585,58.3976],[-153.8585,58.3743],[-153.9093,58.3291],[-153.926,58.3198],[-153.9701,58.3127],[-154.0391,58.2304],[-154.0525,58.2012],[-154.059,58.1752],[-154.0701,58.1624],[-154.0828,58.154],[-154.1089,58.146],[-154.1104,58.1314],[-154.1195,58.1132],[-154.1337,58.1001],[-154.1552,58.091],[-154.2118,58.0803],[-154.2205,58.0662],[-154.2655,58.0382],[-154.2882,58.0308],[-154.3351,58.0267],[-154.3908,57.9993],[-154.5396,57.9882],[-154.5891,57.9898],[-154.709,57.9823],[-154.7478,57.9692],[-154.8009,57.9592],[-154.8404,57.9622],[-154.8654,57.9676],[-154.8938,57.9835],[-154.9408,57.9751],[-154.9697,57.9279],[-154.994,57.8632],[-155.0436,57.8124],[-155.0789,57.7953],[-155.0994,57.7912],[-155.129,57.7879],[-155.1609,57.7906],[-155.1508,57.772],[-155.15,57.75],[-155.21,57.7163],[-155.2457,57.6816],[-155.277,57.6761],[-155.281,57.6568],[-155.3004,57.6429],[-155.3274,57.633],[-155.361,57.625],[-155.432,57.6325],[-155.4599,57.6377],[-155.5891,57.6083],[-155.6011,57.6108],[-155.6395,57.6023],[-155.6326,57.5868],[-155.6455,57.5224],[-155.668,57.5083],[-155.7193,57.4974],[-155.7644,57.4991],[-155.7962,57.4955],[-155.8445,57.4975],[-155.8509,57.4884],[-155.9198,57.433],[-155.9397,57.4129],[-155.9789,57.3959],[-156.0984,57.3799],[-156.1419,57.3536],[-156.1673,57.3459],[-156.171,57.3341],[-156.1842,57.3172],[-156.1967,57.3102],[-156.2471,57.2438],[-156.2418,57.2322],[-156.2254,57.2173],[-156.2145,57.1952],[-156.2278,57.1625],[-156.2628,57.1336],[-156.3165,57.1055],[-156.3117,57.0679],[-156.3327,57.0492],[-156.359,57.0372],[-156.3573,56.8223],[-156.7455,56.5763],[-157.9645,55.812],[-158.2374,55.635],[-159.458,55.6289],[-159.4691,55.6192],[-159.4888,55.6089],[-159.5126,55.6012],[-159.5215,55.6009],[-159.5109,55.5862],[-159.504,55.5674],[-159.505,55.5581],[-159.5115,55.5496],[-159.5382,55.532],[-159.5847,55.5243],[-159.6334,55.5236],[-159.6553,55.5289],[-159.9512,55.5076],[-159.9633,55.4897],[-159.9951,55.4685],[-160.0021,55.4591],[-160.0183,55.4523],[-160.0412,55.4489],[-160.0593,55.4162],[-160.0529,55.4071],[-160.0553,55.3995],[-160.0506,55.3958],[-160.0019,55.3884],[-159.9964,55.3902],[-159.9619,55.3687],[-159.9326,55.337],[-159.8836,55.3452],[-159.8433,55.34],[-159.8042,55.324],[-159.7925,55.3172],[-159.7669,55.2931],[-159.7379,55.2223],[-159.736,55.2261],[-159.7042,55.2399],[-159.687,55.2433],[-159.6602,55.2429],[-159.6435,55.2547],[-159.609,55.2678],[-159.573,55.3121],[-159.5443,55.3284],[-159.522,55.3342],[-159.4826,55.3363],[-159.4478,55.3291],[-159.4153,55.3154],[-159.4018,55.3022],[-159.3974,55.2804],[-159.3996,55.2598],[-159.4198,55.2499],[-159.4203,55.223],[-159.4271,55.2011],[-159.4081,55.1744],[-159.4047,55.1597],[-159.4109,55.1235],[-159.3761,55.1232],[-159.3485,55.1129],[-159.322,55.1182],[-159.3036,55.1165],[-159.2528,55.1062],[-159.2334,55.0986],[-159.2166,55.0874],[-159.2092,55.0773],[-159.2044,55.066],[-159.2033,55.0434],[-159.2123,55.0258],[-159.255,55.0062],[-159.2501,54.9981],[-159.2333,54.9937],[-159.2136,54.9843],[-159.1795,54.9768],[-159.1416,54.9605],[-159.126,54.9497],[-159.1133,54.9303],[-159.1118,54.9157],[-159.1327,54.8855],[-159.2016,54.8337],[-159.2266,54.8207],[-159.2774,54.8112],[-159.3338,54.8186],[-159.3623,54.8283],[-159.3806,54.8404],[-159.3954,54.8582],[-159.4043,54.8616],[-159.4169,54.8723],[-159.4318,54.8942],[-159.4394,54.896],[-159.4574,54.8925],[-159.5033,54.9008],[-159.5415,54.924],[-159.5467,54.9336],[-159.5408,54.9601],[-159.5432,54.9764],[-159.5648,54.9914],[-159.5803,54.9876],[-159.6041,54.9894],[-159.6262,54.9865],[-159.6765,54.9872],[-159.7071,54.9975],[-159.7035,54.9998],[-159.7245,55.0178],[-159.7348,54.9903],[-159.7609,54.9718],[-159.7741,54.9685],[-159.7676,54.9566],[-159.7758,54.9378],[-159.789,54.9257],[-159.8161,54.9095],[-159.8461,54.9024],[-159.875,54.9042],[-159.9069,54.9095],[-159.937,54.9191],[-159.953,54.9294],[-159.9589,54.9132],[-159.9713,54.9005],[-159.9868,54.8912],[-160.0108,54.8836],[-160.0346,54.8796],[-160.0659,54.8811],[-160.094,54.8904],[-160.1012,54.8695],[-160.1131,54.8549],[-160.1554,54.829],[-160.2078,54.8073],[-160.242,54.8035],[-160.2581,54.8069],[-160.3029,54.8297],[-160.3158,54.8433],[-160.3372,54.8773],[-160.3432,54.8944],[-160.3434,54.9309],[-160.3361,54.9499],[-160.3269,54.9597],[-160.2976,54.9765],[-160.3014,54.9863],[-160.2929,55.0007],[-160.2444,55.0226],[-160.262,55.0352],[-160.265,55.0507],[-160.2627,55.0728],[-160.2779,55.0889],[-160.2886,55.1116],[-160.2853,55.1246],[-160.271,55.1389],[-160.2456,55.1524],[-160.2146,55.1601],[-160.2062,55.1722],[-160.1903,55.1853],[-160.1497,55.1964],[-160.1496,55.2102],[-160.1301,55.2387],[-160.156,55.2538],[-160.1673,55.2725],[-160.1676,55.2798],[-160.182,55.2886],[-160.1908,55.3154],[-160.2006,55.3232],[-160.2036,55.3358],[-160.2257,55.3467],[-160.239,55.3403],[-160.2194,55.3225],[-160.2158,55.3083],[-160.2213,55.2892],[-160.2383,55.2725],[-160.2342,55.2569],[-160.2426,55.2411],[-160.2783,55.2051],[-160.2927,55.198],[-160.3212,55.1935],[-160.3537,55.1936],[-160.3668,55.1965],[-160.3678,55.1844],[-160.377,55.1654],[-160.4115,55.1463],[-160.418,55.1323],[-160.4394,55.1197],[-160.4469,55.1082],[-160.4318,55.0947],[-160.4273,55.0761],[-160.4309,55.0649],[-160.4608,55.0358],[-160.4784,55.0295],[-160.5194,55.0251],[-160.5543,55.0309],[-160.5733,55.037],[-160.5917,55.0528],[-160.5984,55.064],[-160.6024,55.0832],[-160.5987,55.0941],[-160.6077,55.0984],[-160.6126,55.0955],[-160.6489,55.0963],[-160.6782,55.1074],[-160.6992,55.1075],[-160.7097,55.1121],[-160.7234,55.0998],[-160.7864,55.0708],[-160.8368,55.0681],[-160.8677,55.0756],[-160.8997,55.0954],[-160.9077,55.113],[-160.9015,55.1356],[-160.905,55.1595],[-160.9356,55.1782],[-160.9415,55.1885],[-160.9428,55.2023],[-160.9224,55.2381],[-160.9386,55.2526],[-160.944,55.2638],[-160.9386,55.2918],[-160.9534,55.3254],[-160.931,55.3565],[-160.8997,55.3786],[-160.8925,55.3807],[-160.8877,55.3966],[-160.859,55.4199],[-160.908,55.4204],[-160.9329,55.4057],[-160.9959,55.3812],[-161.1126,55.3434],[-161.1388,55.3375],[-161.1537,55.3238],[-161.193,55.3082],[-161.2261,55.2995],[-161.2395,55.2985],[-161.2388,55.2961],[-161.2196,55.2941],[-161.1857,55.2858],[-161.1729,55.2954],[-161.1286,55.3134],[-161.09,55.3167],[-161.069,55.3124],[-161.0311,55.2947],[-161.0198,55.2847],[-161.013,55.263],[-161.016,55.2514],[-161.0397,55.2295],[-161.0586,55.2201],[-161.0803,55.2144],[-161.1066,55.2123],[-161.1317,55.2139],[-161.1555,55.2225],[-161.1679,55.2109],[-161.1814,55.2042],[-161.205,55.1983],[-161.2486,55.1933],[-161.2532,55.1867],[-161.2444,55.1731],[-161.2432,55.1635],[-161.2512,55.1465],[-161.2465,55.127],[-161.2547,55.1134],[-161.2722,55.1001],[-161.291,55.092],[-161.3136,55.0866],[-161.3457,55.0852],[-161.3754,55.0892],[-161.3987,55.072],[-161.4177,55.0668],[-161.4176,55.0621],[-161.3899,55.0546],[-161.3737,55.046],[-161.3612,55.0338],[-161.3532,55.0196],[-161.3526,55.01],[-161.3595,54.9915],[-161.3849,54.974],[-161.3941,54.9685],[-161.417,54.9632],[-161.4408,54.9638],[-161.4513,54.955],[-161.4701,54.9497],[-161.4931,54.9545],[-161.5259,54.9516],[-161.5535,54.9545],[-161.5675,54.9575],[-161.5846,54.968],[-161.5913,54.9637],[-161.6278,54.9575],[-161.6594,54.9564],[-161.6723,54.9592],[-161.6666,54.9281],[-161.6881,54.9076],[-161.7173,54.8957],[-161.71,54.8916],[-161.6676,54.8829],[-161.6524,54.875],[-161.641,54.8637],[-161.6301,54.8403],[-161.6157,54.8389],[-161.5768,54.8142],[-161.5647,54.7972],[-161.5663,54.7848],[-161.5766,54.7607],[-161.5904,54.7498],[-161.605,54.7424],[-161.6399,54.7362],[-161.6729,54.7378],[-161.6984,54.7474],[-161.7102,54.7392],[-161.7537,54.7276],[-161.7658,54.7277],[-161.765,54.7245],[-161.7827,54.7068],[-161.8093,54.6929],[-161.8411,54.6845],[-161.862,54.6898],[-161.8747,54.6865],[-161.8892,54.687],[-161.9358,54.6952],[-161.9571,54.7083],[-161.9647,54.7169],[-161.9833,54.7121],[-162.0119,54.7184],[-162.0456,54.7057],[-162.0565,54.7045],[-162.0332,54.6811],[-162.0286,54.6591],[-162.0347,54.6448],[-162.048,54.6319],[-162.0629,54.6252],[-162.1049,54.6183],[-162.1612,54.6265],[-162.1873,54.6396],[-162.206,54.635],[-162.2315,54.6368],[-162.2405,54.6405],[-162.2423,54.6167],[-162.2527,54.6034],[-162.2794,54.5824],[-162.3093,54.5751],[-162.3219,54.5758],[-162.3173,54.5724],[-162.3151,54.5457],[-162.3218,54.5319],[-162.3378,54.5178],[-162.365,54.5077],[-162.392,54.5049],[-162.4285,54.5077],[-162.4428,54.5122],[-162.4651,54.5249],[-162.4799,54.5409],[-162.4838,54.5585],[-162.4784,54.5756],[-162.4643,54.5875],[-162.4776,54.5952],[-162.4879,54.6102],[-162.4904,54.6224],[-162.4837,54.6401],[-162.4599,54.6665],[-162.4772,54.6703],[-162.507,54.6827],[-162.5263,54.6947],[-162.5393,54.7072],[-162.5497,54.7254],[-162.555,54.7493],[-162.547,54.7646],[-162.5331,54.7766],[-162.5127,54.7854],[-162.4975,54.7872],[-162.4831,54.7927],[-162.5126,54.8115],[-162.5385,54.811],[-162.5694,54.8151],[-162.6,54.8268],[-162.6189,54.8452],[-162.6146,54.8779],[-162.6065,54.8902],[-162.5789,54.9085],[-162.5914,54.907],[-162.6133,54.9134],[-162.643,54.9333],[-162.6511,54.9221],[-162.6939,54.9081],[-162.7068,54.9092],[-162.7326,54.8958],[-162.7619,54.8897],[-162.7908,54.8888],[-162.7915,54.8783],[-162.8042,54.8664],[-162.822,54.8566],[-162.8468,54.8484],[-162.8939,54.8442],[-162.9308,54.8591],[-162.9678,54.8825],[-163.0633,54.8795],[-163.0629,54.8696],[-163.0794,54.8538],[-163.0971,54.8469],[-163.1101,54.8462],[-163.1205,54.8355],[-163.1373,54.8298],[-163.1417,54.8203],[-163.1348,54.8188],[-163.1272,54.8127],[-163.1154,54.8132],[-163.105,54.8094],[-163.0708,54.7887],[-163.0578,54.7734],[-163.0282,54.7572],[-163.0122,54.7391],[-162.9844,54.7231],[-162.9686,54.7087],[-162.9621,54.6821],[-162.9519,54.666],[-162.9549,54.6598],[-162.9861,54.6377],[-162.9998,54.6235],[-163.0257,54.6112],[-163.0591,54.6062],[-163.1098,54.6113],[-163.1262,54.6158],[-163.1408,54.6133],[-163.2251,54.6173],[-163.3062,54.6079],[-163.3472,54.6067],[-163.414,54.6004],[-163.4359,54.6028],[-163.4539,54.5911],[-163.4662,54.5869],[-163.5011,54.582],[-163.5261,54.5517],[-163.552,54.5414],[-163.5641,54.5396],[-163.5935,54.5411],[-163.7128,54.5702],[-163.7578,54.572],[-163.9529,54.5684],[-164.0018,54.5636],[-164.0562,54.5636],[-164.1227,54.5561],[-164.1518,54.5491],[-164.2279,54.5237],[-164.2396,54.5137],[-164.2366,54.4999],[-164.2492,54.478],[-164.25,54.4679],[-164.2768,54.4372],[-164.3163,54.4114],[-164.3469,54.3966],[-164.3861,54.3847],[-164.4151,54.3688],[-164.4573,54.364],[-164.4871,54.3696],[-164.5022,54.3632],[-164.5645,54.352],[-164.5816,54.3454],[-164.6171,54.3389],[-164.6633,54.3375],[-164.706,54.3442],[-164.7406,54.3373]]],[[[-162.7001,54.238],[-162.7265,54.2421],[-162.7466,54.2527],[-162.7682,54.2704],[-162.78,54.2932],[-162.7985,54.2982],[-162.8179,54.3148],[-162.8316,54.316],[-162.8507,54.3225],[-162.8751,54.339],[-162.89,54.3308],[-162.922,54.326],[-162.9527,54.3257],[-162.9833,54.3378],[-163.0048,54.3516],[-163.0139,54.3671],[-163.0084,54.4002],[-162.995,54.4148],[-162.9599,54.428],[-162.9657,54.4373],[-162.9646,54.4462],[-162.9494,54.4674],[-162.9356,54.4777],[-162.9448,54.5054],[-162.9389,54.5211],[-162.9069,54.544],[-162.8808,54.5532],[-162.8444,54.5531],[-162.8245,54.5493],[-162.7996,54.5395],[-162.77,54.5378],[-162.7418,54.5312],[-162.7331,54.5266],[-162.7226,54.5298],[-162.6915,54.5264],[-162.6637,54.5128],[-162.6586,54.5146],[-162.636,54.5118],[-162.6106,54.5004],[-162.6001,54.5054],[-162.5827,54.5058],[-162.5452,54.497],[-162.508,54.482],[-162.5058,54.478],[-162.4761,54.4791],[-162.4419,54.4753],[-162.4229,54.4685],[-162.4116,54.4591],[-162.3956,54.4643],[-162.3544,54.4567],[-162.2777,54.4194],[-162.2482,54.3993],[-162.2415,54.3886],[-162.2384,54.3699],[-162.2501,54.3467],[-162.2621,54.3384],[-162.2822,54.331],[-162.3374,54.3257],[-162.359,54.3285],[-162.4043,54.3058],[-162.4293,54.2985],[-162.4627,54.2965],[-162.4771,54.2989],[-162.495,54.2917],[-162.5266,54.258],[-162.5631,54.2436],[-162.5918,54.244],[-162.6234,54.2525],[-162.6305,54.2493],[-162.6521,54.2483],[-162.6599,54.2423],[-162.7001,54.238]]],[[[-168.0351,53.8742],[-168.0729,53.8795],[-168.0924,53.8881],[-168.1231,53.912],[-168.1325,53.9274],[-168.1359,53.9467],[-168.1298,53.9627],[-168.111,53.9816],[-168.083,53.9924],[-168.0492,53.9949],[-168.0226,53.9941],[-168.0022,53.988],[-167.9935,53.9904],[-167.97,53.9774],[-167.959,53.9637],[-167.953,53.9261],[-167.9632,53.9013],[-167.984,53.8865],[-168.002,53.8792],[-168.0351,53.8742]]],[[[-169.228,52.7146],[-169.2676,52.7163],[-169.2915,52.7226],[-169.3197,52.7395],[-169.3266,52.7535],[-169.3206,52.7837],[-169.312,52.7965],[-169.2943,52.8116],[-169.2636,52.826],[-169.1882,52.8507],[-169.2268,52.8612],[-169.2432,52.8714],[-169.2554,52.8845],[-169.2588,52.9133],[-169.254,52.9243],[-169.2339,52.9459],[-169.2189,52.9559],[-169.1972,52.9649],[-169.1295,52.9629],[-169.1094,52.9584],[-169.0949,52.9693],[-169.0657,52.9813],[-169.0447,52.9859],[-169.0233,52.987],[-169.0001,52.9828],[-169.0033,52.9966],[-168.9995,53.0106],[-168.9922,53.0241],[-168.9653,53.0508],[-168.9528,53.0582],[-168.9282,53.066],[-168.9162,53.0676],[-168.9057,53.0655],[-168.8728,53.0817],[-168.8908,53.1086],[-168.8906,53.1239],[-168.8806,53.1409],[-168.8831,53.1502],[-168.8595,53.1882],[-168.832,53.2074],[-168.8195,53.2217],[-168.8065,53.2306],[-168.7814,53.2406],[-168.7398,53.2715],[-168.7177,53.2799],[-168.6991,53.2804],[-168.6893,53.3033],[-168.6669,53.3152],[-168.6194,53.3272],[-168.5043,53.3629],[-168.4884,53.3754],[-168.4777,53.3787],[-168.4868,53.3901],[-168.4964,53.4211],[-168.4767,53.4506],[-168.4564,53.4681],[-168.4253,53.4863],[-168.4153,53.5094],[-168.3964,53.5194],[-168.364,53.5303],[-168.3517,53.5303],[-168.3345,53.5387],[-168.3181,53.5395],[-168.3091,53.5556],[-168.2841,53.5711],[-168.2503,53.5777],[-168.1854,53.5986],[-168.1629,53.5979],[-168.1515,53.6039],[-168.0803,53.6205],[-168.0628,53.6186],[-168.0403,53.6103],[-167.9923,53.615],[-167.9484,53.6104],[-167.9257,53.6019],[-167.9014,53.5875],[-167.8851,53.5714],[-167.875,53.569],[-167.8042,53.5718],[-167.7623,53.568],[-167.731,53.5564],[-167.7183,53.5486],[-167.6983,53.5242],[-167.6961,53.5146],[-167.7012,53.4876],[-167.7117,53.4717],[-167.7306,53.4509],[-167.7612,53.4316],[-167.7525,53.4215],[-167.7278,53.434],[-167.6481,53.4421],[-167.6081,53.4581],[-167.5818,53.4592],[-167.5744,53.4628],[-167.5552,53.4654],[-167.5421,53.4785],[-167.5027,53.4953],[-167.4828,53.4976],[-167.4442,53.4933],[-167.4224,53.4981],[-167.4119,53.5153],[-167.3927,53.5283],[-167.3605,53.5401],[-167.3412,53.5436],[-167.2963,53.5397],[-167.2304,53.5667],[-167.2394,53.5833],[-167.2471,53.6147],[-167.2444,53.6294],[-167.2339,53.6441],[-167.2152,53.6582],[-167.1557,53.6783],[-167.1539,53.6936],[-167.1382,53.7094],[-167.1649,53.7738],[-167.2182,53.8018],[-167.2341,53.8142],[-167.2335,53.8258],[-167.2435,53.8426],[-167.2429,53.8547],[-167.2301,53.8882],[-167.2121,53.9006],[-167.1763,53.9118],[-167.1742,53.9321],[-167.1608,53.9539],[-167.1447,53.9632],[-167.1061,53.9753],[-167.0957,53.9759],[-167.0916,53.9859],[-167.0767,53.9983],[-167.054,54.0086],[-167.0247,54.0149],[-167.0092,54.015],[-167.0018,54.0211],[-166.9887,54.0239],[-166.9365,54.0272],[-166.9104,54.04],[-166.88,54.045],[-166.8202,54.048],[-166.8148,54.0535],[-166.7852,54.066],[-166.7559,54.0688],[-166.5111,54.0578],[-166.4625,54.0607],[-166.3545,54.0611],[-166.3051,54.0511],[-166.2872,54.0382],[-166.2864,54.0337],[-166.2752,54.036],[-166.2616,54.0351],[-166.2432,54.0302],[-166.2257,54.042],[-166.2081,54.048],[-166.1808,54.0509],[-166.1409,54.0469],[-166.1405,54.0571],[-166.1723,54.0752],[-166.1821,54.0905],[-166.199,54.1035],[-166.2024,54.1198],[-166.1991,54.1355],[-166.1926,54.1455],[-166.1841,54.1509],[-166.1837,54.1611],[-166.1735,54.1733],[-166.1719,54.1849],[-166.1652,54.1951],[-166.1376,54.2142],[-166.1206,54.2231],[-166.0685,54.2399],[-166.0611,54.2494],[-166.034,54.261],[-166.0028,54.2648],[-165.9877,54.2708],[-165.9373,54.277],[-165.9081,54.2744],[-165.8882,54.2674],[-165.8367,54.2582],[-165.7892,54.2391],[-165.7691,54.2392],[-165.7674,54.2552],[-165.7434,54.2889],[-165.7252,54.3063],[-165.6962,54.3322],[-165.6826,54.3393],[-165.6555,54.347],[-165.624,54.3493],[-165.5943,54.3466],[-165.5788,54.3414],[-165.542,54.3487],[-165.4625,54.3468],[-165.4313,54.3407],[-165.4068,54.3267],[-165.3891,54.2993],[-165.3884,54.2881],[-165.3587,54.2661],[-165.3452,54.251],[-165.3186,54.2481],[-165.2631,54.2365],[-165.2415,54.2259],[-165.2321,54.2165],[-165.2321,54.1957],[-165.2428,54.1779],[-165.2589,54.1668],[-165.2792,54.1584],[-165.319,54.1492],[-165.3209,54.1445],[-165.2711,54.1441],[-165.2438,54.1593],[-165.204,54.166],[-165.1865,54.1743],[-165.1503,54.1805],[-165.0669,54.1801],[-165.0635,54.1867],[-165.0315,54.2089],[-165.0097,54.2129],[-164.975,54.2149],[-164.9662,54.2264],[-164.9113,54.2547],[-164.8054,54.2824],[-164.7586,54.2782],[-164.7293,54.2719],[-164.7089,54.264],[-164.6878,54.2501],[-164.6796,54.2188],[-164.6824,54.2019],[-164.692,54.1822],[-164.7145,54.1661],[-164.7539,54.1549],[-164.763,54.1435],[-164.7763,54.1358],[-164.8174,54.1334],[-164.8219,54.1308],[-164.8412,54.0902],[-164.8461,54.0833],[-164.8656,54.0753],[-164.8677,54.0642],[-164.8811,54.0434],[-164.9229,54.0285],[-164.9645,54.0251],[-165.0272,54.0129],[-165.0515,54.0148],[-165.0822,54.0118],[-165.1599,54.0192],[-165.1845,54.017],[-165.1973,54.0091],[-165.2211,54.003],[-165.2339,53.9951],[-165.2697,53.9807],[-165.3029,53.9807],[-165.3574,54.0028],[-165.381,54.0164],[-165.4031,54.0171],[-165.4132,54.0083],[-165.4686,53.9864],[-165.5198,53.9721],[-165.5633,53.9673],[-165.6067,53.9768],[-165.6323,53.9976],[-165.6572,54.0363],[-165.7027,54.0341],[-165.7175,54.0251],[-165.7501,54.0166],[-165.7753,54.0145],[-165.789,54.0162],[-165.8281,53.9782],[-165.8869,53.9703],[-165.9611,53.9161],[-165.956,53.9017],[-165.938,53.8842],[-165.9227,53.846],[-165.9303,53.8189],[-165.9763,53.7711],[-166.0021,53.757],[-166.028,53.7526],[-166.0358,53.7468],[-166.0463,53.7458],[-166.0641,53.7324],[-166.0816,53.7255],[-166.0987,53.6996],[-166.1074,53.6947],[-166.1248,53.691],[-166.1311,53.6831],[-166.1485,53.6719],[-166.1749,53.6598],[-166.2101,53.6546],[-166.2211,53.6453],[-166.2716,53.6297],[-166.2956,53.6263],[-166.32,53.617],[-166.3445,53.6146],[-166.3605,53.6056],[-166.3787,53.6021],[-166.5224,53.4933],[-166.5421,53.4824],[-166.5812,53.4725],[-166.5808,53.465],[-166.5893,53.4572],[-166.7018,53.402],[-166.7249,53.3942],[-166.7412,53.3917],[-166.7603,53.3947],[-166.7887,53.3839],[-166.8036,53.3816],[-166.8201,53.3848],[-166.8582,53.3787],[-166.883,53.3776],[-166.9274,53.3851],[-166.956,53.3753],[-166.9896,53.3732],[-167.0161,53.3758],[-167.0363,53.3818],[-167.0551,53.3724],[-167.0725,53.3727],[-167.0907,53.3671],[-167.1068,53.367],[-167.2199,53.3255],[-167.2257,53.3108],[-167.2551,53.2873],[-167.2874,53.276],[-167.3281,53.2716],[-167.3539,53.2732],[-167.3644,53.2765],[-167.3864,53.2609],[-167.3969,53.2568],[-167.4042,53.258],[-167.4064,53.2498],[-167.4486,53.2139],[-167.5221,53.186],[-167.5925,53.174],[-167.6693,53.172],[-167.7685,53.182],[-167.8292,53.192],[-167.8709,53.2059],[-167.9475,53.2119],[-168.0105,53.2203],[-168.0263,53.2261],[-168.0441,53.2442],[-168.0595,53.2329],[-168.069,53.2297],[-168.1322,53.2193],[-168.1369,53.2138],[-168.157,53.2043],[-168.1511,53.1905],[-168.1553,53.1772],[-168.1699,53.1586],[-168.1962,53.1469],[-168.2163,53.1414],[-168.2512,53.1387],[-168.2577,53.1419],[-168.2725,53.1255],[-168.2816,53.1214],[-168.2915,53.1053],[-168.3025,53.0961],[-168.3201,53.0859],[-168.334,53.0832],[-168.3222,53.0686],[-168.3205,53.0501],[-168.3295,53.0373],[-168.341,53.03],[-168.3192,53.0092],[-168.3126,52.989],[-168.3253,52.9665],[-168.3535,52.9482],[-168.3689,52.9454],[-168.3731,52.947],[-168.3765,52.9415],[-168.387,52.936],[-168.4309,52.9218],[-168.4552,52.9234],[-168.4763,52.9195],[-168.522,52.9337],[-168.5448,52.9467],[-168.5571,52.9582],[-168.5647,52.9515],[-168.5852,52.9465],[-168.5921,52.9374],[-168.6044,52.9354],[-168.6026,52.9234],[-168.6098,52.9157],[-168.6483,52.8987],[-168.6758,52.8948],[-168.6732,52.8919],[-168.6765,52.8864],[-168.69,52.8757],[-168.7431,52.8547],[-168.7692,52.8527],[-168.8198,52.8558],[-168.827,52.8584],[-168.8495,52.8409],[-168.8751,52.8306],[-168.9036,52.8272],[-168.9514,52.8075],[-168.9777,52.8056],[-169.0062,52.7856],[-169.03,52.7794],[-169.0661,52.776],[-169.0794,52.778],[-169.0817,52.7712],[-169.1408,52.741],[-169.162,52.7327],[-169.228,52.7146]]],[[[172.9015,52.6816],[172.8829,52.6848],[172.8573,52.6957],[172.8356,52.71],[172.8143,52.7308],[172.7877,52.7271],[172.7601,52.7274],[172.7369,52.7279],[172.7161,52.7324],[172.6802,52.7486],[172.6396,52.7798],[172.5873,52.8091],[172.4791,52.8552],[172.4504,52.8524],[172.428,52.8561],[172.3625,52.887],[172.3539,52.895],[172.3479,52.9067],[172.3539,52.9358],[172.3765,52.9596],[172.3995,52.9688],[172.4277,52.9715],[172.4453,52.984],[172.4957,53.0044],[172.5277,53.0233],[172.5622,53.0306],[172.5862,53.0439],[172.6232,53.0531],[172.6827,53.0549],[172.7344,53.0636],[172.7637,53.0653],[172.7879,53.063],[172.8365,53.051],[172.8883,53.0541],[172.9129,53.0507],[172.9541,53.039],[172.9818,53.0469],[172.9942,53.0475],[173.0187,53.0475],[173.0619,53.0418],[173.1022,53.0459],[173.1462,53.041],[173.2159,53.0204],[173.2291,53.0122],[173.2384,52.9998],[173.2499,53.0023],[173.2789,53.0017],[173.3219,52.9921],[173.3714,52.9603],[173.3838,52.9411],[173.3926,52.9075],[173.4004,52.9068],[173.4181,52.916],[173.4316,52.9175],[173.4741,52.9076],[173.5025,52.8915],[173.5161,52.874],[173.5375,52.8668],[173.5481,52.859],[173.577,52.8304],[173.5807,52.8155],[173.5693,52.799],[173.5514,52.7849],[173.526,52.7745],[173.5044,52.7728],[173.4687,52.775],[173.4482,52.7812],[173.4033,52.7776],[173.4216,52.7556],[173.4143,52.7281],[173.3985,52.7105],[173.3619,52.6958],[173.3302,52.6928],[173.3064,52.6989],[173.2875,52.7067],[173.2677,52.72],[173.2096,52.7397],[173.1825,52.7384],[173.1328,52.7302],[173.1033,52.7298],[173.0627,52.7403],[173.0458,52.7489],[173.0442,52.7382],[173.036,52.7285],[172.9431,52.6888],[172.9209,52.6831],[172.9015,52.6816]]],[[[-170.1198,52.6617],[-170.1565,52.6644],[-170.1737,52.6629],[-170.2134,52.669],[-170.2501,52.6811],[-170.2636,52.6973],[-170.2675,52.7248],[-170.2749,52.7376],[-170.2674,52.7643],[-170.2471,52.7789],[-170.2332,52.8001],[-170.2068,52.8228],[-170.1864,52.8305],[-170.1528,52.8358],[-170.1902,52.8628],[-170.1997,52.8801],[-170.2034,52.8976],[-170.1986,52.9164],[-170.1769,52.9351],[-170.1166,52.9631],[-170.0866,52.9712],[-170.0672,52.9722],[-170.0249,52.9711],[-170.0023,52.9648],[-169.9774,52.9655],[-169.9418,52.9588],[-169.9105,52.9352],[-169.9082,52.9225],[-169.8855,52.9326],[-169.8319,52.9355],[-169.8278,52.9328],[-169.8178,52.9373],[-169.8275,52.9454],[-169.8429,52.9695],[-169.833,53.01],[-169.8588,53.0198],[-169.8832,53.0452],[-169.8729,53.0892],[-169.8607,53.105],[-169.8141,53.1266],[-169.7702,53.1343],[-169.7307,53.1278],[-169.6898,53.1121],[-169.6642,53.0857],[-169.631,53.0775],[-169.614,53.0698],[-169.5807,53.0322],[-169.5751,53.0018],[-169.5803,52.9824],[-169.5875,52.97],[-169.5958,52.9632],[-169.6071,52.9596],[-169.6126,52.9443],[-169.62,52.9361],[-169.6337,52.9291],[-169.6149,52.9121],[-169.6156,52.9033],[-169.6076,52.9019],[-169.5934,52.8895],[-169.5874,52.8589],[-169.5883,52.8398],[-169.5929,52.8315],[-169.5866,52.8141],[-169.5886,52.8006],[-169.6188,52.7806],[-169.6171,52.7759],[-169.6275,52.7507],[-169.6391,52.7368],[-169.6597,52.7262],[-169.6823,52.7191],[-169.703,52.7161],[-169.7381,52.721],[-169.762,52.7286],[-169.8043,52.7462],[-169.8203,52.7594],[-169.8263,52.7581],[-169.8488,52.7631],[-169.8764,52.7467],[-169.9038,52.7406],[-169.9756,52.7381],[-169.9818,52.712],[-170.0193,52.6824],[-170.0326,52.6758],[-170.065,52.6665],[-170.0866,52.6626],[-170.1198,52.6617]]],[[[174.1467,52.656],[174.1083,52.6645],[174.0793,52.6633],[174.0571,52.6717],[174.0179,52.6718],[173.9515,52.6857],[173.9161,52.6997],[173.8714,52.7056],[173.838,52.716],[173.7887,52.7497],[173.7732,52.7734],[173.7761,52.7917],[173.789,52.8103],[173.802,52.8197],[173.8175,52.825],[173.8706,52.8348],[173.9061,52.8313],[173.9647,52.8115],[173.9806,52.814],[173.9888,52.8123],[174.0378,52.7966],[174.0502,52.7891],[174.0683,52.7962],[174.1144,52.8033],[174.1992,52.7803],[174.2214,52.7677],[174.2327,52.7573],[174.2367,52.7482],[174.2378,52.7033],[174.2344,52.6951],[174.2118,52.6742],[174.1625,52.6567],[174.1467,52.656]]],[[[-170.7938,52.4871],[-170.8284,52.4919],[-170.8484,52.5052],[-170.8876,52.5138],[-170.913,52.5303],[-170.9274,52.5499],[-170.9235,52.575],[-170.9127,52.5912],[-170.9032,52.6224],[-170.8889,52.6493],[-170.8655,52.6691],[-170.8341,52.6843],[-170.8187,52.6885],[-170.786,52.714],[-170.7704,52.7211],[-170.7321,52.7298],[-170.7002,52.744],[-170.6804,52.7496],[-170.6304,52.7516],[-170.5641,52.7422],[-170.5432,52.7319],[-170.5264,52.7292],[-170.5083,52.7212],[-170.481,52.6904],[-170.4747,52.6738],[-170.474,52.6384],[-170.5092,52.5977],[-170.5361,52.5739],[-170.5757,52.5549],[-170.652,52.5406],[-170.6745,52.5399],[-170.7383,52.5001],[-170.7638,52.4898],[-170.7938,52.4871]]],[[[-171.2643,52.3912],[-171.2943,52.3931],[-171.3491,52.4088],[-171.3584,52.4126],[-171.3773,52.4314],[-171.3937,52.4681],[-171.3871,52.5148],[-171.3744,52.5371],[-171.3441,52.556],[-171.3124,52.5707],[-171.2805,52.5798],[-171.2486,52.5809],[-171.2059,52.6249],[-171.1792,52.6387],[-171.1403,52.6396],[-171.1099,52.6363],[-171.0697,52.6271],[-171.0383,52.6143],[-171.0225,52.6037],[-171.0188,52.5858],[-171.0336,52.5485],[-171.0496,52.531],[-171.0646,52.5212],[-171.1021,52.5083],[-171.1118,52.5076],[-171.1149,52.4828],[-171.124,52.4644],[-171.1365,52.4457],[-171.1731,52.4152],[-171.2063,52.3989],[-171.2266,52.3937],[-171.2643,52.3912]]],[[[173.6661,52.292],[173.6244,52.2978],[173.5974,52.308],[173.581,52.3192],[173.5482,52.3249],[173.5337,52.3318],[173.4816,52.3267],[173.4623,52.3277],[173.4358,52.3346],[173.3795,52.3381],[173.3491,52.3492],[173.3138,52.3523],[173.2894,52.3681],[173.2777,52.382],[173.2726,52.3975],[173.2744,52.4166],[173.2981,52.4417],[173.3,52.4502],[173.3159,52.4646],[173.3367,52.4761],[173.37,52.483],[173.3937,52.4998],[173.4313,52.5087],[173.4805,52.5026],[173.4986,52.5169],[173.5348,52.5283],[173.5591,52.5471],[173.6083,52.5599],[173.639,52.5569],[173.6567,52.5641],[173.6922,52.5614],[173.7821,52.5655],[173.8042,52.561],[173.8257,52.5461],[173.8478,52.5372],[173.8556,52.5283],[173.8548,52.5139],[173.8446,52.4889],[173.8125,52.4628],[173.7926,52.4526],[173.7806,52.4508],[173.7945,52.4333],[173.7982,52.3925],[173.8141,52.3533],[173.7943,52.325],[173.7666,52.3067],[173.7477,52.3],[173.7308,52.2976],[173.6924,52.3019],[173.6816,52.2949],[173.6661,52.292]]],[[[175.9027,52.2809],[175.8624,52.2896],[175.8314,52.3056],[175.8014,52.3399],[175.7899,52.348],[175.7634,52.3807],[175.7825,52.4172],[175.8113,52.4327],[175.8419,52.4403],[175.8747,52.4397],[175.8985,52.4319],[175.9178,52.4343],[175.9553,52.424],[175.9686,52.4161],[175.9786,52.4168],[176.0049,52.4095],[176.0434,52.3903],[176.0646,52.3634],[176.0629,52.3502],[176.0541,52.3367],[176.0373,52.3213],[176.0244,52.3157],[176.0099,52.2996],[175.9709,52.2887],[175.9027,52.2809]]],[[[-172.5445,52.198],[-172.5761,52.2022],[-172.6162,52.1991],[-172.6524,52.2063],[-172.6596,52.2111],[-172.676,52.2106],[-172.6887,52.2167],[-172.7075,52.2342],[-172.7184,52.2531],[-172.7207,52.2644],[-172.7127,52.2763],[-172.7173,52.2815],[-172.7144,52.2948],[-172.7013,52.3146],[-172.6815,52.3306],[-172.6332,52.3879],[-172.6061,52.3994],[-172.5477,52.413],[-172.484,52.4366],[-172.4484,52.4431],[-172.4271,52.4402],[-172.4176,52.4441],[-172.3993,52.4445],[-172.3795,52.4413],[-172.3561,52.4333],[-172.3324,52.4199],[-172.2965,52.4139],[-172.2497,52.3934],[-172.2313,52.3799],[-172.2244,52.3694],[-172.2263,52.3549],[-172.2106,52.3271],[-172.2107,52.3163],[-172.2284,52.2962],[-172.2501,52.2841],[-172.266,52.2818],[-172.2877,52.2657],[-172.335,52.2523],[-172.3549,52.2383],[-172.3779,52.2284],[-172.4077,52.2245],[-172.4273,52.2254],[-172.4501,52.2173],[-172.475,52.2151],[-172.4943,52.2041],[-172.5106,52.2],[-172.5445,52.198]]],[[[-175.1526,52.163],[-175.1765,52.1707],[-175.2053,52.1912],[-175.223,52.2206],[-175.2249,52.233],[-175.2046,52.2591],[-175.1751,52.2716],[-175.1198,52.2805],[-175.096,52.2743],[-175.0707,52.2629],[-175.0536,52.2513],[-175.0365,52.229],[-175.0364,52.2176],[-175.0642,52.1861],[-175.0788,52.1772],[-175.1132,52.1657],[-175.1526,52.163]]],[[[-175.5123,52.1074],[-175.5613,52.1226],[-175.5986,52.1467],[-175.6091,52.1674],[-175.6098,52.183],[-175.604,52.1987],[-175.5794,52.2202],[-175.5329,52.2366],[-175.4921,52.2376],[-175.4564,52.2275],[-175.4191,52.2055],[-175.4055,52.187],[-175.4043,52.1716],[-175.437,52.1328],[-175.4547,52.121],[-175.4857,52.1094],[-175.5123,52.1074]]],[[[177.3552,52.0714],[177.3326,52.0752],[177.3214,52.0804],[177.2906,52.1022],[177.2814,52.1198],[177.2818,52.1351],[177.2962,52.1499],[177.3293,52.1667],[177.3673,52.1753],[177.3837,52.1743],[177.4088,52.1676],[177.4379,52.1469],[177.4459,52.1351],[177.4459,52.1113],[177.4355,52.097],[177.4149,52.0848],[177.3868,52.0752],[177.3552,52.0714]]],[[[178.5316,51.8467],[178.5021,51.8469],[178.4773,51.8522],[178.4129,51.8754],[178.3838,51.891],[178.3711,51.9068],[178.3309,51.8985],[178.2893,51.9008],[178.2605,51.9102],[178.2505,51.9196],[178.229,51.9265],[178.1959,51.9488],[178.1428,51.9393],[178.1006,51.9399],[178.0597,51.9481],[178.0386,51.9604],[178.0163,51.9787],[178.0106,52.0007],[178.015,52.015],[178.0061,52.0214],[178.0004,52.0333],[178.0034,52.0496],[178.0206,52.0719],[178.0462,52.0886],[178.0769,52.1],[178.109,52.1028],[178.1219,52.1074],[178.1627,52.1066],[178.1888,52.0987],[178.2115,52.084],[178.2256,52.0804],[178.2473,52.0675],[178.2672,52.0374],[178.3784,52.0289],[178.4027,52.0217],[178.4404,52.0355],[178.4687,52.0412],[178.5124,52.0434],[178.6166,52.0094],[178.6433,51.9976],[178.6639,51.9828],[178.6712,51.9599],[178.6669,51.9303],[178.6257,51.8884],[178.6047,51.8737],[178.5807,51.8596],[178.5316,51.8467]]],[[[-177.469,51.8399],[-177.4867,51.8436],[-177.5326,51.873],[-177.5465,51.8894],[-177.5518,51.9155],[-177.543,51.9351],[-177.5092,51.9657],[-177.4937,51.9746],[-177.4596,51.9829],[-177.4223,51.9764],[-177.3744,51.9626],[-177.3648,51.9568],[-177.3392,51.9272],[-177.3325,51.9008],[-177.3363,51.889],[-177.3523,51.8717],[-177.3809,51.8557],[-177.4298,51.8411],[-177.469,51.8399]]],[[[178.0449,51.8215],[177.9972,51.822],[177.9602,51.837],[177.9354,51.8611],[177.9343,51.8758],[177.9455,51.8956],[177.9744,51.9146],[177.9969,51.922],[178.0343,51.9226],[178.069,51.9145],[178.0937,51.8945],[178.1014,51.8671],[178.0979,51.8507],[178.084,51.8353],[178.0449,51.8215]]],[[[179.6232,51.819],[179.5748,51.8268],[179.5483,51.8361],[179.4846,51.848],[179.4568,51.8599],[179.4429,51.8759],[179.4236,51.8858],[179.3896,51.9238],[179.3888,51.9419],[179.4045,51.9684],[179.4014,51.9731],[179.4087,52.0054],[179.4296,52.0236],[179.4503,52.0313],[179.4858,52.0339],[179.5083,52.0397],[179.5209,52.0542],[179.5409,52.0642],[179.6583,52.0783],[179.6791,52.0753],[179.7185,52.0534],[179.7534,52.0471],[179.771,52.0408],[179.7822,52.0334],[179.7903,52.0184],[179.8192,52.01],[179.847,51.9925],[179.857,51.9776],[179.8597,51.9604],[179.8511,51.9359],[179.8358,51.9175],[179.8357,51.9102],[179.8251,51.892],[179.785,51.8626],[179.7572,51.8548],[179.7352,51.855],[179.7175,51.841],[179.6716,51.8257],[179.6232,51.819]]],[[[177.3453,51.7577],[177.3087,51.7596],[177.2986,51.7629],[177.2617,51.7824],[177.2549,51.7897],[177.2423,51.7905],[177.2135,51.8177],[177.2003,51.8244],[177.1691,51.8293],[177.129,51.85],[177.1196,51.8587],[177.112,51.8797],[177.1213,51.9179],[177.1396,51.9356],[177.166,51.949],[177.2246,51.9698],[177.26,51.9787],[177.272,51.994],[177.3055,52.0152],[177.3483,52.0284],[177.3821,52.0292],[177.4164,52.0381],[177.4142,52.0532],[177.426,52.0778],[177.4515,52.094],[177.4607,52.0946],[177.4692,52.124],[177.5107,52.1611],[177.5447,52.1766],[177.5867,52.1895],[177.6078,52.1894],[177.644,52.1844],[177.7037,52.163],[177.7456,52.1416],[177.7646,52.121],[177.7696,52.1064],[177.7679,52.0765],[177.7604,52.0612],[177.7346,52.0381],[177.7263,52.036],[177.7031,52.007],[177.7417,51.9955],[177.7705,52.0014],[177.7934,51.9996],[177.8457,51.9838],[177.874,51.9561],[177.8741,51.944],[177.8608,51.9223],[177.837,51.9023],[177.8192,51.8954],[177.7906,51.8924],[177.7626,51.895],[177.7359,51.9021],[177.7218,51.8971],[177.6872,51.8954],[177.6692,51.8814],[177.6355,51.8707],[177.6046,51.8711],[177.5986,51.8732],[177.5705,51.8639],[177.5464,51.8616],[177.5193,51.8669],[177.5044,51.8629],[177.4756,51.8604],[177.4336,51.865],[177.4162,51.8712],[177.41,51.8337],[177.4193,51.8267],[177.4203,51.819],[177.4151,51.791],[177.4038,51.779],[177.3826,51.7662],[177.3716,51.7619],[177.3453,51.7577]]],[[[178.4005,51.7036],[178.3705,51.704],[178.3284,51.7192],[178.3075,51.7188],[178.2978,51.7236],[178.2937,51.7205],[178.2499,51.7245],[178.2279,51.7326],[178.2071,51.7467],[178.1973,51.7673],[178.1848,51.7702],[178.1577,51.7845],[178.1405,51.7965],[178.125,51.814],[178.121,51.8325],[178.1238,51.844],[178.1316,51.8558],[178.1555,51.8753],[178.1758,51.8846],[178.198,51.8889],[178.2201,51.8887],[178.27,51.8776],[178.2934,51.8786],[178.3684,51.8605],[178.3863,51.8491],[178.4082,51.8416],[178.4311,51.827],[178.4414,51.8093],[178.479,51.79],[178.4928,51.7769],[178.498,51.7637],[178.4963,51.7445],[178.4692,51.7187],[178.4005,51.7036]]],[[[-178.7962,51.6934],[-178.828,51.6948],[-178.8532,51.7038],[-178.8804,51.7215],[-178.9151,51.7371],[-178.9418,51.7533],[-178.9542,51.7684],[-178.9573,51.7808],[-178.9396,51.8336],[-178.9153,51.8581],[-178.8904,51.8731],[-178.8451,51.8879],[-178.7865,51.8879],[-178.7683,51.8841],[-178.7289,51.8697],[-178.6903,51.8495],[-178.6586,51.8071],[-178.6466,51.7994],[-178.6635,51.7474],[-178.7009,51.7165],[-178.7494,51.7001],[-178.7962,51.6934]]],[[[-176.9428,51.5371],[-176.9696,51.539],[-176.9981,51.5455],[-177.0426,51.5661],[-177.0589,51.5785],[-177.0686,51.5928],[-177.0687,51.6097],[-177.0744,51.6209],[-177.0728,51.6424],[-177.0653,51.6489],[-177.0637,51.6647],[-177.0454,51.6907],[-177.034,51.704],[-177.0127,51.7145],[-176.9904,51.734],[-176.9702,51.7437],[-176.9684,51.7481],[-176.9806,51.7525],[-176.9943,51.7622],[-177.0042,51.7878],[-177.0015,51.8027],[-176.983,51.8258],[-176.9837,51.8338],[-176.9971,51.8225],[-177.0244,51.8096],[-177.0403,51.8077],[-177.0346,51.7967],[-177.0361,51.7818],[-177.0283,51.7743],[-177.0276,51.767],[-177.0364,51.7463],[-177.0341,51.7327],[-177.08,51.6742],[-177.098,51.6633],[-177.1268,51.6534],[-177.163,51.6528],[-177.1836,51.6486],[-177.2287,51.632],[-177.2811,51.6276],[-177.3043,51.6309],[-177.3176,51.636],[-177.3504,51.635],[-177.3723,51.6416],[-177.403,51.6704],[-177.4199,51.6625],[-177.452,51.6402],[-177.481,51.6322],[-177.5128,51.6319],[-177.5387,51.6374],[-177.5414,51.6412],[-177.5538,51.6398],[-177.5628,51.6229],[-177.5812,51.6133],[-177.6467,51.599],[-177.6679,51.5988],[-177.6997,51.6023],[-177.7277,51.611],[-177.7503,51.6277],[-177.752,51.6374],[-177.7835,51.6479],[-177.8104,51.633],[-177.825,51.6311],[-177.8187,51.6187],[-177.8179,51.5981],[-177.8205,51.5844],[-177.8306,51.5701],[-177.8438,51.5585],[-177.86,51.5511],[-177.8783,51.5433],[-177.8994,51.5402],[-177.9282,51.5419],[-177.9713,51.5524],[-178.0021,51.5669],[-178.0109,51.5758],[-178.0269,51.5742],[-178.0507,51.5799],[-178.0834,51.5951],[-178.0902,51.6037],[-178.1317,51.6099],[-178.151,51.6165],[-178.1893,51.6337],[-178.2033,51.6613],[-178.2059,51.6793],[-178.2038,51.6925],[-178.1923,51.7038],[-178.1924,51.7208],[-178.1846,51.7322],[-178.1644,51.7469],[-178.1321,51.7579],[-178.1603,51.7789],[-178.2254,51.7991],[-178.2561,51.812],[-178.2976,51.8452],[-178.307,51.8584],[-178.3095,51.8711],[-178.2988,51.9037],[-178.2475,51.9502],[-178.2284,51.9569],[-178.1073,51.9765],[-178.0869,51.9754],[-178.065,51.9648],[-178.0503,51.9705],[-178.0325,51.9727],[-178.0075,51.9698],[-178.0022,51.9657],[-177.965,51.9718],[-177.947,51.9713],[-177.9132,51.9644],[-177.8787,51.944],[-177.8655,51.9258],[-177.8467,51.9225],[-177.8345,51.9141],[-177.8268,51.8964],[-177.8169,51.8947],[-177.8119,51.8908],[-177.7998,51.8941],[-177.7735,51.8957],[-177.7594,51.8948],[-177.7355,51.8884],[-177.704,51.8972],[-177.6736,51.899],[-177.6616,51.9022],[-177.6377,51.901],[-177.6149,51.905],[-177.577,51.9012],[-177.5575,51.8919],[-177.5349,51.866],[-177.5331,51.8423],[-177.542,51.8332],[-177.5383,51.8209],[-177.5538,51.8005],[-177.5643,51.796],[-177.5485,51.7926],[-177.542,51.7883],[-177.5153,51.792],[-177.4887,51.8049],[-177.4679,51.8088],[-177.4457,51.8095],[-177.4236,51.8287],[-177.4063,51.8362],[-177.387,51.839],[-177.3638,51.838],[-177.3469,51.8355],[-177.3417,51.8322],[-177.3245,51.8321],[-177.3089,51.8368],[-177.2984,51.8562],[-177.2829,51.8631],[-177.2843,51.9131],[-177.2675,51.9596],[-177.2489,51.9735],[-177.2213,51.987],[-177.2062,51.9931],[-177.1681,51.9995],[-177.0965,51.9901],[-177.0399,51.9749],[-177.0169,51.965],[-177.0042,51.9506],[-176.9837,51.9403],[-176.9701,51.9245],[-176.9673,51.8895],[-176.9752,51.8761],[-176.971,51.8611],[-176.9548,51.8747],[-176.9387,51.8828],[-176.9188,51.8821],[-176.9102,51.8896],[-176.8975,51.907],[-176.8755,51.9597],[-176.8478,51.9955],[-176.827,52.0091],[-176.8025,52.0167],[-176.7387,52.0208],[-176.6915,52.0177],[-176.6819,52.0286],[-176.6619,52.0401],[-176.6013,52.0566],[-176.5412,52.0509],[-176.51,52.0394],[-176.4885,52.026],[-176.4815,52.0182],[-176.4732,51.9956],[-176.4696,51.9812],[-176.4729,51.9636],[-176.4529,51.944],[-176.449,51.9333],[-176.4479,51.9212],[-176.4528,51.9079],[-176.4291,51.9153],[-176.3656,51.9184],[-176.3399,51.9163],[-176.3259,51.9224],[-176.2693,51.919],[-176.2429,51.9267],[-176.252,51.9483],[-176.2529,51.958],[-176.2471,51.9653],[-176.2655,51.9873],[-176.2675,52.0054],[-176.2799,52.0234],[-176.2811,52.0434],[-176.2914,52.0534],[-176.2931,52.0654],[-176.2854,52.0941],[-176.2245,52.1531],[-176.1692,52.1696],[-176.1483,52.1715],[-176.1161,52.1652],[-176.0932,52.1645],[-176.0806,52.159],[-176.0399,52.1622],[-175.992,52.1497],[-175.9771,52.1413],[-175.9669,52.1214],[-175.9353,52.1049],[-175.9278,52.0911],[-175.8952,52.0969],[-175.8537,52.0965],[-175.8303,52.0854],[-175.812,52.0479],[-175.8064,52.0437],[-175.7953,52.045],[-175.7782,52.0401],[-175.7394,52.0213],[-175.7133,52.0263],[-175.6864,52.0233],[-175.6776,52.0193],[-175.6477,52.0222],[-175.6361,52.0175],[-175.6115,52.0182],[-175.5989,52.0125],[-175.5723,52.0145],[-175.5492,52.0099],[-175.5177,52.0284],[-175.4704,52.0428],[-175.4412,52.0431],[-175.4125,52.036],[-175.4019,52.0497],[-175.3843,52.0633],[-175.3645,52.0721],[-175.3411,52.0775],[-175.3267,52.0758],[-175.2966,52.0888],[-175.2732,52.0921],[-175.2316,52.0902],[-175.2211,52.0966],[-175.1931,52.1044],[-175.1552,52.1095],[-175.1024,52.1086],[-175.084,52.1257],[-175.0595,52.1366],[-175.0269,52.1384],[-174.9932,52.1364],[-174.9646,52.1543],[-174.9253,52.1639],[-174.8661,52.1656],[-174.8538,52.1622],[-174.8499,52.1554],[-174.8272,52.1598],[-174.7966,52.1535],[-174.7947,52.1502],[-174.7598,52.1671],[-174.7316,52.1714],[-174.7185,52.1901],[-174.6962,52.2094],[-174.6685,52.2252],[-174.6425,52.2314],[-174.6178,52.2334],[-174.589,52.2287],[-174.5535,52.2595],[-174.5246,52.2676],[-174.4944,52.2653],[-174.5178,52.2845],[-174.5376,52.317],[-174.5369,52.3289],[-174.5249,52.3482],[-174.4948,52.367],[-174.4689,52.3729],[-174.4107,52.3764],[-174.4064,52.3908],[-174.3908,52.4099],[-174.3759,52.4218],[-174.3557,52.4265],[-174.3289,52.4507],[-174.3128,52.4567],[-174.2663,52.4583],[-174.245,52.4548],[-174.1864,52.4717],[-174.1579,52.473],[-174.1328,52.4723],[-174.1106,52.4683],[-174.079,52.4536],[-174.0654,52.4426],[-174.0556,52.4438],[-174.0309,52.4394],[-173.9954,52.4243],[-173.9872,52.4186],[-173.986,52.4121],[-173.9642,52.4072],[-173.9402,52.3963],[-173.923,52.3781],[-173.9182,52.3629],[-173.9218,52.3474],[-173.9083,52.3323],[-173.9028,52.3192],[-173.9047,52.2937],[-173.9218,52.2678],[-173.9556,52.24],[-173.9646,52.224],[-173.9805,52.2116],[-173.9905,52.1831],[-173.9813,52.1808],[-173.9364,52.1846],[-173.8986,52.199],[-173.8718,52.2029],[-173.8406,52.2013],[-173.7851,52.1855],[-173.7321,52.1833],[-173.7095,52.1867],[-173.6386,52.2061],[-173.6017,52.2125],[-173.5873,52.2122],[-173.5652,52.2037],[-173.5064,52.2131],[-173.479,52.2071],[-173.4557,52.1917],[-173.4408,52.1688],[-173.4146,52.1697],[-173.4052,52.1668],[-173.3816,52.1693],[-173.343,52.1665],[-173.3098,52.155],[-173.2832,52.1613],[-173.2572,52.1613],[-173.2241,52.1557],[-173.1779,52.1618],[-173.1515,52.1616],[-172.9437,52.1466],[-172.9252,52.1552],[-172.8949,52.1555],[-172.8667,52.1489],[-172.8425,52.1364],[-172.822,52.1123],[-172.8202,52.1003],[-172.8392,52.0716],[-172.8668,52.0564],[-172.8765,52.0559],[-172.8847,52.0433],[-172.9026,52.032],[-172.9231,52.0242],[-172.9497,52.0191],[-172.9761,52.0203],[-173.0033,52.028],[-173.0487,52.0224],[-173.07,52.026],[-173.0803,52.0186],[-173.0781,51.9935],[-173.0852,51.9749],[-173.1033,51.9595],[-173.1293,51.9505],[-173.1513,51.9471],[-173.176,51.9489],[-173.2036,51.9603],[-173.2249,51.9746],[-173.2372,51.9883],[-173.2389,52.0087],[-173.2432,52.0094],[-173.2559,52.0053],[-173.3046,52.0054],[-173.31,51.999],[-173.3443,51.9834],[-173.3567,51.9808],[-173.3932,51.9797],[-173.4279,51.9849],[-173.448,51.9782],[-173.4873,51.9712],[-173.5186,51.9716],[-173.5307,51.9765],[-173.5514,51.9767],[-173.585,51.9825],[-173.6071,51.9924],[-173.6174,52.0009],[-173.6378,52.0037],[-173.645,52.0011],[-173.6802,52.0009],[-173.7101,52.0068],[-173.7349,51.9989],[-173.7737,52.0029],[-173.7765,51.9986],[-173.8152,51.9898],[-173.854,51.9913],[-173.8794,51.9987],[-173.9352,52.0044],[-173.9707,52.0142],[-174.0022,52.0287],[-174.0264,52.0472],[-174.0423,52.0499],[-174.0498,52.0552],[-174.0565,52.0516],[-174.0767,52.049],[-174.1121,52.0464],[-174.1243,52.0486],[-174.151,52.0432],[-174.1812,52.0474],[-174.2504,52.0393],[-174.2771,52.0454],[-174.314,52.0362],[-174.3234,52.0102],[-174.336,52.0003],[-174.3504,51.9803],[-174.3786,51.9685],[-174.4231,51.9618],[-174.4425,51.9639],[-174.4809,51.9525],[-174.5507,51.9614],[-174.5756,51.9688],[-174.5943,51.9784],[-174.6315,51.9687],[-174.6461,51.9692],[-174.688,51.9575],[-174.7451,51.9556],[-174.8058,51.973],[-174.8325,51.9727],[-174.8612,51.98],[-174.8693,51.9891],[-174.9334,51.9753],[-174.9516,51.9667],[-175.0004,51.9545],[-175.0293,51.9515],[-175.0407,51.9541],[-175.0564,51.9482],[-175.1001,51.949],[-175.1644,51.9578],[-175.2039,51.9552],[-175.2371,51.9615],[-175.2562,51.9614],[-175.2759,51.9547],[-175.3069,51.9523],[-175.3488,51.9626],[-175.3728,51.9465],[-175.4101,51.9302],[-175.4309,51.9277],[-175.4463,51.9306],[-175.47,51.9218],[-175.4988,51.9216],[-175.5131,51.9268],[-175.5257,51.9153],[-175.5853,51.9049],[-175.6153,51.9043],[-175.636,51.9112],[-175.6452,51.9079],[-175.6557,51.8977],[-175.6725,51.8902],[-175.6922,51.8858],[-175.7119,51.8732],[-175.7526,51.8638],[-175.7907,51.8625],[-175.8059,51.8665],[-175.7986,51.8391],[-175.8146,51.8153],[-175.8272,51.8054],[-175.8497,51.7955],[-175.882,51.7939],[-175.9131,51.8004],[-175.9267,51.776],[-175.942,51.7647],[-175.9647,51.7554],[-176.0027,51.7484],[-176.0187,51.7493],[-176.0419,51.7558],[-176.0584,51.7447],[-176.0788,51.7391],[-176.0906,51.7409],[-176.1156,51.7267],[-176.1332,51.7216],[-176.163,51.72],[-176.1897,51.7242],[-176.2113,51.7331],[-176.23,51.7113],[-176.2551,51.6954],[-176.339,51.6787],[-176.3688,51.6789],[-176.4032,51.6839],[-176.448,51.6742],[-176.4566,51.6764],[-176.4772,51.6677],[-176.4931,51.6557],[-176.5153,51.6478],[-176.5333,51.6464],[-176.5398,51.6484],[-176.5783,51.6223],[-176.6016,51.6117],[-176.6248,51.6049],[-176.6513,51.6039],[-176.663,51.5941],[-176.6987,51.5784],[-176.7345,51.5742],[-176.7473,51.5777],[-176.8014,51.5594],[-176.8297,51.5588],[-176.8488,51.563],[-176.8622,51.5704],[-176.8671,51.5636],[-176.8941,51.5468],[-176.9179,51.5385],[-176.9428,51.5371]]],[[[-178.8002,51.4859],[-178.8364,51.492],[-178.855,51.501],[-178.8689,51.5131],[-178.8761,51.512],[-178.9003,51.5223],[-178.91,51.5313],[-178.9257,51.5381],[-178.9503,51.5648],[-178.9552,51.5535],[-178.9711,51.5378],[-178.9798,51.5311],[-179.0023,51.5216],[-179.0178,51.5178],[-179.0286,51.519],[-179.0711,51.5093],[-179.0868,51.5103],[-179.1199,51.5191],[-179.1411,51.538],[-179.1489,51.5542],[-179.1499,51.5954],[-179.1413,51.6096],[-179.124,51.6263],[-179.0921,51.6403],[-179.056,51.646],[-179.02,51.6393],[-178.9883,51.6246],[-178.9546,51.5985],[-178.9486,51.5873],[-178.9341,51.6048],[-178.8908,51.6285],[-178.8446,51.6376],[-178.8275,51.6354],[-178.785,51.6194],[-178.7683,51.6166],[-178.7523,51.636],[-178.726,51.6527],[-178.6602,51.6659],[-178.6343,51.6665],[-178.593,51.6562],[-178.5781,51.6595],[-178.5593,51.658],[-178.5398,51.6523],[-178.5045,51.6335],[-178.4899,51.6337],[-178.4705,51.6287],[-178.4522,51.621],[-178.4362,51.6097],[-178.4216,51.5873],[-178.4267,51.5618],[-178.4562,51.5434],[-178.5012,51.5327],[-178.5069,51.5265],[-178.5319,51.5147],[-178.5502,51.5085],[-178.5745,51.5075],[-178.619,51.517],[-178.6365,51.5248],[-178.6491,51.5199],[-178.6653,51.518],[-178.6731,51.5098],[-178.6908,51.5007],[-178.7149,51.4938],[-178.7558,51.4887],[-178.7748,51.4904],[-178.8002,51.4859]]],[[[-178.2789,51.4199],[-178.3043,51.4213],[-178.3318,51.4308],[-178.3704,51.4318],[-178.3875,51.4368],[-178.4135,51.4527],[-178.4309,51.4766],[-178.4288,51.4974],[-178.423,51.509],[-178.4052,51.5224],[-178.39,51.5292],[-178.36,51.5375],[-178.3328,51.5384],[-178.3222,51.5353],[-178.3106,51.5405],[-178.2789,51.542],[-178.2387,51.5299],[-178.2023,51.5039],[-178.1876,51.4822],[-178.1909,51.4565],[-178.1984,51.4436],[-178.2182,51.4315],[-178.2487,51.4232],[-178.2789,51.4199]]],[[[179.2555,51.2937],[179.2181,51.295],[179.1506,51.3163],[179.13,51.3334],[179.1221,51.3532],[179.1019,51.3661],[179.0327,51.3994],[178.9957,51.422],[178.9693,51.4288],[178.9502,51.4451],[178.9454,51.4606],[178.896,51.4925],[178.8929,51.4903],[178.8727,51.4897],[178.862,51.4941],[178.8235,51.4876],[178.7903,51.4925],[178.7619,51.5076],[178.7407,51.5235],[178.708,51.5374],[178.6672,51.5427],[178.6412,51.5558],[178.6245,51.569],[178.5935,51.5782],[178.5769,51.5872],[178.5632,51.5998],[178.5517,51.5999],[178.5306,51.6247],[178.5318,51.6497],[178.5433,51.6823],[178.5594,51.7016],[178.5846,51.7119],[178.6073,51.7165],[178.6987,51.7096],[178.737,51.6949],[178.7699,51.6978],[178.81,51.6869],[178.827,51.687],[178.8412,51.6809],[178.8657,51.6756],[178.8934,51.6744],[178.9221,51.6686],[178.9724,51.6464],[178.9841,51.6473],[178.9995,51.6425],[179.0151,51.6456],[179.0401,51.64],[179.0607,51.6325],[179.0779,51.6211],[179.0889,51.6062],[179.0874,51.5835],[179.0947,51.576],[179.1164,51.5692],[179.1703,51.523],[179.1871,51.5169],[179.1974,51.5181],[179.2268,51.5129],[179.2645,51.4923],[179.2746,51.4787],[179.2871,51.4698],[179.3047,51.4705],[179.3319,51.4668],[179.3556,51.4581],[179.3711,51.4652],[179.4252,51.4628],[179.4521,51.4507],[179.4776,51.4311],[179.4924,51.4296],[179.5224,51.4191],[179.5354,51.4065],[179.5532,51.4],[179.5769,51.3768],[179.5784,51.3543],[179.568,51.3394],[179.5437,51.3192],[179.5108,51.3083],[179.4593,51.316],[179.4031,51.3069],[179.3717,51.307],[179.3569,51.3107],[179.3583,51.3059],[179.3382,51.3051],[179.3093,51.3063],[179.2981,51.311],[179.2967,51.3067],[179.2821,51.2998],[179.2555,51.2937]]],[[[-179.137,51.1751],[-179.1839,51.1838],[-179.2079,51.2027],[-179.2206,51.228],[-179.2311,51.2675],[-179.2257,51.2993],[-179.2166,51.3114],[-179.1965,51.3298],[-179.1737,51.343],[-179.1309,51.3538],[-179.1076,51.3537],[-179.1067,51.3652],[-179.0933,51.3909],[-179.0775,51.399],[-179.0499,51.4284],[-179.005,51.4527],[-178.9901,51.4568],[-178.9695,51.4571],[-178.9227,51.447],[-178.8631,51.419],[-178.8352,51.3908],[-178.824,51.3581],[-178.8328,51.3236],[-178.8565,51.3049],[-178.888,51.2939],[-178.8996,51.2934],[-178.9081,51.2818],[-178.9286,51.2704],[-178.9373,51.2693],[-178.958,51.2591],[-178.9789,51.2552],[-178.9774,51.253],[-178.9951,51.2351],[-179.0242,51.2098],[-179.0736,51.179],[-179.137,51.1751]]],[[[-123.0011,37.6398],[-123.0271,37.6452],[-123.0536,37.6587],[-123.0686,37.673],[-123.075,37.6901],[-123.0929,37.7137],[-123.1156,37.7141],[-123.1326,37.7194],[-123.1627,37.7435],[-123.173,37.7636],[-123.1691,37.7924],[-123.1394,37.8167],[-123.1183,37.8231],[-123.0952,37.8219],[-123.0704,37.8138],[-123.0488,37.7998],[-123.0338,37.7784],[-122.9976,37.7708],[-122.95,37.7322],[-122.9359,37.7025],[-122.9451,37.6698],[-122.9548,37.6583],[-122.973,37.6466],[-123.0011,37.6398]]],[[[-106.5674,36.816],[-106.5696,36.8418],[-106.5822,36.8726],[-106.5691,36.9015],[-106.5737,36.909],[-106.5632,36.9178],[-106.5407,36.9273],[-106.5368,36.9376],[-106.5029,36.9212],[-106.483,36.9221],[-106.4602,36.8984],[-106.4448,36.8982],[-106.4403,36.8939],[-106.3751,36.8952],[-106.3513,36.8791],[-106.4252,36.8666],[-106.4147,36.8541],[-106.4127,36.8342],[-106.4169,36.8338],[-106.4229,36.824],[-106.4318,36.8322],[-106.4616,36.8407],[-106.4647,36.8377],[-106.4749,36.8385],[-106.4791,36.8331],[-106.4921,36.8288],[-106.5252,36.8229],[-106.5287,36.8273],[-106.5569,36.8271],[-106.5569,36.8174],[-106.5674,36.816]]],[[[-120.1173,33.8416],[-120.1495,33.848],[-120.2211,33.8842],[-120.2388,33.9041],[-120.2645,33.9189],[-120.2731,33.9296],[-120.28,33.9539],[-120.299,33.9685],[-120.3323,33.9684],[-120.3671,33.961],[-120.3956,33.9674],[-120.4118,33.9771],[-120.4668,33.9761],[-120.4807,33.9803],[-120.4977,33.9912],[-120.5232,34.0228],[-120.5265,34.0415],[-120.5235,34.0511],[-120.5593,34.0624],[-120.5739,34.076],[-120.5816,34.0915],[-120.5823,34.1075],[-120.5725,34.1303],[-120.561,34.1407],[-120.5381,34.1503],[-120.516,34.1528],[-120.4974,34.1499],[-120.4717,34.1341],[-120.4491,34.1506],[-120.4188,34.1606],[-120.3688,34.1511],[-120.3505,34.1415],[-120.3385,34.1217],[-120.3211,34.1104],[-120.2977,34.1041],[-120.2847,34.0948],[-120.2716,34.0741],[-120.2528,34.058],[-120.2249,34.0613],[-120.1976,34.0582],[-120.1712,34.0733],[-120.135,34.0788],[-120.1029,34.0745],[-120.0803,34.0864],[-120.0452,34.0906],[-120.0103,34.0841],[-120.001,34.0787],[-119.9917,34.0649],[-119.9819,34.0894],[-119.9655,34.1126],[-119.9479,34.125],[-119.9133,34.1301],[-119.8292,34.1187],[-119.7926,34.1064],[-119.751,34.1126],[-119.726,34.1021],[-119.693,34.0949],[-119.6549,34.0712],[-119.6143,34.0994],[-119.5741,34.1081],[-119.5482,34.1078],[-119.5121,34.0935],[-119.4679,34.0629],[-119.4374,34.0677],[-119.397,34.0638],[-119.3679,34.0704],[-119.3424,34.069],[-119.3121,34.0544],[-119.2944,34.0275],[-119.2963,33.9972],[-119.3117,33.98],[-119.3328,33.9677],[-119.3805,33.9536],[-119.433,33.9559],[-119.4727,33.9706],[-119.4923,33.9832],[-119.5122,33.9622],[-119.539,33.9477],[-119.6021,33.9368],[-119.6367,33.9383],[-119.6876,33.9156],[-119.7075,33.9104],[-119.7728,33.9124],[-119.8233,33.8994],[-119.8552,33.9075],[-119.9048,33.9397],[-119.919,33.9144],[-119.9392,33.8986],[-119.9627,33.8924],[-119.9808,33.8923],[-120.001,33.8853],[-120.0278,33.8665],[-120.0707,33.8565],[-120.1041,33.8424],[-120.1173,33.8416]]],[[[-119.0531,33.411],[-119.0785,33.4168],[-119.1007,33.4352],[-119.1089,33.4512],[-119.1072,33.5],[-119.1189,33.5],[-119.1172,33.5056],[-119.1043,33.5229],[-119.0766,33.5351],[-119.0308,33.5401],[-119.001,33.5359],[-118.9822,33.5243],[-118.9661,33.5],[-118.9628,33.4733],[-118.9727,33.4432],[-118.9805,33.4286],[-118.996,33.42],[-119.0531,33.411]]],[[[-118.328,33.2481],[-118.3633,33.2551],[-118.3856,33.2654],[-118.4551,33.269],[-118.4867,33.2769],[-118.5104,33.2897],[-118.5409,33.3251],[-118.5496,33.3507],[-118.548,33.3768],[-118.5911,33.3909],[-118.6185,33.4062],[-118.6618,33.4563],[-118.6676,33.4775],[-118.6668,33.4935],[-118.6478,33.5182],[-118.6122,33.5318],[-118.5897,33.532],[-118.5791,33.5284],[-118.5232,33.5302],[-118.5067,33.5249],[-118.4933,33.5157],[-118.4773,33.5154],[-118.4629,33.5104],[-118.4369,33.4894],[-118.4209,33.4818],[-118.3594,33.4649],[-118.3247,33.442],[-118.3109,33.4251],[-118.3041,33.4036],[-118.2577,33.3641],[-118.2451,33.3384],[-118.2411,33.313],[-118.249,33.2842],[-118.2592,33.2725],[-118.2925,33.2541],[-118.328,33.2481]]],[[[-119.4765,33.1635],[-119.512,33.1678],[-119.5693,33.1846],[-119.6115,33.2127],[-119.6312,33.245],[-119.6364,33.273],[-119.626,33.305],[-119.6093,33.3182],[-119.5881,33.327],[-119.565,33.3276],[-119.5342,33.3353],[-119.5192,33.3337],[-119.4301,33.301],[-119.376,33.2648],[-119.3622,33.2452],[-119.3601,33.2349],[-119.3624,33.2148],[-119.376,33.1922],[-119.3945,33.1808],[-119.4337,33.167],[-119.4765,33.1635]]],[[[-118.4365,32.7501],[-118.4647,32.7602],[-118.5009,32.792],[-118.5468,32.8207],[-118.5625,32.8494],[-118.5969,32.8905],[-118.6088,32.9277],[-118.6221,32.9414],[-118.6355,32.9656],[-118.6448,33],[-118.6702,33],[-118.6786,33.0264],[-118.6757,33.0494],[-118.6638,33.0669],[-118.6414,33.0819],[-118.6196,33.0867],[-118.5784,33.0862],[-118.5421,33.0738],[-118.515,33.0499],[-118.4956,33.0263],[-118.4895,33.0106],[-118.4489,32.9618],[-118.4234,32.9465],[-118.397,32.9226],[-118.3289,32.875],[-118.2973,32.8451],[-118.2899,32.8294],[-118.2899,32.8105],[-118.3029,32.7889],[-118.3185,32.7768],[-118.3535,32.7658],[-118.3784,32.7702],[-118.4042,32.7533],[-118.4365,32.7501]]],[[[-109.0006,31.3322],[-111.0748,31.3322],[-112.1952,31.6883],[-113.126,31.9728],[-113.8595,32.2031],[-114.8136,32.4943],[-114.8167,32.5077],[-114.8023,32.5132],[-114.8134,32.5242],[-114.8021,32.5364],[-114.8058,32.5464],[-114.7915,32.557],[-114.7932,32.5695],[-114.8069,32.5589],[-114.814,32.5622],[-114.813,32.5687],[-114.8019,32.576],[-114.804,32.5827],[-114.7997,32.5922],[-114.8079,32.6028],[-114.8087,32.6192],[-114.7993,32.6251],[-114.7911,32.6218],[-114.7826,32.6243],[-114.78,32.6327],[-114.7644,32.6427],[-114.7649,32.6494],[-114.7495,32.6618],[-114.7444,32.6789],[-114.7196,32.7188],[-115.8759,32.6364],[-117.205,32.5288],[-117.2141,32.5948],[-117.2233,32.6212],[-117.2468,32.6149],[-117.2688,32.6194],[-117.2975,32.6418],[-117.3092,32.6564],[-117.3209,32.6899],[-117.3303,32.8048],[-117.3421,32.8404],[-117.3396,32.8592],[-117.3233,32.9031],[-117.3759,33.0752],[-117.4356,33.1775],[-117.4679,33.2125],[-117.5005,33.2418],[-117.521,33.2689],[-117.5715,33.3123],[-117.6362,33.3491],[-117.6478,33.3636],[-117.7136,33.4088],[-117.7354,33.4074],[-117.7415,33.4101],[-117.7651,33.4315],[-117.7905,33.4612],[-117.7932,33.4698],[-117.8113,33.482],[-117.8164,33.4909],[-117.9341,33.5493],[-118.0009,33.5932],[-118.0498,33.62],[-118.0964,33.6537],[-118.1259,33.6971],[-118.1658,33.6916],[-118.2371,33.6906],[-118.2743,33.6634],[-118.3191,33.6596],[-118.3455,33.6634],[-118.386,33.6867],[-118.4286,33.7013],[-118.4669,33.7255],[-118.4856,33.7537],[-118.4878,33.7799],[-118.4845,33.8032],[-118.444,33.8391],[-118.4473,33.8488],[-118.5234,33.9531],[-118.5574,33.9877],[-118.6483,33.9867],[-118.6665,33.9806],[-118.7046,33.9778],[-118.7274,33.9803],[-118.7464,33.9755],[-118.7568,33.9664],[-118.7921,33.9495],[-118.8098,33.9469],[-118.825,33.949],[-118.8528,33.9626],[-118.874,33.9833],[-118.8873,33.9872],[-118.9524,33.993],[-118.9854,34],[-119.0275,34.0149],[-119.1168,34.0298],[-119.1589,34.0403],[-119.218,34.0625],[-119.251,34.1062],[-119.2858,34.1408],[-119.3349,34.2369],[-119.376,34.2499],[-119.402,34.2723],[-119.4286,34.2778],[-119.4671,34.2937],[-119.4843,34.3068],[-119.501,34.3269],[-119.5195,34.3361],[-119.5634,34.3481],[-119.5849,34.3617],[-119.6174,34.3687],[-119.6514,34.3667],[-119.6662,34.3545],[-119.7162,34.3361],[-119.7971,34.3653],[-119.8379,34.3543],[-119.8915,34.3575],[-119.9165,34.3726],[-120.0094,34.4015],[-120.0244,34.4094],[-120.0448,34.4125],[-120.0907,34.4093],[-120.1474,34.4229],[-120.2871,34.4176],[-120.3245,34.4097],[-120.387,34.4057],[-120.4436,34.392],[-120.4622,34.3925],[-120.501,34.4031],[-120.5237,34.4195],[-120.5355,34.4395],[-120.5357,34.4527],[-120.5531,34.471],[-120.5595,34.4885],[-120.5944,34.5041],[-120.6326,34.5027],[-120.6527,34.5071],[-120.6846,34.5271],[-120.704,34.5485],[-120.7134,34.575],[-120.707,34.5975],[-120.7072,34.6162],[-120.7013,34.63],[-120.6865,34.645],[-120.6647,34.6964],[-120.6932,34.73],[-120.7022,34.7483],[-120.6998,34.7709],[-120.6734,34.8386],[-120.7203,34.8693],[-120.7307,34.8864],[-120.7344,34.9048],[-120.7272,34.9233],[-120.7268,34.9438],[-120.7145,34.9636],[-120.6947,35.0288],[-120.6878,35.0775],[-120.6896,35.0988],[-120.7255,35.1136],[-120.7525,35.1095],[-120.8004,35.1166],[-120.822,35.1314],[-120.8395,35.1347],[-120.8569,35.1428],[-120.9179,35.1874],[-120.9302,35.2046],[-120.949,35.221],[-120.9613,35.25],[-120.9534,35.2849],[-120.9286,35.3307],[-120.9235,35.3484],[-120.9308,35.375],[-120.9284,35.3868],[-120.9334,35.3928],[-120.9597,35.3965],[-120.9896,35.4111],[-121.015,35.4106],[-121.0416,35.42],[-121.151,35.5164],[-121.1777,35.5613],[-121.2016,35.5837],[-121.2201,35.5869],[-121.2466,35.6004],[-121.286,35.6084],[-121.3235,35.625],[-121.3396,35.6424],[-121.3478,35.665],[-121.3663,35.6804],[-121.3789,35.706],[-121.3793,35.727],[-121.3938,35.75],[-121.3934,35.7634],[-121.4285,35.7859],[-121.4561,35.8177],[-121.5011,35.8427],[-121.532,35.8848],[-121.5614,35.9438],[-121.5892,35.9593],[-121.6204,35.9691],[-121.6318,35.9789],[-121.6482,35.9986],[-121.6743,36.0647],[-121.7278,36.129],[-121.7708,36.162],[-121.8024,36.1783],[-121.8464,36.1903],[-121.8803,36.2103],[-121.8936,36.2243],[-121.9011,36.2397],[-121.9442,36.2696],[-121.9591,36.2871],[-121.9719,36.3578],[-121.9703,36.3834],[-121.9815,36.4209],[-121.9979,36.4433],[-121.9995,36.4665],[-122.0089,36.4753],[-122.022,36.5089],[-122.0227,36.5222],[-122.0175,36.5374],[-122.0375,36.5604],[-122.0441,36.5783],[-122.0408,36.6001],[-122.0202,36.6228],[-122.0142,36.6367],[-122.0011,36.6477],[-122.0764,36.9102],[-122.1306,36.9253],[-122.172,36.9427],[-122.2511,36.9858],[-122.2656,37.0001],[-122.2764,37.0248],[-122.2903,37.0321],[-122.3139,37.0548],[-122.3483,37.0557],[-122.3761,37.0656],[-122.3931,37.0872],[-122.397,37.1099],[-122.4133,37.1218],[-122.4214,37.1351],[-122.4457,37.15],[-122.4641,37.1778],[-122.4723,37.2122],[-122.4817,37.2291],[-122.484,37.2499],[-122.4671,37.3499],[-122.5036,37.4119],[-122.5099,37.4416],[-122.5276,37.4461],[-122.547,37.4579],[-122.5681,37.4792],[-122.575,37.4999],[-122.5796,37.5459],[-122.5881,37.5794],[-122.5675,37.6392],[-122.5813,37.7602],[-122.5881,37.7894],[-122.6123,37.8152],[-122.6757,37.8485],[-122.692,37.845],[-122.7158,37.8456],[-122.7525,37.8577],[-122.7667,37.8658],[-122.7792,37.8761],[-122.7891,37.8938],[-122.8141,37.9011],[-122.8298,37.9103],[-122.8422,37.9233],[-122.8505,37.9456],[-122.8893,37.9741],[-122.9024,37.9774],[-122.9192,37.9548],[-122.9319,37.9467],[-122.9533,37.9411],[-123.0225,37.9421],[-123.0501,37.948],[-123.068,37.9587],[-123.0839,37.9834],[-123.0851,38.0084],[-123.0812,38.019],[-123.0639,38.0365],[-123.0148,38.1491],[-123.0272,38.1642],[-123.0314,38.1815],[-123.0496,38.2143],[-123.111,38.2673],[-123.1345,38.2963],[-123.1414,38.3113],[-123.141,38.3275],[-123.1343,38.3458],[-123.1558,38.3684],[-123.1648,38.3883],[-123.1962,38.4101],[-123.2202,38.442],[-123.2365,38.4504],[-123.2692,38.4576],[-123.3068,38.4787],[-123.3239,38.4986],[-123.361,38.5102],[-123.3843,38.5367],[-123.3942,38.5539],[-123.4562,38.6148],[-123.4704,38.6383],[-123.4885,38.6515],[-123.5106,38.6809],[-123.578,38.7176],[-123.5919,38.7402],[-123.6412,38.7644],[-123.66,38.7843],[-123.6828,38.797],[-123.6926,38.8103],[-123.7178,38.8279],[-123.7254,38.8441],[-123.7379,38.8574],[-123.7847,38.8937],[-123.8065,38.9405],[-123.8098,38.9612],[-123.806,38.977],[-123.7973,38.9899],[-123.7766,39.005],[-123.7632,39.0087],[-123.762,39.0411],[-123.8075,39.1272],[-123.8092,39.141],[-123.8408,39.1873],[-123.8501,39.2314],[-123.8634,39.2548],[-123.8801,39.3042],[-123.881,39.3194],[-123.8931,39.3375],[-123.8949,39.3483],[-123.8969,39.3749],[-123.8905,39.3901],[-123.8889,39.4439],[-123.8744,39.4826],[-123.8751,39.4942],[-123.8678,39.5083],[-123.8527,39.5149],[-123.8346,39.5492],[-123.8526,39.5924],[-123.8519,39.6428],[-123.8572,39.6747],[-123.8803,39.6891],[-123.8958,39.7114],[-123.9041,39.7571],[-123.901,39.7805],[-123.9105,39.7996],[-123.9536,39.827],[-123.9735,39.8536],[-123.9829,39.8768],[-124.0055,39.8893],[-124.0289,39.9238],[-124.0786,39.9723],[-124.1085,39.9789],[-124.1333,39.9999],[-124.1442,40.0182],[-124.1441,40.0524],[-124.1538,40.0635],[-124.2312,40.0934],[-124.2721,40.1337],[-124.2879,40.1377],[-124.3338,40.1672],[-124.411,40.2253],[-124.4213,40.2371],[-124.4282,40.2581],[-124.4279,40.2888],[-124.4183,40.3143],[-124.428,40.3388],[-124.4281,40.3618],[-124.4447,40.3764],[-124.4806,40.4285],[-124.4791,40.4526],[-124.4525,40.4931],[-124.4476,40.5297],[-124.4273,40.5621],[-124.4033,40.6132],[-124.3429,40.7088],[-124.2993,40.7685],[-124.2926,40.7881],[-124.2802,40.7999],[-124.2327,40.8693],[-124.1976,40.9505],[-124.1828,41.0013],[-124.205,41.0136],[-124.2271,41.0466],[-124.2312,41.0655],[-124.2496,41.099],[-124.2525,41.1341],[-124.2472,41.1528],[-124.2377,41.166],[-124.2194,41.1777],[-124.1956,41.1846],[-124.1764,41.2372],[-124.1734,41.261],[-124.1607,41.2893],[-124.1635,41.2932],[-124.1924,41.292],[-124.2201,41.303],[-124.2376,41.3203],[-124.2424,41.3433],[-124.2311,41.3689],[-124.2066,41.3847],[-124.1765,41.3904],[-124.1542,41.3876],[-124.14,41.3818],[-124.1332,41.4323],[-124.1365,41.4643],[-124.158,41.519],[-124.1605,41.5434],[-124.185,41.5658],[-124.1901,41.6082],[-124.2099,41.6352],[-124.2118,41.6619],[-124.2085,41.6738],[-124.2117,41.6812],[-124.2368,41.6946],[-124.2625,41.7019],[-124.3003,41.7242],[-124.3306,41.7338],[-124.3692,41.7634],[-124.3921,41.7724],[-124.4108,41.7883],[-124.439,41.8245],[-124.4407,41.8388],[-124.4351,41.8565],[-124.4114,41.8821],[-124.3888,41.8868],[-124.3566,41.8852],[-124.333,41.877],[-124.3119,41.8588],[-124.285,41.8595],[-124.2761,41.9031],[-124.2857,41.9129],[-124.292,41.9285],[-124.2848,41.9568],[-124.2886,41.9696],[-124.307,41.9929],[-124.3386,42.0033],[-124.3491,42.0164],[-124.3717,42.0268],[-124.3904,42.0502],[-124.4048,42.0594],[-124.4152,42.0728],[-124.4325,42.1319],[-124.4335,42.1648],[-124.4519,42.1879],[-124.4713,42.2037],[-124.4837,42.2296],[-124.4857,42.2498],[-124.4783,42.278],[-124.4904,42.2907],[-124.4949,42.3058],[-124.494,42.3259],[-124.4866,42.3383],[-124.4954,42.3496],[-124.5,42.3651],[-124.5004,42.3801],[-124.4942,42.3961],[-124.5271,42.4056],[-124.5427,42.4153],[-124.5618,42.4383],[-124.5695,42.4546],[-124.5673,42.4778],[-124.5547,42.4941],[-124.5187,42.5111],[-124.5012,42.5354],[-124.4653,42.553],[-124.4741,42.5628],[-124.4808,42.5816],[-124.4735,42.6147],[-124.5086,42.6196],[-124.5303,42.6323],[-124.5458,42.6572],[-124.5442,42.6838],[-124.5613,42.6928],[-124.5847,42.7193],[-124.6421,42.7161],[-124.6647,42.7205],[-124.6907,42.7383],[-124.7003,42.7525],[-124.7035,42.7704],[-124.6958,42.7911],[-124.6807,42.8043],[-124.6718,42.8256],[-124.6552,42.84],[-124.6452,42.8619],[-124.6221,42.8772],[-124.616,42.8929],[-124.6068,42.9035],[-124.5918,42.9147],[-124.5724,42.9225],[-124.5535,42.9517],[-124.5307,42.9998],[-124.5054,43.068],[-124.5164,43.1025],[-124.5159,43.1248],[-124.506,43.1434],[-124.4816,43.1594],[-124.4652,43.2003],[-124.4713,43.2195],[-124.4704,43.2455],[-124.4555,43.2682],[-124.4749,43.2886],[-124.4769,43.3294],[-124.4614,43.3501],[-124.4467,43.3582],[-124.4396,43.3748],[-124.4257,43.3859],[-124.3803,43.4029],[-124.3439,43.465],[-124.2968,43.586],[-124.2803,43.6484],[-124.2853,43.6727],[-124.2797,43.6872],[-124.2658,43.7016],[-124.2437,43.7917],[-124.2079,44.0021],[-124.2128,44.0246],[-124.2052,44.0406],[-124.1954,44.0975],[-124.2009,44.1395],[-124.1868,44.1765],[-124.1829,44.231],[-124.1868,44.2447],[-124.1876,44.2886],[-124.1586,44.4061],[-124.1535,44.465],[-124.1647,44.499],[-124.1597,44.5235],[-124.1461,44.5402],[-124.1427,44.5633],[-124.1343,44.5832],[-124.1485,44.5983],[-124.1524,44.6093],[-124.1491,44.6248],[-124.1375,44.641],[-124.152,44.6632],[-124.1539,44.6753],[-124.151,44.6903],[-124.1392,44.7105],[-124.1483,44.7404],[-124.1477,44.7736],[-124.1395,44.8116],[-124.1416,44.8334],[-124.1362,44.8492],[-124.1166,44.8663],[-124.0979,44.9297],[-124.0985,44.9454],[-124.0906,44.9659],[-124.0862,45.0029],[-124.0975,45.0274],[-124.0935,45.0542],[-124.0814,45.0855],[-124.0558,45.1248],[-124.0448,45.166],[-124.0451,45.1798],[-124.057,45.1988],[-124.0598,45.2156],[-124.0548,45.2302],[-124.0433,45.2452],[-124.0424,45.2822],[-124.0465,45.2932],[-124.0739,45.3175],[-124.077,45.3418],[-124.0665,45.367],[-124.0581,45.3764],[-124.0433,45.3841],[-124.0365,45.4133],[-124.0358,45.4221],[-124.0525,45.4351],[-124.064,45.4515],[-124.0646,45.4676],[-124.0548,45.4887],[-124.0531,45.5142],[-124.0391,45.5302],[-124.0266,45.5379],[-124.0371,45.5717],[-124.0293,45.6125],[-124.0166,45.6321],[-124.0109,45.7083],[-124.0248,45.7202],[-124.0438,45.7273],[-124.068,45.7503],[-124.069,45.7727],[-124.062,45.7897],[-124.0541,45.7975],[-124.0557,45.8165],[-124.0514,45.8268],[-124.0377,45.8416],[-124.042,45.8486],[-124.0433,45.8871],[-124.0802,45.9083],[-124.0906,45.9258],[-124.0919,45.9435],[-124.0849,45.9601],[-124.0708,45.9739],[-124.0396,45.9859],[-124.0082,46.0099],[-124.0028,46.0275],[-124.0098,46.082],[-124.0231,46.1163],[-124.0507,46.1639],[-124.0673,46.1839],[-124.1113,46.1959],[-124.1336,46.2117],[-124.147,46.2289],[-124.1624,46.2681],[-124.1308,46.3734],[-124.1333,46.6031],[-124.1413,46.6603],[-124.1732,46.7556],[-124.1986,46.854],[-124.2095,46.8748],[-124.2344,46.8912],[-124.2466,46.9178],[-124.2498,46.9563],[-124.2416,46.9998],[-124.2442,47.0587],[-124.2514,47.0968],[-124.2737,47.1481],[-124.2737,47.1651],[-124.2959,47.2125],[-124.3064,47.2481],[-124.3361,47.2616],[-124.3513,47.2764],[-124.3591,47.2928],[-124.3596,47.3093],[-124.3914,47.3298],[-124.4194,47.384],[-124.4218,47.4069],[-124.4194,47.4145],[-124.4065,47.428],[-124.4205,47.456],[-124.4218,47.4687],[-124.4171,47.4815],[-124.4392,47.5755],[-124.4513,47.5914],[-124.4525,47.6128],[-124.459,47.6267],[-124.4758,47.622],[-124.5051,47.622],[-124.5357,47.631],[-124.5531,47.6434],[-124.5646,47.6611],[-124.5653,47.6772],[-124.5582,47.6924],[-124.5348,47.7188],[-124.5451,47.7305],[-124.5694,47.747],[-124.5813,47.7704],[-124.5962,47.786],[-124.6116,47.7925],[-124.6286,47.8049],[-124.6397,47.8252],[-124.6719,47.8345],[-124.694,47.8493],[-124.7208,47.8883],[-124.7396,47.8976],[-124.7538,47.9105],[-124.7606,47.9273],[-124.7582,47.944],[-124.7876,47.9589],[-124.8002,47.9752],[-124.8032,47.994],[-124.797,48.0179],[-124.8012,48.0378],[-124.7861,48.0613],[-124.7852,48.0871],[-124.804,48.1143],[-124.8241,48.1293],[-124.8327,48.1477],[-124.8432,48.1584],[-124.849,48.1814],[-124.8457,48.1949],[-124.8277,48.2138],[-124.8051,48.2243],[-124.7805,48.2286],[-124.7903,48.2464],[-124.7887,48.2664],[-124.7769,48.2836],[-124.7614,48.2957],[-124.7713,48.316],[-124.7704,48.3235],[-124.7861,48.3319],[-124.8006,48.35],[-124.818,48.3944],[-124.8092,48.4155],[-124.794,48.4284],[-124.7736,48.4385],[-124.7459,48.4457],[-124.7653,48.4606],[-124.7722,48.4738],[-124.7702,48.4919],[-124.7631,48.4998],[-124.7498,48.4998],[-124.0138,48.2975],[-123.6793,48.24],[-123.5425,48.2248],[-123.249,48.2843],[-123.1155,48.423],[-123.1608,48.4539],[-123.2191,48.5488],[-123.2514,48.6415],[-123.2741,48.693],[-123.0089,48.7673],[-123.0084,48.8314],[-123.3224,49.002],[-122.0984,49.0022],[-121.7512,48.9974],[-121.1262,49.0014],[-117.1261,48.9989],[-114.376,49.0014],[-113.693,48.9976],[-112.0003,48.9989],[-111.5061,48.997],[-109.4898,49.0006],[-109.4896,48.914],[-109.5057,48.9139],[-109.5054,48.5676],[-109.4967,48.5676],[-109.497,48.525],[-109.4645,48.5253],[-109.4642,48.4524],[-109.4973,48.4518],[-109.497,48.3946],[-109.5189,48.3947],[-109.5191,48.2934],[-109.5516,48.2935],[-109.5516,48.2213],[-109.5336,48.2212],[-109.533,47.871],[-109.5388,47.871],[-109.5385,47.7389],[-109.5547,47.7447],[-109.5813,47.7478],[-109.6082,47.7322],[-109.6336,47.7395],[-109.6513,47.7353],[-109.6784,47.7346],[-109.689,47.7303],[-109.6974,47.7184],[-109.7238,47.7024],[-109.7534,47.7029],[-109.7697,47.7097],[-109.7848,47.7081],[-109.8264,47.7162],[-109.8306,47.7115],[-109.8368,47.7123],[-109.8328,47.7091],[-109.8389,47.7047],[-109.8335,47.7012],[-109.8407,47.6993],[-109.8363,47.6977],[-109.8407,47.6983],[-109.8408,47.6916],[-109.8309,47.6873],[-109.8362,47.6873],[-109.8355,47.6829],[-109.8394,47.6818],[-109.8334,47.6793],[-109.8397,47.6768],[-109.8411,47.6717],[-109.8359,47.6711],[-109.8377,47.6673],[-109.8339,47.6684],[-109.8346,47.6632],[-109.8391,47.6631],[-109.8322,47.6562],[-109.8396,47.6524],[-109.8314,47.6485],[-109.8401,47.6359],[-109.832,47.6321],[-109.8377,47.6303],[-109.8361,47.6256],[-109.8427,47.622],[-109.837,47.6222],[-109.8427,47.6188],[-109.8379,47.6164],[-109.8432,47.6162],[-109.8452,47.6126],[-109.8419,47.6102],[-109.8485,47.6052],[-109.8433,47.6001],[-109.85,47.5986],[-109.8458,47.5957],[-109.851,47.5958],[-109.8456,47.5907],[-109.8524,47.5908],[-109.8537,47.5862],[-109.8483,47.584],[-109.8518,47.5802],[-109.843,47.577],[-109.8506,47.5704],[-109.8449,47.5715],[-109.8511,47.5656],[-109.8453,47.5655],[-109.85,47.5618],[-109.844,47.5607],[-109.8493,47.5537],[-109.8452,47.5524],[-109.8455,47.5459],[-109.8546,47.5422],[-109.8491,47.5405],[-109.8573,47.5409],[-109.856,47.5383],[-109.8601,47.5386],[-109.8649,47.5307],[-109.8712,47.53],[-109.8698,47.5266],[-109.8744,47.5229],[-109.8786,47.5267],[-109.8904,47.5215],[-109.8901,47.5255],[-109.8965,47.526],[-109.897,47.5238],[-109.9026,47.5266],[-109.907,47.5199],[-109.9154,47.5213],[-109.91,47.5187],[-109.9231,47.5157],[-109.9198,47.5126],[-109.9269,47.5134],[-109.9296,47.5099],[-109.9348,47.5116],[-109.9375,47.5014],[-109.9469,47.5011],[-109.9464,47.4975],[-109.9506,47.5002],[-109.9569,47.4981],[-109.9563,47.4951],[-109.9625,47.4946],[-109.9679,47.4876],[-109.9756,47.491],[-109.9794,47.4891],[-109.9749,47.4883],[-109.9762,47.4854],[-109.9813,47.4881],[-109.9838,47.4853],[-109.9815,47.4827],[-109.9907,47.4832],[-109.9896,47.4786],[-109.9937,47.4806],[-109.9933,47.4782],[-109.997,47.4786],[-109.9946,47.4812],[-109.9989,47.4812],[-110.0031,47.4756],[-110.01,47.4796],[-110.0103,47.4754],[-110.015,47.4736],[-110.0195,47.4788],[-110.0249,47.4766],[-110.0238,47.4793],[-110.0272,47.4769],[-110.0309,47.4796],[-110.0331,47.477],[-110.0288,47.4749],[-110.0359,47.4723],[-110.038,47.4744],[-110.0422,47.4698],[-110.0464,47.4723],[-110.0458,47.4683],[-110.0508,47.4692],[-110.0482,47.4656],[-110.0531,47.4669],[-110.0573,47.4619],[-110.0602,47.4636],[-110.0593,47.4606],[-110.0665,47.4615],[-110.0661,47.458],[-110.0711,47.4598],[-110.0768,47.4577],[-110.0748,47.4554],[-110.0825,47.4532],[-110.079,47.4486],[-110.0855,47.4451],[-110.1028,47.4402],[-110.1085,47.4433],[-110.1072,47.4394],[-110.1134,47.4413],[-110.1123,47.4362],[-110.1189,47.4363],[-110.1205,47.4318],[-110.1278,47.4352],[-110.1297,47.4288],[-110.1375,47.4307],[-110.1405,47.4263],[-110.1471,47.4285],[-110.1459,47.4244],[-110.1514,47.4255],[-110.1591,47.4154],[-110.164,47.4194],[-110.1707,47.4168],[-110.2387,47.4164],[-110.6395,47.4163],[-110.6393,47.359],[-110.7671,47.3591],[-110.7671,47.2976],[-110.7724,47.2976],[-110.7724,47.3085],[-110.7883,47.3076],[-110.7881,47.2498],[-110.7772,47.2493],[-110.7772,47.2347],[-110.7665,47.2344],[-110.7669,47.1837],[-110.7721,47.1838],[-110.7722,47.0959],[-110.6454,47.0957],[-110.641,46.924],[-110.6362,46.924],[-110.6364,46.8372],[-110.653,46.8372],[-110.653,46.8317],[-110.6528,46.8236],[-110.6444,46.8162],[-110.6493,46.8014],[-110.6427,46.7908],[-110.6185,46.771],[-110.5772,46.7694],[-110.5637,46.7715],[-110.5576,46.7631],[-110.5634,46.7338],[-110.5495,46.7328],[-110.5442,46.725],[-110.5331,46.7212],[-110.5233,46.7127],[-110.5071,46.7134],[-110.4981,46.7027],[-110.4911,46.7043],[-110.4837,46.7017],[-110.4793,46.6878],[-110.4669,46.6845],[-110.4663,46.6784],[-110.4572,46.6787],[-110.4365,46.6865],[-110.4212,46.6777],[-110.4105,46.6846],[-110.3757,46.6928],[-110.3613,46.6899],[-110.349,46.6824],[-110.344,46.6725],[-110.333,46.6722],[-110.3266,46.6742],[-110.3297,46.6796],[-110.3263,46.6855],[-110.3031,46.6885],[-110.294,46.7007],[-110.2733,46.7107],[-110.2733,46.4899],[-110.2818,46.4899],[-110.2819,46.1336],[-110.2927,46.1335],[-110.2927,45.7882],[-110.2926,45.785],[-110.2208,45.785],[-110.2188,45.3488],[-110.2291,45.3488],[-110.2285,45.1728],[-109.7982,45.1719],[-109.7987,45.0022],[-110.1101,45.0039],[-110.1995,44.9962],[-110.3627,45.0006],[-110.403,44.9938],[-110.6257,44.9921],[-110.7053,44.9923],[-110.785,45.003],[-111.0552,45.0013],[-111.0552,44.6249],[-111.049,44.4733],[-111.0451,44.477],[-111.0248,44.4634],[-111.0214,44.4657],[-110.994,44.4615],[-110.9971,44.4528],[-110.9846,44.4481],[-110.9784,44.4491],[-110.9705,44.4428],[-110.9627,44.4445],[-110.96,44.4327],[-110.9636,44.4268],[-110.9422,44.4026],[-110.9241,44.3949],[-110.9252,44.3878],[-110.9142,44.3837],[-110.9052,44.3675],[-110.8989,44.3665],[-110.8764,44.3393],[-110.8678,44.3436],[-110.8493,44.3454],[-110.8322,44.3429],[-110.8366,44.351],[-110.8504,44.3585],[-110.8532,44.3642],[-110.8463,44.3673],[-110.8473,44.3756],[-110.8264,44.3786],[-110.8184,44.3846],[-110.8178,44.3916],[-110.8073,44.3886],[-110.8026,44.3956],[-110.7893,44.4039],[-110.7772,44.401],[-110.775,44.4035],[-110.7737,44.4005],[-110.7517,44.4059],[-110.7399,44.4141],[-110.7428,44.4176],[-110.7195,44.4223],[-110.7249,44.4315],[-110.7193,44.4349],[-110.7185,44.4406],[-110.724,44.4438],[-110.7202,44.4464],[-110.7455,44.467],[-110.7382,44.4728],[-110.7383,44.4771],[-110.7272,44.4785],[-110.7247,44.4833],[-110.7158,44.4871],[-110.6766,44.4787],[-110.6691,44.4855],[-110.6484,44.4907],[-110.6336,44.4812],[-110.6129,44.4801],[-110.61,44.4723],[-110.6222,44.4714],[-110.6235,44.4678],[-110.6183,44.4624],[-110.6265,44.4563],[-110.6257,44.4534],[-110.6159,44.4535],[-110.6162,44.4432],[-110.6264,44.4462],[-110.6388,44.4426],[-110.6442,44.4275],[-110.6499,44.429],[-110.6618,44.4224],[-110.6658,44.4255],[-110.6666,44.4154],[-110.6328,44.4009],[-110.6266,44.3954],[-110.6309,44.3902],[-110.6249,44.3857],[-110.6128,44.3873],[-110.6128,44.3801],[-110.605,44.3789],[-110.6063,44.3718],[-110.5975,44.3717],[-110.5975,44.3659],[-110.5884,44.3637],[-110.5879,44.3595],[-110.5787,44.3532],[-110.5734,44.3532],[-110.5673,44.3399],[-110.5562,44.3418],[-110.5556,44.3345],[-110.5491,44.331],[-110.5348,44.3271],[-110.5221,44.3321],[-110.5187,44.3375],[-110.5075,44.3332],[-110.4915,44.3386],[-110.4833,44.3485],[-110.4705,44.3375],[-110.4635,44.3375],[-110.454,44.3301],[-110.4419,44.3374],[-110.431,44.3499],[-110.4105,44.3461],[-110.3919,44.3358],[-110.3838,44.3221],[-110.3594,44.3081],[-110.362,44.3038],[-110.3552,44.294],[-110.3676,44.2887],[-110.374,44.2769],[-110.3883,44.269],[-110.3856,44.2637],[-110.3906,44.258],[-110.3801,44.2585],[-110.3825,44.2511],[-110.375,44.24],[-110.3876,44.2306],[-110.3861,44.2214],[-110.3908,44.217],[-110.3754,44.2201],[-110.363,44.2161],[-110.3472,44.2158],[-110.3303,44.232],[-110.3223,44.2217],[-110.3222,44.2138],[-110.3143,44.21],[-110.3167,44.2027],[-110.2946,44.2033],[-110.28,44.1865],[-110.2748,44.1894],[-110.2692,44.1866],[-110.2593,44.1895],[-110.2543,44.1802],[-110.2306,44.1869],[-110.2366,44.1796],[-110.2349,44.1737],[-110.2134,44.1834],[-110.2058,44.1843],[-110.2028,44.181],[-110.1875,44.1848],[-110.1807,44.1835],[-110.1818,44.1803],[-110.2003,44.1775],[-110.2163,44.155],[-110.213,44.1488],[-110.2051,44.145],[-110.2086,44.1403],[-110.2059,44.1339],[-110.1937,44.1354],[-110.1881,44.1406],[-110.1843,44.1379],[-110.1856,44.1315],[-110.1914,44.1294],[-110.1936,44.1171],[-110.2022,44.1131],[-110.2041,44.108],[-110.1952,44.0961],[-110.1989,44.0845],[-110.1898,44.078],[-110.1802,44.0824],[-110.1774,44.0794],[-110.1806,44.0619],[-110.1754,44.0431],[-110.1618,44.0326],[-110.1609,44.0224],[-110.1536,44.0138],[-110.1354,44.0104],[-110.1277,44.001],[-110.1083,43.9966],[-110.0792,43.997],[-110.0498,44.0089],[-110.0314,44.0008],[-110.033,43.9966],[-110.0189,43.9797],[-110.0181,43.9675],[-110.0017,43.9667],[-110.0018,43.9556],[-109.9939,43.9495],[-109.9725,43.9552],[-109.9671,43.9612],[-109.9575,43.9643],[-109.9456,43.9582],[-109.9402,43.9587],[-109.933,43.9508],[-109.9218,43.9457],[-109.8839,43.9485],[-109.8588,43.958],[-109.855,43.9504],[-109.8583,43.9424],[-109.8738,43.9339],[-109.8729,43.9288],[-109.8569,43.9249],[-109.8519,43.9265],[-109.8544,43.9242],[-109.8494,43.9207],[-109.8477,43.9084],[-109.8595,43.9009],[-109.8327,43.895],[-109.8306,43.8897],[-109.8173,43.883],[-109.8317,43.8713],[-109.8287,43.8669],[-109.8213,43.8672],[-109.814,43.8614],[-109.8263,43.8553],[-109.8483,43.8529],[-109.8545,43.8486],[-109.8565,43.8417],[-109.85,43.8371],[-109.8549,43.8356],[-109.8574,43.8278],[-109.8821,43.8235],[-109.8877,43.8256],[-109.888,43.8151],[-109.882,43.8049],[-109.9042,43.8031],[-109.9055,43.8083],[-109.9232,43.807],[-109.9338,43.7985],[-109.9475,43.8011],[-109.9625,43.7887],[-109.9699,43.7917],[-110.0007,43.7934],[-110.006,43.7979],[-110.0181,43.7949],[-110.0204,43.7985],[-110.0285,43.7983],[-110.0259,43.7897],[-110.0364,43.7828],[-110.0348,43.7751],[-110.0407,43.7692],[-110.0438,43.7549],[-110.0578,43.7582],[-110.0675,43.7526],[-110.0802,43.7536],[-110.084,43.748],[-110.0814,43.738],[-110.0626,43.7313],[-110.0558,43.7201],[-110.0459,43.7133],[-110.052,43.7037],[-110.0495,43.6923],[-110.0398,43.6877],[-110.0408,43.677],[-110.0347,43.6765],[-110.0297,43.6808],[-110.0241,43.6774],[-110.0368,43.6687],[-110.0654,43.6585],[-110.0576,43.6286],[-110.0509,43.625],[-110.0448,43.628],[-110.0288,43.6185],[-110.0394,43.6085],[-110.0464,43.6083],[-110.0636,43.5993],[-110.0623,43.5855],[-110.0493,43.5877],[-110.0449,43.5809],[-110.03,43.5787],[-110.0227,43.5686],[-110.011,43.566],[-109.9979,43.5561],[-109.9865,43.5522],[-109.9679,43.5515],[-109.954,43.5443],[-109.9525,43.5368],[-109.9392,43.5255],[-109.9491,43.4997],[-109.9566,43.494],[-109.9489,43.4862],[-109.9456,43.4689],[-109.9374,43.4724],[-109.9132,43.4736],[-109.9109,43.4828],[-109.9013,43.4852],[-109.8987,43.4908],[-109.8895,43.4892],[-109.8873,43.4826],[-109.8751,43.4812],[-109.8648,43.4727],[-109.8391,43.4687],[-109.8226,43.4608],[-109.8112,43.4661],[-109.8003,43.4654],[-109.7803,43.4464],[-109.7721,43.4461],[-109.763,43.4355],[-109.7632,43.4283],[-109.7721,43.4235],[-109.7625,43.4186],[-109.7666,43.4156],[-109.7654,43.4068],[-109.7764,43.3993],[-109.7882,43.4036],[-109.7864,43.3905],[-109.7777,43.3809],[-109.7697,43.3783],[-109.7584,43.3661],[-109.7362,43.3653],[-109.7088,43.3744],[-109.7048,43.3688],[-109.6943,43.3655],[-109.6947,43.3492],[-109.7012,43.3413],[-109.7003,43.3347],[-109.6937,43.3246],[-109.686,43.3186],[-109.6796,43.318],[-109.672,43.3094],[-109.6737,43.2968],[-109.6813,43.2936],[-109.6803,43.2879],[-109.6857,43.2857],[-109.6787,43.2735],[-109.6926,43.2653],[-109.674,43.2477],[-109.6779,43.236],[-109.6702,43.2286],[-109.676,43.2236],[-109.6762,43.2149],[-109.6587,43.2013],[-109.6514,43.1669],[-109.6438,43.1619],[-109.6349,43.1658],[-109.63,43.1632],[-109.6309,43.1486],[-109.6213,43.1262],[-109.5957,43.1183],[-109.5812,43.1013],[-109.5707,43.0999],[-109.5703,43.0917],[-109.5602,43.0832],[-109.5615,43.0776],[-109.5529,43.072],[-109.553,43.0588],[-109.5709,43.0496],[-109.5596,43.0476],[-109.5607,43.0395],[-109.553,43.0401],[-109.5488,43.0369],[-109.5558,43.0274],[-109.5526,43.0125],[-109.5433,43.0104],[-109.5291,43.0138],[-109.5143,43.0072],[-109.5022,43.0105],[-109.4924,42.9955],[-109.462,42.9891],[-109.4599,42.983],[-109.4634,42.9815],[-109.4542,42.9701],[-109.4328,42.9683],[-109.4288,42.9607],[-109.4048,42.9504],[-109.3981,42.9392],[-109.3862,42.9388],[-109.3705,42.9455],[-109.3566,42.9248],[-109.3453,42.9188],[-109.3395,42.8985],[-109.3319,42.8953],[-109.3309,42.875],[-109.3196,42.8592],[-109.292,42.8458],[-109.2833,42.8484],[-109.2789,42.8459],[-109.2813,42.8429],[-109.2695,42.8251],[-109.2639,42.824],[-109.2599,42.8152],[-109.2468,42.8062],[-109.2367,42.8095],[-109.2318,42.804],[-109.2122,42.7978],[-109.2103,42.7931],[-109.2261,42.7909],[-109.2366,42.7786],[-109.2361,42.7684],[-109.2175,42.7602],[-109.21,42.7704],[-109.1956,42.7685],[-109.179,42.7549],[-109.1796,42.7511],[-109.1614,42.7482],[-109.1599,42.7434],[-109.1463,42.7429],[-109.1322,42.7374],[-109.1326,42.7334],[-109.1433,42.7331],[-109.1478,42.7274],[-109.1367,42.7209],[-109.1287,42.7085],[-109.1376,42.7051],[-109.1287,42.6864],[-109.127,42.6706],[-109.1148,42.6633],[-109.1137,42.6522],[-109.0939,42.6417],[-109.0946,42.629],[-109.1139,42.6167],[-109.1174,42.6203],[-109.1235,42.6182],[-109.1329,42.605],[-109.1394,42.577],[-109.1502,42.5714],[-109.1675,42.5717],[-109.1753,42.5577],[-109.1842,42.5554],[-109.1862,42.5489],[-109.1956,42.5442],[-109.1941,42.5407],[-109.2033,42.532],[-109.1985,42.523],[-109.2036,42.5171],[-109.2003,42.5132],[-109.2042,42.5073],[-109.1853,42.5046],[-109.1875,42.4921],[-109.182,42.4894],[-109.1677,42.4923],[-109.1648,42.4842],[-109.1588,42.4854],[-109.1437,42.4815],[-109.1414,42.4776],[-109.129,42.477],[-109.1249,42.4708],[-109.127,42.4627],[-109.121,42.4542],[-109.0911,42.4543],[-109.0812,42.449],[-109.0629,42.4465],[-109.0574,42.443],[-109.0598,42.4348],[-109.0317,42.435],[-109.0342,42.4282],[-109.0234,42.4292],[-109.0204,42.4215],[-109.0031,42.4271],[-109.0023,42.4307],[-108.9913,42.4279],[-108.9918,42.4174],[-108.9686,42.4143],[-108.9631,42.4043],[-108.9395,42.3853],[-108.9148,42.3825],[-108.9148,42.3699],[-108.8987,42.368],[-108.8939,42.3626],[-108.9021,42.3609],[-108.9085,42.3541],[-108.9006,42.3536],[-108.8999,42.3492],[-108.8877,42.3486],[-108.8897,42.3369],[-108.8673,42.3375],[-108.8651,42.3178],[-108.8814,42.3137],[-108.8762,42.3103],[-108.8724,42.297],[-108.8646,42.2916],[-108.8716,42.283],[-108.8627,42.2784],[-108.8577,42.2725],[-108.86,42.2705],[-108.8516,42.2671],[-108.8485,42.2605],[-108.8252,42.2722],[-108.8081,42.2701],[-108.7946,42.2634],[-108.7869,42.2701],[-108.7501,42.2793],[-108.7234,42.27],[-108.7131,42.2954],[-108.697,42.3007],[-108.6858,42.3137],[-108.6786,42.3121],[-108.6664,42.3156],[-108.6635,42.3095],[-108.6563,42.3061],[-108.642,42.3071],[-108.6296,42.3136],[-108.5927,42.3165],[-108.5879,42.3147],[-108.59,42.3104],[-108.5733,42.2817],[-108.5289,42.2633],[-108.4818,42.2634],[-108.4802,42.2594],[-108.492,42.255],[-108.4638,42.2526],[-108.462,42.2472],[-108.4359,42.2408],[-108.4374,42.2369],[-108.4284,42.2349],[-108.4328,42.2318],[-108.4317,42.2246],[-108.4164,42.2213],[-108.3826,42.2246],[-108.3723,42.2272],[-108.367,42.2328],[-108.3585,42.2307],[-108.3536,42.2223],[-108.3383,42.2221],[-108.3378,42.2162],[-108.3176,42.2134],[-108.3057,42.2214],[-108.2921,42.2154],[-108.2782,42.2242],[-108.2637,42.2253],[-108.2557,42.2356],[-108.2302,42.2409],[-108.2344,42.2466],[-108.2293,42.2622],[-108.2211,42.2711],[-108.2197,42.2911],[-108.1854,42.2829],[-108.164,42.2835],[-108.1514,42.2789],[-108.134,42.2784],[-108.1256,42.288],[-108.1005,42.2975],[-108.0993,42.3168],[-108.0901,42.3213],[-108.0808,42.3213],[-108.0667,42.3304],[-108.0426,42.3219],[-108.0206,42.32],[-107.9795,42.3287],[-107.9771,42.3334],[-107.9653,42.3381],[-107.9657,42.3415],[-107.9784,42.3541],[-107.9998,42.364],[-107.9923,42.377],[-107.9656,42.3892],[-107.9569,42.3998],[-107.9381,42.3944],[-107.9198,42.3946],[-107.9177,42.3916],[-107.9204,42.3786],[-107.9287,42.3707],[-107.9292,42.347],[-107.9409,42.3305],[-107.9435,42.3206],[-107.9384,42.3121],[-107.8716,42.3008],[-107.8672,42.2943],[-107.8749,42.2797],[-107.8753,42.2669],[-107.8573,42.2661],[-107.8526,42.2696],[-107.8477,42.2654],[-107.8352,42.2653],[-107.837,42.251],[-107.8291,42.2498],[-107.7761,42.2582],[-107.7573,42.2579],[-107.7517,42.2548],[-107.7158,42.2639],[-107.6928,42.257],[-107.6849,42.2641],[-107.6858,42.2699],[-107.6401,42.3018],[-107.6281,42.3067],[-107.6264,42.304],[-107.6187,42.3042],[-107.6084,42.3118],[-107.5918,42.3139],[-107.5844,42.3117],[-107.5914,42.2981],[-107.5817,42.2704],[-107.5609,42.2615],[-107.5504,42.2605],[-107.5485,42.2555],[-107.5313,42.2548],[-107.5239,42.249],[-107.5115,42.2505],[-107.4977,42.2475],[-107.4927,42.2515],[-107.483,42.2499],[-107.4848,42.2446],[-107.4738,42.2387],[-107.4216,42.2356],[-107.408,42.2315],[-107.3877,42.2367],[-107.3621,42.2241],[-107.3495,42.2257],[-107.3463,42.2202],[-107.338,42.2208],[-107.3289,42.2163],[-107.3176,42.2218],[-107.2993,42.2202],[-107.2914,42.2333],[-107.2708,42.2477],[-107.271,42.2537],[-107.2616,42.2634],[-107.2256,42.2503],[-107.2157,42.2527],[-107.208,42.249],[-107.2146,42.2345],[-107.2033,42.2112],[-107.1975,42.2101],[-107.2036,42.2048],[-107.2006,42.2007],[-107.2101,42.1962],[-107.2092,42.1935],[-107.1995,42.1948],[-107.1985,42.1872],[-107.2114,42.1731],[-107.1875,42.1695],[-107.1812,42.1587],[-107.1594,42.1663],[-107.1555,42.1715],[-107.1394,42.1746],[-107.135,42.1716],[-107.115,42.1719],[-107.1174,42.1682],[-107.1072,42.1663],[-107.1068,42.159],[-107.0957,42.1594],[-107.0858,42.1492],[-107.0971,42.1393],[-107.0964,42.1321],[-107.1243,42.1166],[-107.1223,42.1112],[-107.0726,42.1013],[-107.078,42.0951],[-107.096,42.0891],[-107.0872,42.0879],[-107.0858,42.0821],[-107.1022,42.0762],[-107.0985,42.0718],[-107.1267,42.0485],[-107.1495,42.0053],[-107.1415,42.0059],[-107.1476,41.9815],[-107.1333,41.9829],[-107.1283,41.9767],[-107.1275,41.9734],[-107.1381,41.9677],[-107.1395,41.9582],[-107.1321,41.9557],[-107.1399,41.9409],[-107.1305,41.9354],[-107.1306,41.9257],[-107.1181,41.911],[-107.1134,41.9105],[-107.1155,41.9041],[-107.1099,41.9018],[-107.1106,41.8947],[-107.121,41.889],[-107.115,41.885],[-107.1189,41.8816],[-107.1144,41.8773],[-107.1216,41.8796],[-107.126,41.8754],[-107.1438,41.8806],[-107.1561,41.8711],[-107.1553,41.8604],[-107.1631,41.8539],[-107.1707,41.8544],[-107.1859,41.8631],[-107.1998,41.8606],[-107.2203,41.8679],[-107.2467,41.8863],[-107.2976,41.95],[-107.3002,41.9369],[-107.315,41.9245],[-107.318,41.9144],[-107.3331,41.9073],[-107.3358,41.8954],[-107.3307,41.8863],[-107.3222,41.8823],[-107.3255,41.8773],[-107.3207,41.8653],[-107.3296,41.8567],[-107.3418,41.8528],[-107.3373,41.845],[-107.3394,41.8347],[-107.3563,41.8296],[-107.3617,41.8232],[-107.3704,41.8236],[-107.3745,41.8179],[-107.3623,41.8018],[-107.3798,41.7928],[-107.3599,41.7782],[-107.3587,41.7694],[-107.3512,41.7665],[-107.3566,41.7484],[-107.3856,41.722],[-107.3786,41.7141],[-107.3844,41.7072],[-107.4121,41.6871],[-107.4417,41.6749],[-107.4592,41.6509],[-107.4498,41.6476],[-107.4435,41.6371],[-107.4324,41.638],[-107.4098,41.6247],[-107.4022,41.6238],[-107.3932,41.6285],[-107.3875,41.6262],[-107.3938,41.6024],[-107.4048,41.5936],[-107.4098,41.5811],[-107.436,41.5674],[-107.4412,41.558],[-107.4533,41.553],[-107.4562,41.5468],[-107.4379,41.5527],[-107.4338,41.5496],[-107.4224,41.552],[-107.4216,41.5487],[-107.4136,41.5465],[-107.405,41.5329],[-107.3689,41.5437],[-107.3556,41.5444],[-107.3316,41.5339],[-107.3206,41.534],[-107.3106,41.5159],[-107.317,41.5041],[-107.3151,41.5003],[-107.328,41.4881],[-107.3274,41.4821],[-107.3251,41.4769],[-107.3169,41.477],[-107.3013,41.4676],[-107.312,41.4588],[-107.3191,41.459],[-107.3246,41.4482],[-107.3338,41.446],[-107.3408,41.4363],[-107.3482,41.4358],[-107.3413,41.4226],[-107.3355,41.4203],[-107.3396,41.4167],[-107.3405,41.3998],[-107.3234,41.3955],[-107.3225,41.3901],[-107.307,41.3909],[-107.3032,41.3831],[-107.2909,41.3804],[-107.286,41.3751],[-107.2711,41.3787],[-107.2662,41.3825],[-107.2702,41.3878],[-107.2579,41.3885],[-107.2415,41.4005],[-107.2239,41.4043],[-107.2095,41.401],[-107.2056,41.3861],[-107.2129,41.3772],[-107.1974,41.3732],[-107.1871,41.3652],[-107.1659,41.3658],[-107.1599,41.3579],[-107.1658,41.3336],[-107.1554,41.3345],[-107.1349,41.3286],[-107.135,41.3217],[-107.146,41.3096],[-107.1632,41.2975],[-107.1506,41.29],[-107.1437,41.2901],[-107.1406,41.2796],[-107.1133,41.2483],[-107.1273,41.2312],[-107.1257,41.2257],[-107.1122,41.2263],[-107.0884,41.1997],[-107.0667,41.2032],[-107.0474,41.189],[-107.0307,41.1874],[-107.0165,41.1825],[-107.0144,41.1774],[-106.9968,41.1752],[-106.9924,41.1703],[-106.9819,41.1686],[-106.9821,41.1547],[-106.975,41.1486],[-106.9797,41.1471],[-106.9808,41.1401],[-106.9952,41.1356],[-106.9937,41.1284],[-107.0034,41.1265],[-107.0134,41.1173],[-106.9983,41.1125],[-106.9844,41.1128],[-106.9808,41.1097],[-106.9735,41.1111],[-106.9695,41.1163],[-106.9658,41.1059],[-106.9539,41.0964],[-106.9336,41.0945],[-106.9227,41.089],[-106.9047,41.0918],[-106.8986,41.0821],[-106.8839,41.0747],[-106.9008,41.0619],[-106.9186,41.0589],[-106.9263,41.037],[-106.9352,41.0311],[-106.9386,41.0208],[-106.9277,41.0184],[-106.9219,41.0128],[-106.9044,41.0129],[-106.8956,41.018],[-106.8876,41.0164],[-106.8875,41.0111],[-106.8765,41.0045],[-106.8709,41.0072],[-106.8687,41.004],[-106.8569,41.0041],[-106.8615,40.9966],[-106.8505,40.9904],[-106.8568,40.9812],[-106.8612,40.9837],[-106.8701,40.9813],[-106.8732,40.9742],[-106.8698,40.9564],[-106.8638,40.9534],[-106.8622,40.9413],[-106.8522,40.9338],[-106.8486,40.9266],[-106.8522,40.9252],[-106.8301,40.9241],[-106.8248,40.932],[-106.8187,40.9185],[-106.8117,40.9162],[-106.806,40.9063],[-106.8095,40.8997],[-106.7999,40.896],[-106.7938,40.9008],[-106.7874,40.9006],[-106.7815,40.9069],[-106.7694,40.9042],[-106.77,40.8966],[-106.7409,40.8899],[-106.7467,40.8822],[-106.7389,40.8712],[-106.7063,40.8758],[-106.7002,40.8847],[-106.6912,40.888],[-106.6856,40.8853],[-106.6782,40.8682],[-106.6681,40.8654],[-106.6671,40.8594],[-106.6572,40.8527],[-106.6539,40.8456],[-106.6622,40.843],[-106.664,40.8281],[-106.6384,40.8171],[-106.636,40.7921],[-106.6487,40.7815],[-106.6493,40.7755],[-106.6587,40.7731],[-106.6698,40.762],[-106.6615,40.7539],[-106.6653,40.7493],[-106.6632,40.7436],[-106.6765,40.7368],[-106.6698,40.729],[-106.674,40.724],[-106.6699,40.7203],[-106.6682,40.6961],[-106.6727,40.6885],[-106.6876,40.6825],[-106.681,40.6754],[-106.6869,40.6731],[-106.6858,40.6626],[-106.6923,40.659],[-106.688,40.6507],[-106.6801,40.6484],[-106.689,40.64],[-106.6869,40.6346],[-106.6939,40.6331],[-106.6978,40.6275],[-106.7037,40.6278],[-106.7013,40.6253],[-106.7063,40.6157],[-106.7045,40.6075],[-106.6942,40.5958],[-106.7023,40.5782],[-106.6923,40.5626],[-106.6975,40.5533],[-106.6859,40.5513],[-106.6782,40.5386],[-106.6704,40.5356],[-106.6742,40.5237],[-106.6591,40.5147],[-106.6614,40.5122],[-106.6558,40.509],[-106.6571,40.5001],[-106.6531,40.4943],[-106.6594,40.4902],[-106.656,40.4845],[-106.6633,40.48],[-106.667,40.4721],[-106.6648,40.4698],[-106.6586,40.472],[-106.6543,40.4676],[-106.6593,40.4594],[-106.6506,40.4553],[-106.6503,40.4397],[-106.6393,40.4326],[-106.6227,40.4309],[-106.6288,40.4185],[-106.619,40.4045],[-106.6121,40.3797],[-106.6006,40.3761],[-106.5944,40.3831],[-106.5772,40.3784],[-106.5612,40.3786],[-106.556,40.3767],[-106.5532,40.3699],[-106.54,40.3713],[-106.5347,40.3651],[-106.53,40.3683],[-106.5259,40.3852],[-106.5188,40.391],[-106.5122,40.3869],[-106.5103,40.3935],[-106.4896,40.4116],[-106.4775,40.4047],[-106.4812,40.3899],[-106.4739,40.3868],[-106.4732,40.3798],[-106.4656,40.3774],[-106.4633,40.3678],[-106.4574,40.3654],[-106.4583,40.3589],[-106.4434,40.3465],[-106.4381,40.3505],[-106.4219,40.3527],[-106.4035,40.3451],[-106.3897,40.3455],[-106.385,40.3527],[-106.3558,40.359],[-106.3368,40.3395],[-106.3219,40.3376],[-106.306,40.3285],[-106.2958,40.3332],[-106.2986,40.3499],[-106.2922,40.3572],[-106.2858,40.3588],[-106.2786,40.3537],[-106.2659,40.361],[-106.2534,40.3501],[-106.2509,40.3406],[-106.2393,40.328],[-106.2305,40.3232],[-106.2174,40.3291],[-106.1891,40.3265],[-106.1712,40.3439],[-106.1626,40.3428],[-106.1486,40.3321],[-106.1362,40.3302],[-106.1338,40.3364],[-106.1007,40.3541],[-106.0858,40.3473],[-106.054,40.3582],[-106.036,40.3691],[-106.0188,40.3733],[-106.0138,40.3729],[-106.0112,40.3622],[-105.9859,40.3642],[-105.9702,40.3499],[-105.9607,40.3479],[-105.9541,40.3605],[-105.9385,40.3661],[-105.9378,40.3719],[-105.9473,40.3779],[-105.9464,40.385],[-105.9386,40.3852],[-105.9252,40.3926],[-105.9207,40.4016],[-105.9033,40.4005],[-105.9022,40.4127],[-105.8977,40.4177],[-105.9035,40.4315],[-105.8971,40.4486],[-105.8992,40.4656],[-105.8921,40.4761],[-105.8628,40.4801],[-105.855,40.4862],[-105.8405,40.4833],[-105.8074,40.4739],[-105.8113,40.4708],[-105.8045,40.4642],[-105.8057,40.4477],[-105.8162,40.4373],[-105.8175,40.4252],[-105.791,40.3988],[-105.7909,40.3866],[-105.7816,40.3734],[-105.7588,40.3527],[-105.7368,40.3466],[-105.7277,40.3342],[-105.6991,40.321],[-105.7026,40.3126],[-105.6903,40.3087],[-105.6915,40.3054],[-105.686,40.3029],[-105.6878,40.294],[-105.6821,40.2922],[-105.6868,40.2886],[-105.6807,40.2844],[-105.6823,40.2721],[-105.6784,40.2681],[-105.668,40.2677],[-105.6543,40.2613],[-105.6509,40.2538],[-105.6437,40.2499],[-105.6599,40.2491],[-105.6688,40.2288],[-105.6688,40.2234],[-105.6629,40.2199],[-105.6705,40.2192],[-105.6707,40.2076],[-105.6779,40.2024],[-105.6777,40.1895],[-105.6704,40.1848],[-105.667,40.1701],[-105.6715,40.1653],[-105.6679,40.1585],[-105.6559,40.1512],[-105.636,40.1463],[-105.6266,40.1276],[-105.6265,40.1187],[-105.6347,40.1133],[-105.6367,40.1072],[-105.6321,40.0974],[-105.636,40.0844],[-105.6329,40.0814],[-105.641,40.0729],[-105.639,40.0672],[-105.6469,40.0653],[-105.6511,40.0585],[-105.6376,40.0456],[-105.6408,40.0349],[-105.6515,40.0262],[-105.652,40.021],[-105.6619,40.0164],[-105.6897,40.0137],[-105.6913,39.9973],[-105.6831,39.9929],[-105.6903,39.9702],[-105.6853,39.9587],[-105.6941,39.9507],[-105.6939,39.9423],[-105.6752,39.9331],[-105.6879,39.9119],[-105.6911,39.8974],[-105.6997,39.8915],[-105.7007,39.8786],[-105.6903,39.852],[-105.6958,39.8392],[-105.7134,39.8381],[-105.7243,39.8238],[-105.7236,39.818],[-105.7335,39.8128],[-105.7361,39.8048],[-105.7639,39.795],[-105.7847,39.8024],[-105.7991,39.8033],[-105.8086,39.7972],[-105.8107,39.7914],[-105.8233,39.7857],[-105.8436,39.7894],[-105.8516,39.7877],[-105.855,39.7961],[-105.8759,39.7994],[-105.8876,39.797],[-105.8925,39.782],[-105.8805,39.7597],[-105.8848,39.7523],[-105.8827,39.7391],[-105.891,39.7306],[-105.9075,39.727],[-105.9118,39.7154],[-105.9209,39.7104],[-105.9246,39.7037],[-105.9196,39.6901],[-105.9265,39.6731],[-105.911,39.6623],[-105.8969,39.6645],[-105.8941,39.6594],[-105.885,39.6571],[-105.8795,39.6635],[-105.865,39.6672],[-105.8488,39.6442],[-105.8412,39.6463],[-105.8348,39.642],[-105.8211,39.6426],[-105.817,39.6335],[-105.793,39.6363],[-105.7827,39.6292],[-105.7828,39.618],[-105.7761,39.6052],[-105.801,39.5935],[-105.8077,39.5837],[-105.8213,39.5827],[-105.8385,39.5726],[-105.8302,39.5661],[-105.8257,39.5556],[-105.8159,39.5522],[-105.8231,39.5299],[-105.8311,39.532],[-105.8468,39.5238],[-105.8602,39.5312],[-105.8682,39.5199],[-105.856,39.5051],[-105.8638,39.5024],[-105.8666,39.4941],[-105.8749,39.4933],[-105.8794,39.4839],[-105.8921,39.4842],[-105.9059,39.4597],[-105.9116,39.4568],[-105.9392,39.4581],[-105.944,39.4408],[-105.9667,39.4385],[-105.9645,39.4327],[-105.9547,39.4263],[-105.9515,39.4146],[-105.959,39.4157],[-105.981,39.4066],[-105.9846,39.4018],[-105.9927,39.4017],[-105.9961,39.3949],[-106.0143,39.387],[-106.0187,39.3809],[-106.0172,39.3655],[-106.0234,39.3611],[-106.0431,39.3575],[-106.0565,39.3587],[-106.0734,39.3683],[-106.0855,39.3698],[-106.0971,39.378],[-106.1195,39.3765],[-106.1345,39.3796],[-106.1436,39.3684],[-106.1488,39.3682],[-106.1531,39.3626],[-106.162,39.3619],[-106.1735,39.3685],[-106.1815,39.3661],[-106.198,39.3683],[-106.2097,39.3823],[-106.2177,39.3832],[-106.2255,39.3814],[-106.2272,39.3745],[-106.2343,39.3724],[-106.2511,39.3577],[-106.2593,39.3621],[-106.2838,39.3495],[-106.3004,39.3601],[-106.312,39.3623],[-106.3389,39.359],[-106.3524,39.3539],[-106.3717,39.362],[-106.3806,39.3763],[-106.4035,39.3801],[-106.4335,39.3541],[-106.4349,39.3411],[-106.4288,39.3353],[-106.427,39.3232],[-106.4325,39.3162],[-106.4512,39.3164],[-106.4547,39.3121],[-106.4658,39.3115],[-106.4683,39.3073],[-106.4765,39.3151],[-106.4851,39.3127],[-106.5017,39.2998],[-106.5042,39.2849],[-106.4904,39.2734],[-106.483,39.2726],[-106.4811,39.26],[-106.4977,39.2422],[-106.4987,39.2349],[-106.4896,39.2278],[-106.4994,39.1842],[-106.5083,39.1782],[-106.5099,39.1647],[-106.5213,39.1574],[-106.5355,39.1631],[-106.5381,39.158],[-106.5519,39.1615],[-106.5613,39.1558],[-106.5595,39.1399],[-106.5648,39.1328],[-106.558,39.1238],[-106.5648,39.1132],[-106.5634,39.1068],[-106.5756,39.1041],[-106.5863,39.0959],[-106.5852,39.0845],[-106.577,39.0794],[-106.5779,39.0525],[-106.5851,39.0465],[-106.5973,39.0446],[-106.5997,39.0345],[-106.5914,39.0259],[-106.5949,39.022],[-106.5946,39.0028],[-106.5994,38.9979],[-106.5955,38.9912],[-106.5772,38.9904],[-106.5542,38.9986],[-106.5512,38.9918],[-106.5285,38.9806],[-106.522,38.9688],[-106.5286,38.9598],[-106.5267,38.9554],[-106.5071,38.9459],[-106.5043,38.9368],[-106.465,38.9104],[-106.4373,38.9149],[-106.4308,38.9244],[-106.4214,38.9281],[-106.4131,38.9163],[-106.4025,38.9107],[-106.3938,38.9124],[-106.3925,38.9186],[-106.3809,38.9258],[-106.3731,38.9065],[-106.3576,38.913],[-106.3455,38.9072],[-106.3347,38.9118],[-106.3261,38.911],[-106.3212,38.893],[-106.3275,38.8824],[-106.334,38.8813],[-106.3358,38.872],[-106.349,38.8649],[-106.3494,38.8548],[-106.365,38.8532],[-106.3648,38.8457],[-106.3701,38.8385],[-106.3818,38.8328],[-106.3836,38.8247],[-106.3969,38.8228],[-106.4067,38.8294],[-106.4159,38.8242],[-106.4149,38.8155],[-106.4227,38.8083],[-106.4127,38.7907],[-106.4168,38.7869],[-106.4137,38.7791],[-106.4192,38.7663],[-106.415,38.7572],[-106.4199,38.7513],[-106.4166,38.7275],[-106.4234,38.7205],[-106.4252,38.7103],[-106.4436,38.7093],[-106.4518,38.6972],[-106.438,38.683],[-106.4296,38.6514],[-106.4176,38.6446],[-106.4085,38.6477],[-106.4016,38.6458],[-106.4011,38.6398],[-106.38,38.6386],[-106.3858,38.6257],[-106.3643,38.6145],[-106.3607,38.5941],[-106.3447,38.5685],[-106.355,38.5425],[-106.3544,38.5337],[-106.3427,38.5213],[-106.3479,38.5127],[-106.3441,38.5044],[-106.3302,38.4937],[-106.3203,38.4977],[-106.3124,38.4948],[-106.3042,38.4779],[-106.2905,38.4734],[-106.2868,38.4596],[-106.2805,38.4544],[-106.2725,38.4552],[-106.2697,38.4445],[-106.2456,38.439],[-106.2496,38.4333],[-106.2442,38.4187],[-106.2532,38.4002],[-106.2372,38.3797],[-106.2439,38.3523],[-106.2529,38.3476],[-106.2713,38.3527],[-106.2916,38.345],[-106.3161,38.3426],[-106.3386,38.287],[-106.3532,38.292],[-106.3795,38.2931],[-106.395,38.2821],[-106.4061,38.2857],[-106.417,38.2807],[-106.4342,38.2819],[-106.4589,38.3011],[-106.464,38.313],[-106.4725,38.3129],[-106.4739,38.3222],[-106.4834,38.3161],[-106.5049,38.3149],[-106.5363,38.262],[-106.5593,38.2516],[-106.5559,38.2456],[-106.5604,38.2339],[-106.5548,38.2291],[-106.5758,38.2121],[-106.5872,38.1894],[-106.598,38.1893],[-106.5974,38.1772],[-106.6017,38.1709],[-106.5972,38.1564],[-106.6106,38.1346],[-106.6333,38.1283],[-106.648,38.1102],[-106.6553,38.11],[-106.6629,38.0975],[-106.6715,38.0935],[-106.6701,38.0869],[-106.6825,38.0848],[-106.6848,38.0814],[-106.7042,38.0805],[-106.7203,38.0916],[-106.729,38.0901],[-106.7444,38.0935],[-106.7673,38.0796],[-106.7693,38.0718],[-106.8064,38.0307],[-106.8087,38.0158],[-106.7822,38.0021],[-106.8012,37.9864],[-106.8032,37.9716],[-106.8099,37.9698],[-106.8164,37.9557],[-106.8505,37.9567],[-106.8716,37.9417],[-106.8795,37.9498],[-106.8794,37.96],[-106.8884,37.9615],[-106.8965,37.9678],[-106.9074,37.9633],[-106.9203,37.9674],[-106.945,37.9523],[-106.9545,37.9645],[-106.9618,37.9679],[-106.9608,37.9725],[-106.9673,37.9748],[-106.9773,37.969],[-106.9872,37.9694],[-106.9869,37.9631],[-107.0014,37.9556],[-107.0054,37.9566],[-107.0092,37.9464],[-107.0249,37.9544],[-107.037,37.9487],[-107.0549,37.9509],[-107.0607,37.9596],[-107.0678,37.9615],[-107.073,37.9546],[-107.0846,37.9536],[-107.0916,37.9492],[-107.103,37.9554],[-107.1091,37.9437],[-107.1325,37.9368],[-107.1548,37.9402],[-107.1904,37.9366],[-107.1981,37.9348],[-107.2018,37.9298],[-107.2257,37.926],[-107.2532,37.9293],[-107.2673,37.938],[-107.2992,37.9053],[-107.3005,37.8987],[-107.3088,37.8915],[-107.3158,37.892],[-107.3357,37.8759],[-107.3485,37.8569],[-107.3609,37.8593],[-107.3748,37.8558],[-107.3809,37.8607],[-107.3889,37.8552],[-107.4247,37.8592],[-107.4362,37.846],[-107.4456,37.8438],[-107.4453,37.8487],[-107.4514,37.8471],[-107.4652,37.8588],[-107.4674,37.8461],[-107.4843,37.8452],[-107.4948,37.8497],[-107.4998,37.8399],[-107.5081,37.8406],[-107.5161,37.8348],[-107.5169,37.8265],[-107.5231,37.8228],[-107.5183,37.8157],[-107.5259,37.8133],[-107.5316,37.8049],[-107.5298,37.8012],[-107.5457,37.7997],[-107.5548,37.7896],[-107.5532,37.7823],[-107.5592,37.7633],[-107.5485,37.7365],[-107.542,37.7325],[-107.5425,37.7246],[-107.5361,37.7219],[-107.5338,37.7148],[-107.5374,37.7084],[-107.5317,37.7054],[-107.5214,37.7063],[-107.504,37.6933],[-107.5021,37.6777],[-107.4893,37.659],[-107.492,37.6517],[-107.4639,37.6301],[-107.455,37.63],[-107.4542,37.6342],[-107.4419,37.6324],[-107.4413,37.6376],[-107.4302,37.6405],[-107.4238,37.6503],[-107.4067,37.6496],[-107.3977,37.6531],[-107.3937,37.6785],[-107.3751,37.6876],[-107.3453,37.6789],[-107.3237,37.6836],[-107.3067,37.6774],[-107.2927,37.6836],[-107.287,37.691],[-107.2688,37.696],[-107.273,37.6796],[-107.2908,37.6712],[-107.2765,37.6555],[-107.2788,37.6409],[-107.2698,37.6369],[-107.2664,37.6303],[-107.2566,37.628],[-107.2595,37.621],[-107.2557,37.6159],[-107.2308,37.5952],[-107.2229,37.5946],[-107.2212,37.5995],[-107.2084,37.6039],[-107.2013,37.6105],[-107.1978,37.6147],[-107.2017,37.6211],[-107.1991,37.6257],[-107.1768,37.6279],[-107.1731,37.6326],[-107.1527,37.637],[-107.14,37.6244],[-107.1442,37.6183],[-107.1393,37.6022],[-107.1098,37.6076],[-107.1063,37.5999],[-107.0918,37.5957],[-107.0931,37.5739],[-107.0776,37.5689],[-107.0636,37.5723],[-107.0485,37.57],[-107.0449,37.5603],[-107.0188,37.5628],[-107.0082,37.5737],[-106.9992,37.5694],[-106.981,37.5713],[-106.9691,37.5652],[-106.9486,37.5708],[-106.9392,37.5666],[-106.9215,37.5703],[-106.9089,37.5641],[-106.8879,37.5648],[-106.8812,37.5612],[-106.8789,37.5444],[-106.8848,37.5366],[-106.8821,37.5226],[-106.8881,37.5168],[-106.8744,37.4996],[-106.8532,37.4921],[-106.845,37.4994],[-106.837,37.5005],[-106.8281,37.4947],[-106.8161,37.4991],[-106.8004,37.4929],[-106.8043,37.4871],[-106.8012,37.4769],[-106.8068,37.4663],[-106.7988,37.4571],[-106.7728,37.4498],[-106.7619,37.4643],[-106.7495,37.4593],[-106.7383,37.4605],[-106.7302,37.4553],[-106.7257,37.4458],[-106.7169,37.4418],[-106.7055,37.4455],[-106.7019,37.4514],[-106.6885,37.4391],[-106.6619,37.4301],[-106.65,37.4212],[-106.6412,37.4078],[-106.6466,37.405],[-106.6561,37.4085],[-106.6611,37.4073],[-106.6641,37.4006],[-106.6707,37.4018],[-106.6702,37.3945],[-106.6797,37.3888],[-106.6819,37.3755],[-106.6997,37.3693],[-106.6969,37.3506],[-106.7077,37.3362],[-106.7067,37.3314],[-106.6914,37.3239],[-106.6807,37.3257],[-106.666,37.3209],[-106.6635,37.3108],[-106.6824,37.2959],[-106.6943,37.2723],[-106.686,37.2592],[-106.6788,37.2559],[-106.6626,37.2532],[-106.6351,37.2569],[-106.6358,37.2439],[-106.6301,37.2385],[-106.6348,37.2331],[-106.6309,37.2207],[-106.6167,37.2183],[-106.6055,37.2215],[-106.6011,37.2083],[-106.5944,37.2079],[-106.5902,37.1939],[-106.5941,37.1688],[-106.5901,37.1634],[-106.5944,37.1496],[-106.5883,37.1383],[-106.6128,37.1355],[-106.6266,37.1167],[-106.627,37.1045],[-106.6229,37.0982],[-106.6401,37.0544],[-106.6289,37.0404],[-106.6489,37.0308],[-106.6913,37.0393],[-106.6924,37.0154],[-106.6886,37.0056],[-106.6981,36.9966],[-106.6992,36.9905],[-106.7125,36.9849],[-106.7194,36.9855],[-106.7212,36.9723],[-106.7339,36.9604],[-106.7188,36.9553],[-106.7138,36.9494],[-106.7177,36.9406],[-106.7053,36.9372],[-106.707,36.926],[-106.7002,36.9189],[-106.7037,36.9112],[-106.7012,36.9013],[-106.7103,36.8964],[-106.7192,36.8978],[-106.7218,36.8891],[-106.7394,36.8845],[-106.7581,36.8677],[-106.7793,36.8627],[-106.7798,36.8596],[-106.7732,36.8517],[-106.7764,36.8455],[-106.7664,36.8261],[-106.7506,36.8123],[-106.7177,36.8127],[-106.7179,36.8554],[-106.6771,36.8554],[-106.6734,36.845],[-106.6646,36.845],[-106.6705,36.8554],[-106.657,36.8555],[-106.6571,36.8429],[-106.6471,36.843],[-106.6471,36.8362],[-106.5736,36.8365],[-106.5731,36.8228],[-106.5834,36.8103],[-106.584,36.801],[-106.5801,36.7919],[-106.5697,36.7831],[-106.5728,36.779],[-106.5646,36.779],[-106.5653,36.7702],[-106.5801,36.75],[-106.5797,36.7328],[-106.6876,36.7323],[-106.687,36.7079],[-106.7149,36.717],[-106.7467,36.7076],[-106.7271,36.6802],[-106.7465,36.6532],[-106.7517,36.6586],[-106.7611,36.6557],[-106.7639,36.6638],[-106.7731,36.6642],[-106.7756,36.6526],[-106.7702,36.6437],[-106.7767,36.6413],[-106.7669,36.6395],[-106.7677,36.6348],[-106.7714,36.6346],[-106.7684,36.6293],[-106.771,36.6233],[-106.7623,36.6156],[-106.7509,36.5853],[-106.7449,36.5857],[-106.7449,36.5906],[-106.731,36.5898],[-106.7201,36.5672],[-106.7232,36.563],[-106.7185,36.5594],[-106.7205,36.5552],[-106.7786,36.5537],[-106.7775,36.521],[-106.9685,36.5211],[-106.9594,36.5142],[-106.9708,36.5057],[-106.9749,36.4893],[-106.9834,36.4813],[-106.9806,36.473],[-106.9879,36.4662],[-106.9855,36.4564],[-107.0099,36.4486],[-107.0186,36.4352],[-107.0159,36.4276],[-107.0011,36.4228],[-106.9944,36.4093],[-106.9954,36.4027],[-106.9885,36.3969],[-106.9893,36.3861],[-106.9804,36.3834],[-106.9862,36.3706],[-106.9767,36.3639],[-106.9778,36.361],[-106.9622,36.3584],[-106.9594,36.3424],[-106.9504,36.3374],[-106.9503,36.3241],[-106.9557,36.3121],[-106.9519,36.3048],[-106.9592,36.2971],[-106.958,36.2924],[-106.9705,36.2822],[-106.9661,36.2712],[-106.9701,36.262],[-106.9666,36.2601],[-106.975,36.2514],[-106.966,36.2397],[-106.9512,36.2419],[-106.9501,36.2188],[-106.9585,36.1992],[-106.9805,36.187],[-106.9924,36.1885],[-106.9926,36.086],[-107.1288,36.0861],[-107.1331,36.085],[-107.1389,36.0719],[-107.1542,36.0659],[-107.1585,36.0573],[-107.1758,36.058],[-107.1795,36.0666],[-107.1847,36.0645],[-107.1972,36.0674],[-107.2025,36.0613],[-107.2158,36.0656],[-107.2405,36.0617],[-107.2529,36.0673],[-107.2529,36.0609],[-107.2731,36.059],[-107.2831,36.0604],[-107.2864,36.0651],[-107.2919,36.0622],[-107.3319,36.0677],[-107.3477,36.0603],[-107.3517,36.0561],[-107.35,36.0467],[-107.3545,36.0322],[-107.3726,36.0289],[-107.3927,36.016],[-107.3803,35.9964],[-107.3908,35.986],[-107.3878,35.9814],[-107.3926,35.9739],[-107.3897,35.9718],[-107.4003,35.9519],[-107.4088,35.9481],[-107.4071,35.9427],[-107.4141,35.9358],[-107.4367,35.9207],[-107.4356,35.914],[-107.462,35.9],[-107.4685,35.8874],[-107.4804,35.8832],[-107.4769,35.8772],[-107.4873,35.8662],[-107.4843,35.8613],[-107.5028,35.8392],[-107.5317,35.8247],[-107.5459,35.8279],[-107.5504,35.8366],[-107.5665,35.8395],[-107.5901,35.8249],[-107.6049,35.8276],[-107.6116,35.8175],[-107.6248,35.8153],[-107.6449,35.803],[-107.6588,35.8056],[-107.6591,35.7973],[-107.677,35.7919],[-107.6871,35.7796],[-107.7227,35.7815],[-107.7299,35.777],[-107.7374,35.7776],[-107.7372,35.7673],[-107.7446,35.7678],[-107.7539,35.759],[-107.7681,35.7549],[-107.7753,35.7574],[-107.7765,35.7414],[-107.7842,35.7228],[-107.7765,35.7122],[-107.7858,35.7068],[-107.7968,35.7065],[-107.8009,35.6996],[-107.8085,35.6974],[-107.7985,35.6932],[-107.7946,35.6869],[-107.8027,35.6776],[-107.8254,35.6695],[-107.8254,35.664],[-107.8373,35.6528],[-107.8416,35.6353],[-107.8601,35.6164],[-107.8875,35.6046],[-107.9059,35.6035],[-107.914,35.5984],[-107.9203,35.5871],[-107.9186,35.5784],[-107.934,35.5721],[-107.952,35.5709],[-107.9639,35.5612],[-107.9743,35.5584],[-107.9727,35.5634],[-107.9846,35.566],[-107.9768,35.5829],[-107.99,35.5878],[-107.9933,35.5809],[-108.0056,35.5792],[-108.0072,35.5945],[-108.0244,35.6025],[-108.0475,35.5928],[-108.0541,35.6011],[-108.0767,35.598],[-108.0945,35.5904],[-108.096,35.5829],[-108.1176,35.5727],[-108.1419,35.5781],[-108.1426,35.5821],[-108.152,35.5863],[-108.1748,35.5791],[-108.1841,35.5692],[-108.1802,35.5644],[-108.1818,35.5569],[-108.1943,35.5496],[-108.1956,35.5373],[-108.203,35.5259],[-108.2105,35.5231],[-108.2296,35.5038],[-108.2374,35.5014],[-108.2456,35.4916],[-108.2423,35.4876],[-108.2575,35.476],[-108.2413,35.4687],[-108.2438,35.46],[-108.255,35.4604],[-108.2643,35.4521],[-108.2678,35.4428],[-108.2789,35.4404],[-108.307,35.4253],[-108.3169,35.4052],[-108.3134,35.4012],[-108.3151,35.3937],[-108.3262,35.378],[-108.3346,35.3751],[-108.348,35.3776],[-108.346,35.3744],[-108.3594,35.3616],[-108.3936,35.3472],[-108.3908,35.3359],[-108.3759,35.3307],[-108.3711,35.3262],[-108.3722,35.3216],[-108.3651,35.3186],[-108.3739,35.3031],[-108.374,35.2927],[-108.3814,35.2891],[-108.3806,35.2818],[-108.371,35.2742],[-108.3904,35.2602],[-108.3801,35.2512],[-108.3632,35.2447],[-108.3681,35.2271],[-108.3574,35.1986],[-108.3709,35.194],[-108.3389,35.1728],[-108.3311,35.1746],[-108.3289,35.1691],[-108.2582,35.153],[-108.2263,35.1307],[-108.215,35.1331],[-108.1909,35.1227],[-108.1936,35.0991],[-108.1875,35.1003],[-108.1735,35.0946],[-108.173,35.0858],[-108.1627,35.0795],[-108.164,35.0739],[-108.1533,35.0702],[-108.1598,35.0644],[-108.1569,35.0566],[-108.1493,35.0528],[-108.1426,35.0567],[-108.1389,35.0496],[-108.1261,35.0407],[-108.1193,35.0404],[-108.1102,35.0308],[-108.0778,35.0165],[-108.0772,35.0104],[-108.0813,35.0022],[-108.0963,34.9921],[-108.1237,34.9911],[-108.1456,34.9783],[-108.1636,34.946],[-108.1807,34.9387],[-108.1752,34.9352],[-108.1749,34.9204],[-108.1868,34.9164],[-108.1929,34.9221],[-108.2013,34.9199],[-108.2039,34.9101],[-108.2178,34.8982],[-108.2216,34.8695],[-108.2345,34.8634],[-108.2296,34.8478],[-108.2251,34.8449],[-108.2269,34.8407],[-108.2335,34.8386],[-108.2426,34.8257],[-108.2604,34.8237],[-108.2672,34.8109],[-108.2871,34.8053],[-108.285,34.7932],[-108.2944,34.7882],[-108.2965,34.7828],[-108.3047,34.7875],[-108.3239,34.7721],[-108.3258,34.7625],[-108.3325,34.7574],[-108.323,34.7523],[-108.3206,34.743],[-108.3214,34.7167],[-108.325,34.7123],[-108.3223,34.7087],[-108.3272,34.7014],[-108.3217,34.6944],[-108.3121,34.6907],[-108.3283,34.6765],[-108.3246,34.6699],[-108.3283,34.6561],[-108.3439,34.6601],[-108.3466,34.6754],[-108.3776,34.6744],[-108.3853,34.6601],[-108.3899,34.6587],[-108.3908,34.648],[-108.4027,34.6452],[-108.41,34.6385],[-108.4144,34.6227],[-108.4074,34.6168],[-108.4144,34.5989],[-108.406,34.5953],[-108.4075,34.5908],[-108.4016,34.5883],[-108.4142,34.5843],[-108.4136,34.579],[-108.4058,34.5737],[-108.4103,34.5685],[-108.4039,34.5604],[-108.3894,34.5594],[-108.3903,34.5535],[-108.3778,34.548],[-108.3607,34.5521],[-108.3488,34.5502],[-108.3301,34.5617],[-108.3148,34.5648],[-108.3109,34.5411],[-108.3151,34.5259],[-108.3222,34.5197],[-108.3152,34.5104],[-108.2929,34.5057],[-108.3042,34.4901],[-108.2892,34.4557],[-108.2811,34.4561],[-108.27,34.4417],[-108.2644,34.4453],[-108.2542,34.44],[-108.2465,34.4411],[-108.2417,34.4297],[-108.2346,34.4282],[-108.2185,34.4349],[-108.1996,34.4369],[-108.1964,34.4415],[-108.1885,34.443],[-108.169,34.4206],[-108.1646,34.407],[-108.1663,34.3925],[-108.1588,34.3786],[-108.1445,34.3733],[-108.1362,34.3763],[-108.14,34.3666],[-108.1328,34.3628],[-108.1253,34.3661],[-108.1188,34.3596],[-108.1015,34.3579],[-108.077,34.3293],[-108.0534,34.3242],[-108.0496,34.3275],[-108.036,34.3263],[-108.0441,34.3252],[-108.0567,34.3107],[-108.0752,34.3042],[-108.0884,34.2947],[-108.1036,34.2923],[-108.1082,34.2737],[-108.1218,34.2627],[-108.1182,34.2569],[-108.1348,34.2471],[-108.1445,34.2263],[-108.1591,34.2262],[-108.1723,34.1912],[-108.1832,34.181],[-108.1798,34.1749],[-108.1857,34.1714],[-108.1859,34.1606],[-108.1976,34.1552],[-108.2146,34.1561],[-108.2219,34.1478],[-108.2166,34.1359],[-108.2191,34.1199],[-108.2286,34.1052],[-108.2449,34.1151],[-108.2481,34.1047],[-108.2446,34.1008],[-108.2567,34.0828],[-108.2567,34.0755],[-108.2598,34.0794],[-108.2664,34.0785],[-108.3027,34.0503],[-108.3209,34.0497],[-108.3433,34.0434],[-108.3715,34.0269],[-108.3965,34.0263],[-108.3925,34.0154],[-108.3859,34.0107],[-108.4061,34.0094],[-108.4105,34.0061],[-108.417,33.9405],[-108.4251,33.9335],[-108.4081,33.9271],[-108.4033,33.9214],[-108.4108,33.9174],[-108.4125,33.9035],[-108.4163,33.9022],[-108.4277,33.9056],[-108.4374,33.9015],[-108.4447,33.9045],[-108.46,33.9027],[-108.448,33.8918],[-108.4496,33.8856],[-108.4392,33.8801],[-108.4508,33.8717],[-108.4524,33.8629],[-108.44,33.8577],[-108.4386,33.852],[-108.4295,33.8464],[-108.4304,33.8394],[-108.4181,33.8319],[-108.4286,33.8221],[-108.4746,33.8104],[-108.4751,33.8036],[-108.4666,33.7898],[-108.481,33.7838],[-108.473,33.7739],[-108.4871,33.7486],[-108.4741,33.7456],[-108.4675,33.7512],[-108.4512,33.7516],[-108.4472,33.7444],[-108.4382,33.7399],[-108.4445,33.7361],[-108.444,33.7279],[-108.455,33.7236],[-108.462,33.7106],[-108.4863,33.6931],[-108.494,33.6797],[-108.4866,33.6791],[-108.4686,33.6667],[-108.4508,33.6665],[-108.4441,33.6629],[-108.4263,33.6371],[-108.439,33.6332],[-108.4712,33.6045],[-108.4843,33.6012],[-108.5123,33.6116],[-108.5184,33.6064],[-108.512,33.5939],[-108.499,33.5884],[-108.488,33.5889],[-108.4912,33.5831],[-108.4862,33.5758],[-108.4655,33.5785],[-108.4578,33.5757],[-108.4512,33.5792],[-108.4259,33.5759],[-108.4038,33.5556],[-108.4,33.5612],[-108.3906,33.5644],[-108.3651,33.5984],[-108.3394,33.608],[-108.3228,33.6089],[-108.315,33.6042],[-108.2987,33.6107],[-108.2788,33.6425],[-108.2636,33.643],[-108.2617,33.6473],[-108.2507,33.6462],[-108.2426,33.6602],[-108.2333,33.6601],[-108.2301,33.6633],[-108.2247,33.6604],[-108.2123,33.6655],[-108.198,33.6629],[-108.1826,33.6679],[-108.176,33.6759],[-108.1414,33.6782],[-108.1087,33.6738],[-108.0966,33.6775],[-108.0885,33.6757],[-108.0736,33.6833],[-108.0436,33.6765],[-108.028,33.6837],[-108.0031,33.6861],[-108.0037,33.6971],[-107.9951,33.7068],[-107.9951,33.7144],[-107.9984,33.721],[-108.0215,33.732],[-108.0103,33.7415],[-107.9939,33.7398],[-107.9721,33.7474],[-107.9481,33.7381],[-107.9382,33.7401],[-107.9324,33.7353],[-107.9285,33.7215],[-107.9124,33.7149],[-107.9049,33.7176],[-107.8967,33.7155],[-107.8856,33.7228],[-107.869,33.7214],[-107.8588,33.7337],[-107.8352,33.7289],[-107.8308,33.7113],[-107.8268,33.7091],[-107.8106,33.7031],[-107.7831,33.7026],[-107.8024,33.6886],[-107.8046,33.6819],[-107.8041,33.6763],[-107.7877,33.6621],[-107.798,33.6605],[-107.8141,33.6446],[-107.8301,33.6359],[-107.8222,33.62],[-107.8104,33.6134],[-107.8075,33.6058],[-107.7998,33.6052],[-107.7946,33.5968],[-107.7936,33.5899],[-107.8043,33.5882],[-107.8032,33.5807],[-107.8145,33.5755],[-107.8073,33.5661],[-107.8142,33.5575],[-107.8119,33.5478],[-107.801,33.5392],[-107.801,33.5218],[-107.8113,33.5227],[-107.8318,33.512],[-107.8359,33.506],[-107.8359,33.4866],[-107.843,33.4841],[-107.8513,33.4654],[-107.8616,33.4603],[-107.8698,33.4494],[-107.8649,33.4414],[-107.8693,33.4359],[-107.8637,33.4261],[-107.8493,33.4217],[-107.8396,33.4095],[-107.8491,33.4065],[-107.8483,33.3934],[-107.8522,33.389],[-107.8447,33.3869],[-107.833,33.3739],[-107.8224,33.3752],[-107.8153,33.3698],[-107.8161,33.3669],[-107.8264,33.3654],[-107.8252,33.3578],[-107.8305,33.3569],[-107.8295,33.352],[-107.8428,33.3416],[-107.8452,33.3256],[-107.8378,33.3184],[-107.8374,33.3123],[-107.8245,33.3029],[-107.8178,33.2885],[-107.8225,33.2855],[-107.8223,33.2765],[-107.8283,33.2664],[-107.8284,33.2498],[-107.8403,33.2401],[-107.8467,33.2261],[-107.87,33.2051],[-107.8637,33.1987],[-107.8579,33.2005],[-107.8608,33.1872],[-107.8554,33.1908],[-107.8396,33.1826],[-107.8425,33.1722],[-107.8497,33.1733],[-107.8576,33.1652],[-107.854,33.1432],[-107.8667,33.1421],[-107.8867,33.1279],[-107.9013,33.1247],[-107.9059,33.1145],[-107.9154,33.113],[-107.9187,33.1088],[-107.9244,33.1102],[-107.933,33.1016],[-107.9642,33.0998],[-107.97,33.0857],[-107.9779,33.0815],[-107.9844,33.0664],[-107.9935,33.0582],[-107.9933,33.0519],[-108.001,33.0499],[-107.9972,33.0409],[-108.0204,33.0166],[-108.0366,33.01],[-108.0501,32.9833],[-108.0686,32.9719],[-108.0805,32.9726],[-108.0994,32.9608],[-108.103,32.9504],[-108.0969,32.9314],[-108.1022,32.9235],[-108.1091,32.9217],[-108.1213,32.93],[-108.1276,32.9237],[-108.1347,32.924],[-108.1382,32.9184],[-108.1428,32.9226],[-108.1638,32.9196],[-108.1679,32.9163],[-108.1622,32.9096],[-108.1638,32.9061],[-108.1737,32.9037],[-108.1729,32.8997],[-108.194,32.8802],[-108.2036,32.8833],[-108.2111,32.8812],[-108.2179,32.8658],[-108.2295,32.8549],[-108.2559,32.8655],[-108.2622,32.8617],[-108.2831,32.8651],[-108.2899,32.8523],[-108.2999,32.8473],[-108.3195,32.8549],[-108.3191,32.8406],[-108.3228,32.8367],[-108.3363,32.8365],[-108.3422,32.8299],[-108.3549,32.835],[-108.3494,32.8131],[-108.3374,32.8104],[-108.3388,32.7985],[-108.3295,32.801],[-108.3233,32.7884],[-108.3322,32.7756],[-108.3257,32.7525],[-108.3538,32.7082],[-108.3552,32.6849],[-108.3446,32.6712],[-108.3474,32.6657],[-108.3423,32.6556],[-108.3557,32.6424],[-108.3539,32.6306],[-108.3637,32.626],[-108.3856,32.6253],[-108.4024,32.6083],[-108.414,32.6032],[-108.4208,32.5927],[-108.4324,32.5904],[-108.4279,32.5852],[-108.4313,32.5803],[-108.4285,32.5726],[-108.4358,32.5655],[-108.4298,32.564],[-108.434,32.5508],[-108.4087,32.5143],[-108.37,32.4825],[-108.3413,32.4696],[-108.315,32.4356],[-108.2755,32.4178],[-108.2388,32.3857],[-108.2327,32.3626],[-108.2035,32.3102],[-108.2012,32.2921],[-108.2096,32.2599],[-108.2035,32.23],[-108.2067,32.1955],[-108.2141,32.1689],[-108.205,32.1561],[-108.2037,32.1473],[-108.2142,32.114],[-108.2234,32.1087],[-108.2246,32.1031],[-108.2158,32.1001],[-108.2169,32.0948],[-108.203,32.0826],[-108.1995,32.067],[-108.1879,32.062],[-108.1838,32.043],[-108.1752,32.0361],[-108.1707,32.0367],[-108.1725,32.0271],[-108.1792,32.0262],[-108.2046,32.0026],[-108.194,31.9927],[-108.1797,31.9872],[-108.1884,31.9791],[-108.1868,31.9719],[-108.2001,31.9726],[-108.2113,31.9927],[-108.2167,31.9909],[-108.2221,32.0015],[-108.2311,31.9995],[-108.2509,31.9864],[-108.2538,31.9888],[-108.2695,31.9854],[-108.2774,31.9898],[-108.2794,31.9848],[-108.2886,31.9852],[-108.2929,31.981],[-108.3031,31.982],[-108.3281,31.9949],[-108.3379,31.9946],[-108.3668,31.9829],[-108.4016,31.9762],[-108.4202,31.96],[-108.4303,31.9562],[-108.4358,31.9592],[-108.4418,31.9531],[-108.4457,31.956],[-108.4424,31.9786],[-108.455,31.9787],[-108.4622,31.9832],[-108.4595,31.9868],[-108.4677,31.993],[-108.4669,31.9975],[-108.4918,32.0097],[-108.4939,32.0217],[-108.5034,32.0256],[-108.5173,32.0445],[-108.5105,32.0525],[-108.5188,32.0758],[-108.5444,32.0781],[-108.542,32.0839],[-108.5579,32.093],[-108.5585,32.0995],[-108.57,32.0975],[-108.5708,32.0915],[-108.5824,32.0916],[-108.5872,32.0955],[-108.6189,32.0884],[-108.6483,32.0871],[-108.6777,32.0969],[-108.6958,32.0974],[-108.7015,32.1023],[-108.7096,32.099],[-108.7046,32.0737],[-108.707,32.0559],[-108.7116,32.0533],[-108.7013,32.0404],[-108.7011,32.0257],[-108.6903,32.0129],[-108.6765,32.0049],[-108.6871,31.9981],[-108.6771,31.9818],[-108.6841,31.9791],[-108.6912,31.9679],[-108.7052,31.9304],[-108.7161,31.9234],[-108.712,31.9156],[-108.7191,31.8962],[-108.7277,31.8918],[-108.7252,31.8871],[-108.707,31.8814],[-108.7025,31.8766],[-108.7068,31.8478],[-108.7011,31.8411],[-108.7002,31.8294],[-108.6913,31.8242],[-108.6929,31.8141],[-108.6981,31.8108],[-108.6956,31.8067],[-108.7015,31.8007],[-108.6958,31.7906],[-108.6998,31.786],[-108.6975,31.7775],[-108.6932,31.7751],[-108.6957,31.7648],[-108.7011,31.7615],[-108.6882,31.751],[-108.6856,31.7436],[-108.6925,31.7391],[-108.6874,31.729],[-108.6779,31.723],[-108.676,31.7169],[-108.6808,31.7115],[-108.6629,31.6939],[-108.6635,31.69],[-108.6769,31.6843],[-108.6837,31.6555],[-108.6902,31.6548],[-108.6943,31.6497],[-108.6992,31.651],[-108.6972,31.646],[-108.7101,31.6371],[-108.7079,31.6333],[-108.7131,31.6292],[-108.7085,31.6256],[-108.715,31.6209],[-108.7101,31.6128],[-108.699,31.6144],[-108.6909,31.6077],[-108.6588,31.6106],[-108.6669,31.5975],[-108.6806,31.5903],[-108.6799,31.585],[-108.699,31.5705],[-108.7009,31.5644],[-108.6942,31.5522],[-108.695,31.5452],[-108.7163,31.5511],[-108.7236,31.549],[-108.7307,31.5397],[-108.7334,31.5432],[-108.7479,31.5436],[-108.7499,31.5398],[-108.7609,31.543],[-108.7721,31.557],[-108.7855,31.5557],[-108.7792,31.5439],[-108.7806,31.531],[-108.7761,31.5235],[-108.7803,31.5168],[-108.7727,31.4998],[-108.777,31.4895],[-108.7713,31.462],[-108.776,31.4442],[-108.7626,31.4411],[-108.7439,31.4154],[-108.7418,31.4061],[-108.7499,31.3885],[-108.7454,31.3767],[-108.7536,31.374],[-108.7512,31.3702],[-108.7572,31.3651],[-108.7444,31.3599],[-108.7577,31.3426],[-108.7566,31.3326],[-109.0006,31.3322]]]]},"properties":{"name":"Pacific Flyway"}},{"type":"Feature","geometry":{"type":"Polygon","coordinates":[[[-97.3945,25.8372],[-97.407,25.8389],[-97.4007,25.8415],[-97.3988,25.8505],[-97.4023,25.8519],[-97.4083,25.8456],[-97.4088,25.8621],[-97.4139,25.8566],[-97.4131,25.8409],[-97.4261,25.841],[-97.4361,25.8498],[-97.4434,25.8482],[-97.4451,25.8562],[-97.4539,25.854],[-97.4447,25.8674],[-97.4483,25.8721],[-97.4567,25.8683],[-97.4557,25.884],[-97.47,25.8754],[-97.4747,25.8784],[-97.4685,25.8837],[-97.4694,25.8888],[-97.4849,25.8787],[-97.4885,25.8854],[-97.4967,25.8797],[-97.4982,25.899],[-97.5104,25.8878],[-97.5218,25.8865],[-97.5239,25.899],[-97.5335,25.9084],[-97.5302,25.9199],[-97.543,25.92],[-97.5372,25.9305],[-97.544,25.9234],[-97.5498,25.9362],[-97.5559,25.937],[-97.5594,25.9315],[-97.5829,25.9379],[-97.5667,25.9447],[-97.568,25.9524],[-97.5744,25.9538],[-97.5732,25.9459],[-97.5782,25.9421],[-97.5824,25.9625],[-97.6026,25.9577],[-97.6106,25.9663],[-97.608,25.9766],[-97.6177,25.98],[-97.6217,25.9891],[-97.6344,25.9903],[-97.6311,25.9963],[-97.6203,25.9924],[-97.6183,26.0021],[-97.6277,25.9968],[-97.627,26.006],[-97.6351,25.9999],[-97.6494,26.0109],[-97.6376,26.0142],[-97.6406,26.0245],[-97.6477,26.0263],[-97.6515,26.016],[-97.6586,26.0201],[-97.6681,26.0194],[-97.6607,26.0313],[-97.6627,26.0381],[-97.6674,26.0291],[-97.6712,26.034],[-97.6752,26.0324],[-97.6758,26.0258],[-97.6857,26.0268],[-97.6933,26.0323],[-97.6914,26.019],[-97.6974,26.0238],[-97.6973,26.0309],[-97.7025,26.0312],[-97.7073,26.0378],[-97.7097,26.0262],[-97.7211,26.0233],[-97.7198,26.031],[-97.7349,26.032],[-97.7351,26.0284],[-97.7253,26.0249],[-97.7371,26.0215],[-97.7363,26.0282],[-97.7424,26.0298],[-97.7487,26.0263],[-97.7521,26.0315],[-97.7634,26.0268],[-97.7627,26.041],[-97.7681,26.0473],[-97.7768,26.044],[-97.7693,26.0361],[-97.7768,26.0295],[-97.7825,26.0339],[-97.793,26.0345],[-97.7977,26.0427],[-97.789,26.0497],[-97.7984,26.0527],[-97.8013,26.0602],[-97.811,26.0555],[-97.8134,26.0442],[-97.8181,26.0564],[-97.826,26.0559],[-97.8335,26.0459],[-97.8394,26.0532],[-97.8605,26.0529],[-97.8618,26.07],[-97.8691,26.057],[-97.8769,26.0646],[-97.887,26.0666],[-97.8907,26.0607],[-97.9272,26.0553],[-97.9339,26.0648],[-97.937,26.0619],[-97.9318,26.056],[-97.9343,26.0528],[-97.9512,26.062],[-97.9673,26.0518],[-97.9788,26.0598],[-97.9813,26.0672],[-97.9873,26.0657],[-97.9915,26.0586],[-98.0035,26.0645],[-98.012,26.0563],[-98.0119,26.0659],[-98.0208,26.0587],[-98.0278,26.0669],[-98.0392,26.0413],[-98.0612,26.0462],[-98.0746,26.0363],[-98.08,26.042],[-98.0724,26.0439],[-98.07,26.0515],[-98.0766,26.068],[-98.0819,26.0711],[-98.0859,26.0692],[-98.0819,26.0637],[-98.0944,26.0586],[-98.1055,26.0675],[-98.1293,26.0627],[-98.1284,26.0724],[-98.1318,26.0742],[-98.1465,26.0493],[-98.1517,26.0582],[-98.1619,26.0545],[-98.1588,26.0633],[-98.1688,26.063],[-98.1771,26.0751],[-98.1805,26.0667],[-98.1769,26.0607],[-98.1878,26.064],[-98.194,26.0533],[-98.205,26.0664],[-98.2207,26.0765],[-98.2487,26.072],[-98.2515,26.079],[-98.2639,26.085],[-98.2684,26.0931],[-98.2862,26.1024],[-98.2866,26.1069],[-98.2702,26.1069],[-98.2718,26.113],[-98.2663,26.1207],[-98.2752,26.1159],[-98.2962,26.1203],[-98.303,26.1101],[-98.298,26.1033],[-98.306,26.1037],[-98.3103,26.1144],[-98.3209,26.1182],[-98.3352,26.1376],[-98.3345,26.1411],[-98.3269,26.1428],[-98.3382,26.1499],[-98.333,26.1602],[-98.3356,26.1659],[-98.3463,26.1655],[-98.3523,26.1511],[-98.3606,26.1726],[-98.3666,26.1688],[-98.3672,26.1577],[-98.3867,26.1579],[-98.3935,26.168],[-98.4022,26.1722],[-98.4044,26.1826],[-98.4181,26.1847],[-98.4441,26.2009],[-98.4388,26.2142],[-98.4452,26.2246],[-98.4545,26.2171],[-98.4612,26.2261],[-98.4816,26.2194],[-98.478,26.204],[-98.4816,26.2013],[-98.4825,26.2096],[-98.487,26.2129],[-98.5068,26.2094],[-98.502,26.2233],[-98.5149,26.2272],[-98.5243,26.2212],[-98.5264,26.2277],[-98.5218,26.2356],[-98.5352,26.2257],[-98.5445,26.2438],[-98.5546,26.2474],[-98.5586,26.2443],[-98.5476,26.2411],[-98.5459,26.2371],[-98.563,26.2249],[-98.5674,26.2416],[-98.5798,26.2348],[-98.585,26.2443],[-98.5795,26.2522],[-98.5876,26.2578],[-98.6129,26.2527],[-98.6165,26.2468],[-98.6235,26.2597],[-98.6323,26.2521],[-98.6342,26.2426],[-98.6545,26.2359],[-98.6712,26.2374],[-98.6789,26.2456],[-98.6811,26.2628],[-98.7194,26.2723],[-98.7157,26.2784],[-98.7012,26.278],[-98.7018,26.2862],[-98.7094,26.2892],[-98.7162,26.2862],[-98.7278,26.2988],[-98.7426,26.2942],[-98.751,26.2963],[-98.7561,26.3043],[-98.7542,26.3079],[-98.7404,26.3028],[-98.7362,26.3092],[-98.7458,26.3169],[-98.7511,26.3316],[-98.7713,26.3251],[-98.789,26.3304],[-98.7883,26.3383],[-98.7963,26.3491],[-98.7982,26.3602],[-98.8074,26.3694],[-98.814,26.3663],[-98.8246,26.3708],[-98.8441,26.3587],[-98.8619,26.366],[-98.8967,26.3533],[-98.9017,26.3712],[-98.9174,26.3745],[-98.9234,26.3814],[-98.9259,26.3944],[-98.9356,26.3851],[-98.9351,26.373],[-98.9422,26.3697],[-98.956,26.3773],[-98.9545,26.3944],[-98.9742,26.4012],[-98.9891,26.3917],[-99.0107,26.3921],[-99.0219,26.4079],[-99.0371,26.4136],[-99.0621,26.3974],[-99.0851,26.3988],[-99.0894,26.4081],[-99.1136,26.4325],[-99.1024,26.4427],[-99.1004,26.4588],[-99.092,26.4724],[-99.1049,26.5004],[-99.1278,26.5252],[-99.1667,26.5361],[-99.1712,26.542],[-99.1674,26.56],[-99.1781,26.6205],[-99.2005,26.6564],[-99.21,26.6939],[-99.2089,26.7248],[-99.24,26.7459],[-99.2425,26.7883],[-99.2622,26.8157],[-99.2686,26.8432],[-99.2805,26.8581],[-99.2952,26.8654],[-99.3168,26.8658],[-99.3286,26.8786],[-99.3218,26.9068],[-99.3247,26.916],[-99.3373,26.9228],[-99.3734,26.9313],[-99.3883,26.9442],[-99.393,26.9638],[-99.3773,26.9738],[-99.3784,26.98],[-99.3874,26.9824],[-99.4037,26.9974],[-99.4155,27.0172],[-99.4322,27.0107],[-99.4457,27.0218],[-99.4443,27.0384],[-99.4523,27.0627],[-99.4345,27.0785],[-99.4292,27.091],[-99.4421,27.1069],[-99.4306,27.1266],[-99.4314,27.1376],[-99.44,27.1511],[-99.43,27.1592],[-99.4264,27.1763],[-99.4326,27.2097],[-99.4452,27.2233],[-99.4416,27.2499],[-99.4524,27.2641],[-99.4615,27.2682],[-99.4812,27.2598],[-99.4891,27.2615],[-99.4967,27.2724],[-99.4876,27.2896],[-99.492,27.3007],[-99.501,27.306],[-99.5285,27.3054],[-99.538,27.317],[-99.5314,27.3238],[-99.5189,27.3263],[-99.5046,27.3387],[-99.5078,27.3543],[-99.4921,27.3805],[-99.4875,27.4116],[-99.4957,27.4389],[-99.4951,27.4515],[-99.4793,27.4786],[-99.4813,27.4885],[-99.4968,27.5001],[-99.5284,27.4986],[-99.5219,27.5441],[-99.5121,27.5683],[-99.5297,27.5798],[-99.5397,27.6033],[-99.555,27.6145],[-99.5612,27.6076],[-99.5786,27.6023],[-99.5849,27.6039],[-99.5772,27.6113],[-99.5776,27.6186],[-99.5914,27.6275],[-99.5962,27.6399],[-99.6035,27.642],[-99.6161,27.6377],[-99.6243,27.644],[-99.6253,27.6311],[-99.6389,27.6268],[-99.6661,27.6361],[-99.6583,27.6502],[-99.669,27.66],[-99.6858,27.661],[-99.6902,27.6689],[-99.6994,27.6554],[-99.7115,27.6584],[-99.7215,27.6662],[-99.7325,27.6854],[-99.7707,27.7321],[-99.7888,27.7307],[-99.7963,27.7356],[-99.8131,27.774],[-99.8191,27.776],[-99.826,27.7643],[-99.8388,27.7642],[-99.8509,27.794],[-99.8768,27.7978],[-99.8738,27.813],[-99.8772,27.8422],[-99.882,27.8504],[-99.9015,27.8642],[-99.9044,27.8753],[-99.8935,27.8992],[-99.9001,27.9121],[-99.9175,27.918],[-99.926,27.9275],[-99.9266,27.9357],[-99.9371,27.9405],[-99.9385,27.9541],[-99.9322,27.9677],[-99.9318,27.981],[-99.9628,27.9835],[-99.9915,27.9946],[-100.0086,28.024],[-100.0179,28.0648],[-100.0531,28.0847],[-100.0565,28.1042],[-100.0755,28.1249],[-100.0843,28.1448],[-100.1196,28.1556],[-100.1411,28.1681],[-100.1606,28.1682],[-100.1857,28.1858],[-100.2081,28.1904],[-100.2203,28.2322],[-100.2276,28.2359],[-100.2516,28.2362],[-100.2914,28.2754],[-100.2943,28.2844],[-100.2865,28.3123],[-100.3142,28.3459],[-100.3204,28.3621],[-100.3444,28.3897],[-100.3495,28.4037],[-100.3371,28.4272],[-100.3378,28.443],[-100.3683,28.4772],[-100.366,28.4811],[-100.3442,28.4863],[-100.3338,28.4993],[-100.3883,28.5149],[-100.395,28.5284],[-100.4051,28.5358],[-100.4113,28.5507],[-100.3973,28.5756],[-100.3985,28.5852],[-100.4299,28.5964],[-100.4336,28.6061],[-100.4473,28.6093],[-100.4471,28.6422],[-100.4629,28.6414],[-100.4745,28.6471],[-100.4796,28.6552],[-100.5004,28.662],[-100.512,28.7054],[-100.5067,28.7167],[-100.5076,28.7406],[-100.5152,28.743],[-100.5144,28.7503],[-100.5192,28.7562],[-100.5334,28.7592],[-100.5301,28.7704],[-100.5378,28.7808],[-100.5324,28.7911],[-100.5354,28.8052],[-100.5452,28.8121],[-100.5473,28.8258],[-100.5747,28.8288],[-100.5769,28.8362],[-100.5729,28.8482],[-100.591,28.8631],[-100.5908,28.8727],[-100.5989,28.8756],[-100.5895,28.8864],[-100.5925,28.8895],[-100.603,28.8872],[-100.6011,28.9013],[-100.6142,28.9017],[-100.6224,28.9098],[-100.6316,28.9028],[-100.6406,28.9142],[-100.6311,28.9169],[-100.6297,28.9211],[-100.6515,28.9434],[-100.647,28.9571],[-100.6503,28.9623],[-100.6466,28.9669],[-100.6461,28.988],[-100.6602,29.0315],[-100.664,29.0742],[-100.6752,29.1007],[-100.6918,29.1149],[-100.7275,29.1291],[-100.7378,29.1391],[-100.7397,29.1505],[-100.7597,29.1572],[-100.7637,29.1649],[-100.7726,29.1684],[-100.7759,29.1734],[-100.766,29.1858],[-100.7671,29.1953],[-100.7763,29.2009],[-100.7746,29.2106],[-100.7855,29.2281],[-100.7957,29.2277],[-100.7976,29.2468],[-100.8163,29.2539],[-100.814,29.2631],[-100.834,29.2614],[-100.8559,29.2755],[-100.8761,29.2796],[-100.8868,29.3079],[-100.9047,29.3121],[-100.9166,29.3192],[-100.9195,29.3253],[-100.9406,29.3331],[-100.949,29.3472],[-100.9643,29.3473],[-100.9729,29.3545],[-101.01,29.3683],[-101.0193,29.3909],[-101.0366,29.4061],[-101.0434,29.4299],[-101.057,29.4408],[-101.0602,29.4587],[-101.0872,29.4694],[-101.1153,29.4685],[-101.13,29.4784],[-101.1375,29.4735],[-101.1468,29.4742],[-101.1717,29.504],[-101.1738,29.5146],[-101.1927,29.5203],[-101.2353,29.5249],[-101.2549,29.5203],[-101.2612,29.5368],[-101.2504,29.5566],[-101.241,29.565],[-101.2523,29.6042],[-101.2473,29.6185],[-101.2504,29.6242],[-101.2622,29.6306],[-101.2691,29.6301],[-101.2805,29.6152],[-101.2779,29.5908],[-101.291,29.5715],[-101.3055,29.5779],[-101.312,29.5861],[-101.3134,29.6023],[-101.3117,29.6154],[-101.3001,29.6405],[-101.3025,29.6504],[-101.3141,29.6591],[-101.346,29.6622],[-101.3571,29.6493],[-101.3613,29.6501],[-101.3727,29.6781],[-101.3728,29.6994],[-101.397,29.7139],[-101.397,29.734],[-101.4156,29.7465],[-101.4146,29.7524],[-101.399,29.7622],[-101.4023,29.7712],[-101.4109,29.7702],[-101.4382,29.7509],[-101.4489,29.7507],[-101.4552,29.7719],[-101.4528,29.7838],[-101.4609,29.7897],[-101.4789,29.7841],[-101.4871,29.7739],[-101.5032,29.7646],[-101.5176,29.765],[-101.536,29.759],[-101.5394,29.7664],[-101.535,29.7977],[-101.5444,29.8119],[-101.5525,29.8042],[-101.5678,29.7987],[-101.5741,29.7882],[-101.5722,29.7733],[-101.5758,29.7693],[-101.6037,29.7744],[-101.6269,29.7708],[-101.6355,29.7584],[-101.6446,29.7542],[-101.6617,29.7709],[-101.6706,29.7689],[-101.6778,29.7603],[-101.6896,29.771],[-101.7089,29.7616],[-101.7197,29.7757],[-101.7334,29.7712],[-101.7413,29.7783],[-101.7539,29.7773],[-101.7738,29.7887],[-101.7849,29.7887],[-101.7885,29.7793],[-101.8051,29.7804],[-101.8108,29.7836],[-101.814,29.7923],[-101.8036,29.8034],[-101.8178,29.8116],[-101.8256,29.8071],[-101.8187,29.7915],[-101.8237,29.7874],[-101.8376,29.7934],[-101.8527,29.8078],[-101.8758,29.7938],[-101.9116,29.798],[-101.9293,29.7826],[-101.9335,29.7852],[-101.9356,29.7996],[-101.9459,29.8018],[-101.9575,29.7958],[-101.9634,29.8002],[-101.9668,29.8127],[-101.9763,29.816],[-101.9816,29.815],[-101.9873,29.7968],[-101.997,29.8061],[-102.0152,29.7975],[-102.0219,29.8025],[-102.0358,29.8041],[-102.0412,29.7991],[-102.0386,29.7916],[-102.0497,29.7853],[-102.0732,29.7865],[-102.0844,29.7951],[-102.0947,29.7912],[-102.1157,29.7923],[-102.1198,29.8025],[-102.1289,29.7985],[-102.1436,29.8033],[-102.1509,29.8116],[-102.1598,29.8147],[-102.1665,29.8254],[-102.18,29.8264],[-102.1785,29.8395],[-102.187,29.8487],[-102.1961,29.8366],[-102.2099,29.8444],[-102.2235,29.8405],[-102.2318,29.8483],[-102.2449,29.849],[-102.2465,29.8641],[-102.2532,29.8531],[-102.2615,29.8532],[-102.2648,29.8675],[-102.2809,29.8628],[-102.2869,29.8712],[-102.3159,29.88],[-102.3243,29.8737],[-102.3235,29.8639],[-102.3319,29.8628],[-102.3333,29.8681],[-102.3409,29.8694],[-102.3497,29.8626],[-102.3523,29.8528],[-102.3646,29.8453],[-102.3629,29.8315],[-102.3775,29.8],[-102.3772,29.7899],[-102.3901,29.7819],[-102.385,29.7717],[-102.3872,29.7614],[-102.3948,29.7692],[-102.409,29.7645],[-102.4337,29.7769],[-102.4393,29.7733],[-102.4463,29.7774],[-102.4577,29.7746],[-102.4658,29.7835],[-102.472,29.7764],[-102.4807,29.7761],[-102.4818,29.7828],[-102.4873,29.7866],[-102.498,29.7815],[-102.5176,29.7836],[-102.5184,29.7787],[-102.5107,29.7739],[-102.5135,29.7654],[-102.548,29.7446],[-102.5547,29.7487],[-102.5552,29.7559],[-102.5677,29.7715],[-102.5742,29.7671],[-102.5738,29.7549],[-102.5892,29.7491],[-102.5976,29.7514],[-102.6124,29.7483],[-102.6228,29.7363],[-102.6304,29.7342],[-102.6603,29.7356],[-102.6672,29.7391],[-102.6684,29.7459],[-102.674,29.7446],[-102.6815,29.7284],[-102.6914,29.7214],[-102.689,29.705],[-102.697,29.6988],[-102.6997,29.6857],[-102.6937,29.6767],[-102.6967,29.672],[-102.7041,29.6713],[-102.7152,29.6564],[-102.7257,29.6514],[-102.7259,29.6432],[-102.7366,29.6418],[-102.742,29.6332],[-102.7386,29.6182],[-102.7405,29.5975],[-102.7463,29.5927],[-102.7603,29.5986],[-102.7683,29.5952],[-102.7623,29.5798],[-102.7662,29.5722],[-102.7739,29.5731],[-102.7778,29.561],[-102.7712,29.5484],[-102.7803,29.5425],[-102.7915,29.5428],[-102.792,29.533],[-102.8083,29.5229],[-102.8043,29.5012],[-102.8073,29.4943],[-102.8007,29.4862],[-102.8143,29.4824],[-102.814,29.4714],[-102.8256,29.458],[-102.8195,29.4507],[-102.8311,29.4443],[-102.8325,29.4324],[-102.8269,29.4177],[-102.8335,29.4105],[-102.8265,29.4076],[-102.8259,29.4025],[-102.8124,29.4005],[-102.8159,29.397],[-102.8256,29.397],[-102.8331,29.3881],[-102.834,29.3791],[-102.845,29.3744],[-102.8453,29.3647],[-102.8394,29.3589],[-102.8621,29.3513],[-102.8775,29.3549],[-102.8844,29.348],[-102.8799,29.3392],[-102.8873,29.3116],[-102.8931,29.3089],[-102.8882,29.2934],[-102.903,29.2792],[-102.8993,29.2691],[-102.9064,29.2601],[-102.9031,29.2543],[-102.8966,29.2541],[-102.8878,29.2458],[-102.8718,29.2418],[-102.8675,29.2239],[-102.8788,29.2136],[-102.8951,29.2085],[-102.9123,29.2194],[-102.9161,29.2157],[-102.9127,29.2067],[-102.9142,29.2001],[-102.9189,29.199],[-102.9178,29.1909],[-102.9325,29.1947],[-102.9383,29.1882],[-102.9434,29.1914],[-102.9509,29.1736],[-102.9755,29.1863],[-102.9956,29.1793],[-102.9963,29.1602],[-103.0025,29.15],[-103.0081,29.1484],[-103.0088,29.1376],[-103.0157,29.134],[-103.0121,29.1262],[-103.0202,29.1258],[-103.0276,29.116],[-103.037,29.1129],[-103.0321,29.1068],[-103.0339,29.101],[-103.0454,29.0954],[-103.0543,29.1008],[-103.0642,29.0915],[-103.0758,29.0915],[-103.0802,29.0874],[-103.077,29.076],[-103.0874,29.0671],[-103.0859,29.0537],[-103.0905,29.0541],[-103.0924,29.0647],[-103.1006,29.0603],[-103.1065,29.0382],[-103.098,29.0263],[-103.1172,29.0005],[-103.1162,28.9848],[-103.1346,28.9838],[-103.1539,28.9716],[-103.1639,28.9722],[-103.1703,28.9804],[-103.1763,28.9778],[-103.1808,28.9824],[-103.2024,28.9872],[-103.2148,28.9877],[-103.2199,28.9833],[-103.2279,28.9919],[-103.2376,28.9819],[-103.2504,28.9804],[-103.2534,28.987],[-103.2673,28.9961],[-103.2725,28.9839],[-103.2835,28.9769],[-103.2883,28.9798],[-103.2816,28.9877],[-103.2879,29.0022],[-103.3017,29.0084],[-103.3087,29.0034],[-103.3162,29.0107],[-103.3086,29.0179],[-103.3077,29.0245],[-103.3148,29.0259],[-103.3264,29.0163],[-103.3388,29.0203],[-103.342,29.0284],[-103.3361,29.0274],[-103.3273,29.0327],[-103.3306,29.0432],[-103.3443,29.046],[-103.3535,29.0229],[-103.3596,29.0187],[-103.3746,29.0237],[-103.3865,29.0216],[-103.3887,29.034],[-103.4011,29.0311],[-103.4051,29.0396],[-103.4154,29.0379],[-103.419,29.0423],[-103.4321,29.0434],[-103.4289,29.0495],[-103.4342,29.0573],[-103.4411,29.0579],[-103.4497,29.0651],[-103.4499,29.0727],[-103.4617,29.0726],[-103.4597,29.0671],[-103.4714,29.0667],[-103.4739,29.0703],[-103.4699,29.0853],[-103.4834,29.0935],[-103.4936,29.108],[-103.4988,29.1085],[-103.5004,29.1162],[-103.5239,29.1213],[-103.5248,29.1371],[-103.5398,29.1462],[-103.5502,29.1436],[-103.5537,29.158],[-103.58,29.1495],[-103.5922,29.1501],[-103.6122,29.1654],[-103.6506,29.1565],[-103.6596,29.1706],[-103.6886,29.1786],[-103.6982,29.1775],[-103.7052,29.185],[-103.713,29.1852],[-103.7186,29.1808],[-103.7426,29.209],[-103.7423,29.2217],[-103.7574,29.2207],[-103.7543,29.2269],[-103.7586,29.2329],[-103.7684,29.2276],[-103.7697,29.2202],[-103.7772,29.2205],[-103.782,29.2273],[-103.7817,29.2413],[-103.7751,29.248],[-103.7836,29.2653],[-103.7994,29.2584],[-103.8064,29.2611],[-103.8076,29.2702],[-103.8135,29.274],[-103.8262,29.2692],[-103.8355,29.2727],[-103.8376,29.2783],[-103.8543,29.2815],[-103.8632,29.2792],[-103.8801,29.2852],[-103.8894,29.2788],[-103.8993,29.2874],[-103.9189,29.2848],[-103.9183,29.2898],[-103.9257,29.2944],[-103.937,29.2927],[-103.9677,29.3],[-103.9758,29.2963],[-104.0375,29.3197],[-104.0552,29.3304],[-104.0561,29.3377],[-104.0735,29.3466],[-104.0827,29.3464],[-104.0909,29.3535],[-104.09,29.3592],[-104.0978,29.3616],[-104.1066,29.3733],[-104.1213,29.3714],[-104.1229,29.3803],[-104.1295,29.3786],[-104.1349,29.3842],[-104.1412,29.3778],[-104.1434,29.3883],[-104.1484,29.3851],[-104.155,29.3945],[-104.1604,29.3898],[-104.1675,29.3947],[-104.1648,29.4015],[-104.1704,29.4027],[-104.1698,29.4083],[-104.1794,29.4104],[-104.1839,29.4172],[-104.1811,29.4265],[-104.1929,29.4353],[-104.1942,29.4417],[-104.2177,29.4566],[-104.2101,29.4823],[-104.2155,29.4848],[-104.2307,29.4787],[-104.2371,29.4976],[-104.2607,29.5067],[-104.2622,29.5135],[-104.2919,29.5195],[-104.2968,29.5241],[-104.3115,29.5232],[-104.3155,29.5328],[-104.3209,29.5295],[-104.3215,29.5219],[-104.3382,29.5202],[-104.3704,29.5431],[-104.3816,29.5434],[-104.3943,29.5552],[-104.3989,29.5719],[-104.4564,29.6087],[-104.4666,29.6092],[-104.4655,29.6184],[-104.4734,29.6179],[-104.476,29.628],[-104.4861,29.6287],[-104.4872,29.6337],[-104.4948,29.6338],[-104.498,29.6397],[-104.5069,29.637],[-104.5085,29.6327],[-104.5159,29.641],[-104.5099,29.6442],[-104.5176,29.6474],[-104.5166,29.6524],[-104.5247,29.6592],[-104.5254,29.6679],[-104.5312,29.6708],[-104.5356,29.6666],[-104.5359,29.6745],[-104.5441,29.6807],[-104.5302,29.6905],[-104.5438,29.6963],[-104.5439,29.7112],[-104.5475,29.7143],[-104.5449,29.7161],[-104.5523,29.7173],[-104.5493,29.7306],[-104.5604,29.7352],[-104.5499,29.7409],[-104.5699,29.7526],[-104.5639,29.7613],[-104.5685,29.7662],[-104.5659,29.7715],[-104.5789,29.7828],[-104.5815,29.7951],[-104.5909,29.7981],[-104.586,29.802],[-104.5914,29.8098],[-104.5949,29.8053],[-104.6012,29.8162],[-104.6101,29.8194],[-104.6085,29.828],[-104.6196,29.8302],[-104.6095,29.8398],[-104.6155,29.8466],[-104.6195,29.8417],[-104.6248,29.8428],[-104.6216,29.8496],[-104.6293,29.8522],[-104.6334,29.8708],[-104.6461,29.8785],[-104.6517,29.8924],[-104.6583,29.8908],[-104.659,29.9012],[-104.6551,29.9054],[-104.6656,29.9017],[-104.6656,29.9089],[-104.6772,29.913],[-104.6785,29.9266],[-104.6833,29.9291],[-104.6793,29.9329],[-104.6823,29.9397],[-104.6778,29.9404],[-104.6807,29.9473],[-104.6732,29.955],[-104.6853,29.9567],[-104.6819,29.9691],[-104.6855,29.9708],[-104.6802,29.977],[-104.6931,29.9755],[-104.6857,29.9871],[-104.6857,29.9905],[-104.6932,29.9935],[-104.6875,29.9957],[-104.6888,30.0022],[-104.6941,30.0025],[-104.6896,30.0151],[-104.7038,30.0234],[-104.7009,30.0356],[-104.6957,30.0377],[-104.7073,30.0499],[-104.7035,30.0644],[-104.691,30.0705],[-104.6932,30.074],[-104.688,30.0738],[-104.6866,30.0766],[-104.6908,30.078],[-104.685,30.0853],[-104.6892,30.0854],[-104.6899,30.0893],[-104.6851,30.0999],[-104.6892,30.0953],[-104.6944,30.102],[-104.6918,30.1087],[-104.6871,30.1059],[-104.6855,30.11],[-104.6916,30.1112],[-104.69,30.117],[-104.6951,30.1178],[-104.6967,30.1345],[-104.6891,30.1377],[-104.6853,30.1447],[-104.6901,30.1492],[-104.6869,30.1521],[-104.6863,30.1733],[-104.7003,30.2053],[-104.7051,30.2084],[-104.7026,30.2131],[-104.7113,30.2231],[-104.7063,30.2348],[-104.7132,30.2376],[-104.7337,30.2614],[-104.7375,30.2613],[-104.7367,30.2559],[-104.7507,30.2622],[-104.7486,30.2744],[-104.7508,30.2716],[-104.7572,30.2744],[-104.7585,30.2714],[-104.7632,30.2748],[-104.7581,30.2864],[-104.7613,30.3006],[-104.7667,30.306],[-104.7793,30.3033],[-104.7768,30.3103],[-104.7888,30.3182],[-104.7914,30.3255],[-104.7973,30.3304],[-104.8116,30.3328],[-104.81,30.3415],[-104.8226,30.3506],[-104.8141,30.3537],[-104.811,30.3625],[-104.8114,30.3667],[-104.8197,30.3687],[-104.8164,30.3752],[-104.8374,30.3739],[-104.8593,30.3903],[-104.8543,30.4004],[-104.8572,30.4089],[-104.8477,30.4138],[-104.8478,30.4198],[-104.8522,30.4187],[-104.8613,30.4261],[-104.8583,30.4376],[-104.8681,30.4414],[-104.8645,30.4506],[-104.8696,30.4592],[-104.8659,30.4669],[-104.8717,30.4804],[-104.8666,30.4945],[-104.8739,30.4953],[-104.872,30.5111],[-104.8737,30.5137],[-104.8771,30.5112],[-104.8793,30.5178],[-104.8857,30.5183],[-104.881,30.521],[-104.8859,30.5245],[-104.8814,30.524],[-104.8806,30.5289],[-104.8893,30.5354],[-104.8877,30.5467],[-104.898,30.5546],[-104.8988,30.5705],[-104.9096,30.5851],[-104.9199,30.5873],[-104.9186,30.597],[-104.9227,30.6037],[-104.9265,30.6052],[-104.931,30.5991],[-104.9384,30.6036],[-104.9508,30.6041],[-104.955,30.6094],[-104.9717,30.61],[-104.9839,30.635],[-104.9861,30.6628],[-105.0016,30.6727],[-105.0066,30.6861],[-105.0134,30.6825],[-105.0179,30.6851],[-105.0272,30.6789],[-105.0408,30.6889],[-105.0472,30.6881],[-105.0457,30.6799],[-105.0553,30.6822],[-105.0567,30.6879],[-105.0618,30.6858],[-105.0626,30.6985],[-105.0682,30.7037],[-105.0809,30.6998],[-105.0802,30.7077],[-105.0875,30.7099],[-105.0876,30.7155],[-105.0982,30.7165],[-105.0996,30.722],[-105.1056,30.7238],[-105.1034,30.7291],[-105.1118,30.7333],[-105.1109,30.7436],[-105.1205,30.7439],[-105.1183,30.7497],[-105.1277,30.7479],[-105.1436,30.7552],[-105.1614,30.7521],[-105.1562,30.7698],[-105.1628,30.7707],[-105.1671,30.7766],[-105.1766,30.768],[-105.1952,30.7923],[-105.2091,30.7827],[-105.2168,30.7834],[-105.2201,30.7889],[-105.2096,30.7976],[-105.215,30.8059],[-105.2269,30.7993],[-105.23,30.8038],[-105.2382,30.8037],[-105.257,30.7943],[-105.2668,30.8085],[-105.2758,30.807],[-105.2795,30.8158],[-105.288,30.8179],[-105.2919,30.8262],[-105.3001,30.8248],[-105.3062,30.8098],[-105.3094,30.817],[-105.3169,30.8109],[-105.3182,30.8278],[-105.3293,30.825],[-105.3279,30.8313],[-105.3372,30.8335],[-105.3393,30.8405],[-105.3458,30.8406],[-105.352,30.8355],[-105.3617,30.8506],[-105.3719,30.8476],[-105.3875,30.8537],[-105.396,30.8493],[-105.4017,30.8546],[-105.395,30.8598],[-105.395,30.8713],[-105.3913,30.8739],[-105.4043,30.8797],[-105.3991,30.8843],[-105.4002,30.8894],[-105.4038,30.8921],[-105.4121,30.8886],[-105.4138,30.8996],[-105.4258,30.9004],[-105.4301,30.9056],[-105.4412,30.9085],[-105.4464,30.9194],[-105.4532,30.9162],[-105.4516,30.9248],[-105.4668,30.9243],[-105.4708,30.9337],[-105.4917,30.9424],[-105.4881,30.9437],[-105.4989,30.9504],[-105.4939,30.9564],[-105.502,30.9677],[-105.5157,30.9649],[-105.5218,30.9763],[-105.5327,30.9847],[-105.5572,30.9897],[-105.5701,31.0082],[-105.5705,31.018],[-105.578,31.0201],[-105.5813,31.0267],[-105.5795,31.0357],[-105.585,31.057],[-105.596,31.0653],[-105.6045,31.0837],[-105.6271,31.0984],[-105.6418,31.0983],[-105.6489,31.1159],[-105.7105,31.137],[-105.7193,31.1489],[-105.7419,31.1646],[-105.773,31.1667],[-105.7828,31.1975],[-105.7943,31.2023],[-105.8693,31.289],[-105.8942,31.2908],[-105.9074,31.3122],[-105.9316,31.3128],[-105.9379,31.3182],[-105.9478,31.3396],[-105.9457,31.353],[-105.9538,31.3648],[-105.9701,31.366],[-106.0049,31.3925],[-106.0817,31.3992],[-106.1086,31.4224],[-106.1323,31.4251],[-106.1569,31.4374],[-106.1756,31.4552],[-106.2056,31.4655],[-106.2188,31.4797],[-106.2248,31.5009],[-106.2372,31.5139],[-106.2466,31.5417],[-106.281,31.5625],[-106.3034,31.6222],[-106.3344,31.6636],[-106.3496,31.6967],[-106.3724,31.7126],[-106.3811,31.7321],[-106.4173,31.7516],[-106.4357,31.7553],[-106.4528,31.7646],[-106.4676,31.7592],[-106.4732,31.7505],[-106.4878,31.7478],[-106.5101,31.7613],[-106.5137,31.7707],[-106.5317,31.7839],[-108.2084,31.7836],[-108.2086,31.3334],[-108.7565,31.3326],[-108.7585,31.3361],[-108.7444,31.3599],[-108.7572,31.3651],[-108.7513,31.3702],[-108.7535,31.374],[-108.7455,31.3763],[-108.7496,31.3912],[-108.7419,31.4071],[-108.7523,31.431],[-108.7601,31.4345],[-108.7628,31.4414],[-108.776,31.4443],[-108.7712,31.4622],[-108.777,31.4898],[-108.7727,31.4998],[-108.7802,31.5168],[-108.7761,31.5235],[-108.7854,31.5559],[-108.7721,31.557],[-108.7608,31.543],[-108.7498,31.5397],[-108.7479,31.5436],[-108.7334,31.5432],[-108.7308,31.5397],[-108.7236,31.5489],[-108.7163,31.5511],[-108.6946,31.5454],[-108.7009,31.5645],[-108.6989,31.5705],[-108.68,31.585],[-108.6808,31.5901],[-108.6668,31.5975],[-108.6588,31.6106],[-108.691,31.6078],[-108.699,31.6144],[-108.7101,31.6128],[-108.715,31.621],[-108.7085,31.6256],[-108.7131,31.6292],[-108.7079,31.6333],[-108.7101,31.6371],[-108.6969,31.6466],[-108.6992,31.651],[-108.6944,31.6497],[-108.6904,31.6547],[-108.6837,31.6555],[-108.6765,31.6847],[-108.6634,31.69],[-108.6629,31.6939],[-108.6808,31.7115],[-108.676,31.7169],[-108.6779,31.723],[-108.6874,31.729],[-108.6925,31.7391],[-108.6855,31.7436],[-108.6883,31.7512],[-108.701,31.7615],[-108.6959,31.7645],[-108.6932,31.7751],[-108.6975,31.7775],[-108.6998,31.786],[-108.6959,31.7911],[-108.7016,31.8004],[-108.6956,31.8067],[-108.6981,31.8111],[-108.6929,31.8141],[-108.6913,31.8242],[-108.7002,31.8294],[-108.7011,31.8411],[-108.7068,31.8478],[-108.7026,31.8766],[-108.707,31.8814],[-108.725,31.887],[-108.7277,31.8918],[-108.7191,31.8962],[-108.7134,31.9116],[-108.7161,31.9234],[-108.7052,31.9304],[-108.6934,31.9637],[-108.6841,31.9791],[-108.6772,31.9818],[-108.6872,31.9966],[-108.6858,32.0011],[-108.6766,32.0049],[-108.6903,32.0128],[-108.7009,32.0254],[-108.7013,32.0404],[-108.7115,32.0533],[-108.707,32.0559],[-108.7046,32.0739],[-108.7096,32.099],[-108.7012,32.1022],[-108.6958,32.0974],[-108.6778,32.0969],[-108.6483,32.0871],[-108.6189,32.0884],[-108.5872,32.0955],[-108.5824,32.0916],[-108.5708,32.0915],[-108.57,32.0975],[-108.5585,32.0995],[-108.5578,32.093],[-108.542,32.0839],[-108.5444,32.0781],[-108.5186,32.0755],[-108.5105,32.0525],[-108.5173,32.0445],[-108.5035,32.0256],[-108.4939,32.0217],[-108.4919,32.0097],[-108.4669,31.9975],[-108.4676,31.993],[-108.4595,31.9868],[-108.4622,31.9832],[-108.455,31.9787],[-108.4424,31.9786],[-108.4456,31.956],[-108.4421,31.9531],[-108.4358,31.9591],[-108.4303,31.9562],[-108.4202,31.96],[-108.4016,31.9762],[-108.3668,31.9829],[-108.3417,31.9942],[-108.3287,31.9951],[-108.3031,31.982],[-108.2929,31.981],[-108.2886,31.9852],[-108.2795,31.9848],[-108.2773,31.9898],[-108.2695,31.9854],[-108.2538,31.9888],[-108.2509,31.9864],[-108.2327,31.9956],[-108.2314,31.9994],[-108.2221,32.0015],[-108.2169,31.9912],[-108.2114,31.9927],[-108.2089,31.9894],[-108.205,31.977],[-108.1912,31.9714],[-108.1868,31.9719],[-108.1883,31.9791],[-108.1797,31.9872],[-108.1941,31.9927],[-108.2046,32.0026],[-108.1791,32.0262],[-108.1724,32.0271],[-108.1706,32.0367],[-108.1751,32.0361],[-108.184,32.0432],[-108.1879,32.062],[-108.1996,32.0672],[-108.2031,32.0827],[-108.2169,32.0948],[-108.216,32.1004],[-108.2246,32.1031],[-108.223,32.1091],[-108.2142,32.114],[-108.2038,32.1467],[-108.2052,32.1566],[-108.2141,32.1684],[-108.2035,32.23],[-108.2096,32.2605],[-108.2011,32.2931],[-108.2094,32.3245],[-108.2327,32.3626],[-108.2391,32.386],[-108.2756,32.4178],[-108.3208,32.4404],[-108.3411,32.4694],[-108.3696,32.4822],[-108.3942,32.5013],[-108.4085,32.514],[-108.434,32.5508],[-108.4299,32.564],[-108.4358,32.5655],[-108.4286,32.5723],[-108.4313,32.5801],[-108.4279,32.5854],[-108.4324,32.5905],[-108.4206,32.5929],[-108.4139,32.6032],[-108.4023,32.6083],[-108.3856,32.6253],[-108.3637,32.626],[-108.3539,32.6306],[-108.3557,32.6424],[-108.3423,32.6555],[-108.3475,32.6657],[-108.3447,32.6712],[-108.3554,32.6857],[-108.3538,32.7082],[-108.3258,32.7522],[-108.3245,32.7579],[-108.3322,32.7756],[-108.3233,32.7884],[-108.3295,32.801],[-108.3387,32.7985],[-108.3374,32.8104],[-108.3494,32.8131],[-108.3549,32.835],[-108.3421,32.8299],[-108.3366,32.8364],[-108.3227,32.8367],[-108.3191,32.8406],[-108.3194,32.8549],[-108.2999,32.8473],[-108.29,32.8523],[-108.2831,32.8651],[-108.2623,32.8617],[-108.2558,32.8655],[-108.2295,32.8549],[-108.2179,32.8658],[-108.211,32.8812],[-108.2036,32.8833],[-108.1939,32.8802],[-108.1729,32.8997],[-108.1737,32.9037],[-108.1638,32.9061],[-108.1679,32.9166],[-108.1638,32.9196],[-108.1429,32.9226],[-108.1382,32.9184],[-108.1346,32.924],[-108.1276,32.9237],[-108.1214,32.93],[-108.1091,32.9217],[-108.1022,32.9235],[-108.097,32.9314],[-108.103,32.9504],[-108.0994,32.9608],[-108.0805,32.9726],[-108.0686,32.9719],[-108.0498,32.9835],[-108.0366,33.01],[-108.0209,33.0163],[-107.9972,33.0409],[-108.001,33.0499],[-107.9932,33.0521],[-107.9935,33.0582],[-107.9841,33.0668],[-107.9779,33.0815],[-107.9702,33.0854],[-107.9639,33.1001],[-107.9555,33.0981],[-107.9372,33.1036],[-107.933,33.1016],[-107.9245,33.1102],[-107.9187,33.1088],[-107.9154,33.1131],[-107.9062,33.1142],[-107.9012,33.1247],[-107.8867,33.1279],[-107.8667,33.1421],[-107.8545,33.1426],[-107.8575,33.1652],[-107.8498,33.1733],[-107.8423,33.1725],[-107.8396,33.1826],[-107.8553,33.1908],[-107.8609,33.1872],[-107.8579,33.2005],[-107.8636,33.1987],[-107.87,33.2051],[-107.8467,33.2261],[-107.8404,33.2401],[-107.8284,33.2498],[-107.8281,33.267],[-107.8223,33.2765],[-107.8225,33.2855],[-107.8177,33.2885],[-107.8244,33.3029],[-107.8374,33.3123],[-107.838,33.3188],[-107.8452,33.3252],[-107.8427,33.3416],[-107.8295,33.352],[-107.8304,33.3569],[-107.8252,33.3578],[-107.8264,33.3654],[-107.816,33.3669],[-107.8153,33.3698],[-107.8224,33.3752],[-107.833,33.3739],[-107.8448,33.3869],[-107.8522,33.389],[-107.8483,33.3934],[-107.8492,33.4065],[-107.8396,33.4095],[-107.8498,33.422],[-107.8636,33.4261],[-107.8693,33.4359],[-107.8649,33.4414],[-107.8698,33.4494],[-107.8616,33.4603],[-107.8513,33.4654],[-107.8431,33.4841],[-107.8359,33.4866],[-107.8371,33.4992],[-107.8318,33.512],[-107.8113,33.5227],[-107.801,33.5218],[-107.8012,33.5397],[-107.8119,33.5478],[-107.8142,33.5575],[-107.8073,33.5661],[-107.8145,33.575],[-107.8032,33.5807],[-107.8044,33.5882],[-107.7938,33.5897],[-107.7949,33.5982],[-107.8222,33.62],[-107.83,33.6359],[-107.8141,33.6446],[-107.7984,33.6602],[-107.7876,33.6623],[-107.804,33.6763],[-107.8046,33.6819],[-107.8018,33.6891],[-107.7831,33.7026],[-107.8101,33.703],[-107.8303,33.7109],[-107.8348,33.7288],[-107.8588,33.7337],[-107.869,33.7214],[-107.8856,33.7228],[-107.8971,33.7154],[-107.9049,33.7176],[-107.9123,33.7149],[-107.9285,33.7215],[-107.9324,33.7353],[-107.9383,33.7401],[-107.9482,33.7381],[-107.9721,33.7474],[-107.994,33.7398],[-108.0102,33.7415],[-108.0215,33.732],[-107.9984,33.721],[-107.9955,33.7151],[-107.995,33.7072],[-108.0037,33.6971],[-108.0034,33.6859],[-108.028,33.6837],[-108.0435,33.6765],[-108.0737,33.6833],[-108.0885,33.6757],[-108.0966,33.6775],[-108.1086,33.6738],[-108.1413,33.6782],[-108.1761,33.6759],[-108.1821,33.6683],[-108.198,33.6629],[-108.2122,33.6655],[-108.2247,33.6604],[-108.2302,33.6633],[-108.2333,33.6601],[-108.2425,33.6602],[-108.2507,33.6462],[-108.2618,33.6473],[-108.2636,33.643],[-108.2785,33.6428],[-108.2988,33.6107],[-108.3149,33.6042],[-108.3227,33.6089],[-108.3394,33.608],[-108.3651,33.5984],[-108.3906,33.5644],[-108.4,33.5612],[-108.4038,33.5556],[-108.4259,33.5759],[-108.4512,33.5792],[-108.4578,33.5757],[-108.4655,33.5785],[-108.4863,33.5758],[-108.4912,33.5831],[-108.488,33.5889],[-108.499,33.5885],[-108.5115,33.5936],[-108.5183,33.6056],[-108.5123,33.6116],[-108.4842,33.6012],[-108.4712,33.6045],[-108.439,33.6332],[-108.4263,33.6371],[-108.4442,33.6629],[-108.4508,33.6665],[-108.4686,33.6667],[-108.4866,33.6791],[-108.494,33.6797],[-108.4863,33.6931],[-108.4621,33.7106],[-108.4552,33.7233],[-108.444,33.7279],[-108.4443,33.7364],[-108.4383,33.7399],[-108.4472,33.7444],[-108.4512,33.7516],[-108.4675,33.7512],[-108.4742,33.7456],[-108.487,33.7486],[-108.4731,33.7739],[-108.4809,33.7838],[-108.4667,33.7894],[-108.4752,33.8039],[-108.4742,33.8108],[-108.4295,33.8218],[-108.4182,33.8319],[-108.4304,33.8394],[-108.4292,33.8459],[-108.4386,33.852],[-108.4399,33.8577],[-108.4526,33.8631],[-108.4508,33.8717],[-108.4392,33.8801],[-108.4497,33.8858],[-108.4481,33.8918],[-108.46,33.9027],[-108.4448,33.9045],[-108.4374,33.9015],[-108.4277,33.9056],[-108.4162,33.9022],[-108.4125,33.9035],[-108.4109,33.9171],[-108.4034,33.9214],[-108.4081,33.9271],[-108.425,33.9335],[-108.417,33.9405],[-108.4105,34.0061],[-108.4062,34.0094],[-108.3858,34.0107],[-108.3924,34.0155],[-108.3965,34.0263],[-108.3719,34.0268],[-108.3432,34.0434],[-108.3209,34.0497],[-108.3027,34.0503],[-108.2659,34.0787],[-108.2598,34.0794],[-108.2567,34.0755],[-108.2567,34.0828],[-108.2447,34.1008],[-108.2481,34.1049],[-108.2449,34.1151],[-108.2286,34.1052],[-108.2191,34.1199],[-108.2166,34.1359],[-108.2219,34.1478],[-108.2145,34.1561],[-108.1977,34.1553],[-108.186,34.1606],[-108.1856,34.1717],[-108.1798,34.1752],[-108.1832,34.181],[-108.1723,34.1912],[-108.1591,34.2262],[-108.1445,34.2263],[-108.1347,34.2471],[-108.1182,34.2569],[-108.1218,34.2627],[-108.1082,34.2737],[-108.1036,34.2923],[-108.0885,34.2947],[-108.0756,34.304],[-108.0566,34.3107],[-108.0441,34.3252],[-108.036,34.3263],[-108.0497,34.3275],[-108.0533,34.3242],[-108.0766,34.3291],[-108.0836,34.3333],[-108.1015,34.3579],[-108.1188,34.3596],[-108.1252,34.3661],[-108.1328,34.3628],[-108.1399,34.3663],[-108.1363,34.3763],[-108.1448,34.3733],[-108.1591,34.3788],[-108.1662,34.3925],[-108.1646,34.4075],[-108.1691,34.4209],[-108.1885,34.443],[-108.1964,34.4415],[-108.1999,34.4368],[-108.2185,34.4349],[-108.2344,34.4281],[-108.2417,34.4297],[-108.2464,34.4411],[-108.2542,34.44],[-108.2645,34.4453],[-108.27,34.4417],[-108.2811,34.4561],[-108.2894,34.4559],[-108.3042,34.4901],[-108.2929,34.5057],[-108.3152,34.5104],[-108.3221,34.5197],[-108.3151,34.5259],[-108.3109,34.5414],[-108.3148,34.5648],[-108.33,34.5616],[-108.3487,34.5502],[-108.3603,34.5521],[-108.3778,34.548],[-108.3902,34.5535],[-108.3894,34.5594],[-108.4036,34.5602],[-108.4104,34.569],[-108.4057,34.5737],[-108.4138,34.5792],[-108.414,34.5847],[-108.4016,34.5883],[-108.4075,34.5908],[-108.406,34.5953],[-108.4144,34.5989],[-108.4073,34.6168],[-108.4144,34.6227],[-108.41,34.6385],[-108.4027,34.6452],[-108.3908,34.648],[-108.3899,34.6587],[-108.3852,34.6601],[-108.3775,34.6744],[-108.3465,34.6754],[-108.3437,34.6598],[-108.3283,34.6561],[-108.3246,34.6667],[-108.3282,34.6765],[-108.3122,34.6907],[-108.3217,34.6944],[-108.3271,34.7014],[-108.3223,34.7087],[-108.3249,34.7123],[-108.3214,34.717],[-108.3205,34.7427],[-108.323,34.7523],[-108.3325,34.7574],[-108.3258,34.7625],[-108.3238,34.7721],[-108.305,34.7874],[-108.2965,34.7828],[-108.2944,34.7882],[-108.2851,34.7932],[-108.2876,34.8048],[-108.267,34.8111],[-108.2603,34.8237],[-108.2426,34.8257],[-108.2335,34.8386],[-108.2272,34.8404],[-108.2251,34.8446],[-108.2345,34.8634],[-108.2216,34.8695],[-108.2179,34.898],[-108.2041,34.9098],[-108.2013,34.9199],[-108.1929,34.9221],[-108.1868,34.9164],[-108.175,34.9204],[-108.1753,34.9356],[-108.1806,34.9387],[-108.1636,34.946],[-108.1456,34.9783],[-108.1237,34.9911],[-108.0964,34.9921],[-108.0813,35.0022],[-108.0771,35.0117],[-108.0816,35.0191],[-108.0988,35.0241],[-108.1192,35.0404],[-108.1265,35.0408],[-108.1389,35.0496],[-108.1425,35.0567],[-108.1493,35.0528],[-108.1571,35.0569],[-108.1597,35.0647],[-108.1533,35.0702],[-108.1635,35.0733],[-108.1628,35.0795],[-108.1729,35.0858],[-108.1735,35.0946],[-108.1873,35.1002],[-108.1935,35.0989],[-108.191,35.1227],[-108.2146,35.133],[-108.2263,35.1307],[-108.2582,35.153],[-108.3288,35.1691],[-108.3311,35.1746],[-108.3392,35.173],[-108.3709,35.194],[-108.3575,35.1986],[-108.3681,35.2272],[-108.3631,35.2447],[-108.3801,35.2512],[-108.3903,35.2602],[-108.371,35.2742],[-108.3804,35.2815],[-108.3814,35.2891],[-108.374,35.2927],[-108.3738,35.3033],[-108.3651,35.3186],[-108.3722,35.3216],[-108.3711,35.3262],[-108.3758,35.3307],[-108.3902,35.3353],[-108.3935,35.3474],[-108.3591,35.3618],[-108.346,35.3744],[-108.348,35.3776],[-108.3346,35.3751],[-108.3262,35.378],[-108.315,35.3937],[-108.3133,35.4009],[-108.3168,35.4056],[-108.307,35.4254],[-108.2789,35.4404],[-108.2678,35.4428],[-108.2639,35.4526],[-108.255,35.4604],[-108.2438,35.46],[-108.2413,35.4687],[-108.2575,35.476],[-108.2423,35.4876],[-108.2457,35.4916],[-108.237,35.5017],[-108.2296,35.5038],[-108.2108,35.5228],[-108.2033,35.5256],[-108.1958,35.5368],[-108.1944,35.5496],[-108.1817,35.5569],[-108.1801,35.5639],[-108.1841,35.5692],[-108.1748,35.5791],[-108.152,35.5863],[-108.1426,35.5821],[-108.1418,35.5781],[-108.1176,35.5726],[-108.1002,35.58],[-108.0945,35.5903],[-108.077,35.5979],[-108.054,35.6011],[-108.0475,35.5928],[-108.0244,35.6025],[-108.0072,35.5945],[-108.0056,35.5792],[-107.9933,35.5809],[-107.99,35.5878],[-107.9768,35.5829],[-107.9846,35.566],[-107.9727,35.5634],[-107.9742,35.5584],[-107.9651,35.5605],[-107.9521,35.5709],[-107.9343,35.572],[-107.9186,35.5784],[-107.9203,35.5871],[-107.9138,35.5986],[-107.9059,35.6035],[-107.8875,35.6046],[-107.8604,35.6162],[-107.8415,35.6353],[-107.8372,35.6528],[-107.8255,35.664],[-107.8254,35.6695],[-107.8028,35.6776],[-107.7945,35.6869],[-107.7993,35.6938],[-107.8085,35.6974],[-107.8009,35.6996],[-107.7927,35.7084],[-107.7857,35.7068],[-107.7765,35.7122],[-107.7842,35.7228],[-107.7766,35.7411],[-107.7752,35.7574],[-107.7681,35.7549],[-107.7539,35.759],[-107.7446,35.7677],[-107.7372,35.7673],[-107.7374,35.7776],[-107.7299,35.7771],[-107.723,35.7814],[-107.6871,35.7796],[-107.677,35.7919],[-107.6591,35.7973],[-107.6588,35.8056],[-107.6449,35.803],[-107.6248,35.8153],[-107.6111,35.8178],[-107.6049,35.8276],[-107.5901,35.8249],[-107.5665,35.8395],[-107.5501,35.8365],[-107.5459,35.8279],[-107.5317,35.8247],[-107.5028,35.8392],[-107.4841,35.8616],[-107.4873,35.8662],[-107.4769,35.8772],[-107.4801,35.8835],[-107.4685,35.8874],[-107.462,35.9],[-107.4356,35.914],[-107.4367,35.9207],[-107.4141,35.9358],[-107.4072,35.9427],[-107.4089,35.9481],[-107.4002,35.9519],[-107.3897,35.9718],[-107.3906,35.9862],[-107.3803,35.9964],[-107.3927,36.016],[-107.3725,36.0289],[-107.354,36.0328],[-107.3518,36.0558],[-107.3476,36.0603],[-107.3319,36.0677],[-107.2919,36.0622],[-107.2868,36.0652],[-107.2831,36.0604],[-107.2731,36.059],[-107.2534,36.0608],[-107.2529,36.0673],[-107.2405,36.0617],[-107.2158,36.0656],[-107.2025,36.0613],[-107.1971,36.0674],[-107.1847,36.0645],[-107.1795,36.0666],[-107.1757,36.058],[-107.1585,36.0573],[-107.1538,36.0662],[-107.1389,36.0719],[-107.1331,36.085],[-107.1288,36.0861],[-106.9925,36.086],[-106.9925,36.1885],[-106.9805,36.187],[-106.9586,36.1992],[-106.9501,36.2188],[-106.951,36.2417],[-106.954,36.2437],[-106.966,36.2397],[-106.975,36.2514],[-106.9666,36.2601],[-106.9701,36.262],[-106.9661,36.2712],[-106.9704,36.2823],[-106.958,36.2924],[-106.9597,36.2963],[-106.9519,36.3048],[-106.9557,36.3119],[-106.9503,36.3244],[-106.9505,36.3374],[-106.9594,36.3424],[-106.9622,36.3584],[-106.9776,36.3609],[-106.9767,36.3639],[-106.9863,36.3706],[-106.9803,36.3834],[-106.9893,36.3861],[-106.9886,36.3969],[-106.9953,36.4026],[-106.9944,36.4093],[-107.0012,36.4228],[-107.0159,36.4275],[-107.0186,36.4349],[-107.0099,36.4486],[-106.9855,36.4564],[-106.988,36.4659],[-106.9807,36.473],[-106.9833,36.4815],[-106.9747,36.4896],[-106.9708,36.5057],[-106.9594,36.5142],[-106.9685,36.5211],[-106.7775,36.521],[-106.7785,36.5537],[-106.7205,36.5551],[-106.7185,36.5593],[-106.7231,36.563],[-106.7202,36.5672],[-106.7309,36.5898],[-106.7449,36.5906],[-106.7449,36.5857],[-106.7509,36.5854],[-106.7624,36.6157],[-106.7709,36.623],[-106.7714,36.6346],[-106.7669,36.6395],[-106.7767,36.6413],[-106.7702,36.6437],[-106.7756,36.6526],[-106.7731,36.6642],[-106.764,36.6638],[-106.7611,36.6557],[-106.7517,36.6586],[-106.7466,36.6532],[-106.727,36.6802],[-106.7467,36.7076],[-106.7148,36.717],[-106.687,36.7079],[-106.6877,36.7323],[-106.5797,36.7328],[-106.5801,36.75],[-106.5653,36.7702],[-106.5645,36.779],[-106.5727,36.779],[-106.5698,36.7831],[-106.5801,36.7919],[-106.5839,36.801],[-106.5833,36.8103],[-106.5732,36.8226],[-106.5737,36.8365],[-106.6471,36.8362],[-106.6471,36.843],[-106.6571,36.8429],[-106.657,36.8555],[-106.6706,36.8554],[-106.6646,36.845],[-106.6733,36.845],[-106.6771,36.8554],[-106.7179,36.8554],[-106.7177,36.8127],[-106.7506,36.8123],[-106.7663,36.8261],[-106.7763,36.8455],[-106.7732,36.8517],[-106.7797,36.8596],[-106.7793,36.8627],[-106.7578,36.8678],[-106.7394,36.8845],[-106.7218,36.8891],[-106.7193,36.8978],[-106.7103,36.8964],[-106.7012,36.9014],[-106.7038,36.9109],[-106.7002,36.9189],[-106.7071,36.926],[-106.7054,36.9372],[-106.7176,36.9406],[-106.7138,36.9494],[-106.7188,36.9553],[-106.7339,36.9604],[-106.7212,36.9724],[-106.7194,36.9855],[-106.712,36.985],[-106.6992,36.9904],[-106.6982,36.9966],[-106.6886,37.0056],[-106.6924,37.0154],[-106.6913,37.0393],[-106.649,37.0308],[-106.6422,37.0315],[-106.6289,37.0404],[-106.6402,37.054],[-106.623,37.0982],[-106.6266,37.1167],[-106.6128,37.1355],[-106.5882,37.1383],[-106.5944,37.1498],[-106.5901,37.1639],[-106.5942,37.169],[-106.5903,37.1939],[-106.5944,37.2079],[-106.5993,37.2061],[-106.6055,37.2215],[-106.6167,37.2183],[-106.6308,37.2207],[-106.6348,37.2329],[-106.6301,37.2385],[-106.6357,37.2439],[-106.6351,37.2569],[-106.6627,37.2532],[-106.6789,37.2559],[-106.686,37.2592],[-106.6943,37.2725],[-106.6824,37.2959],[-106.6635,37.3109],[-106.666,37.3209],[-106.6807,37.3257],[-106.6915,37.3239],[-106.7067,37.3314],[-106.7076,37.3362],[-106.6969,37.3506],[-106.6997,37.3693],[-106.6819,37.3755],[-106.6797,37.3888],[-106.6702,37.3945],[-106.6706,37.4018],[-106.664,37.4006],[-106.6611,37.4073],[-106.6561,37.4085],[-106.6466,37.405],[-106.6413,37.4078],[-106.65,37.4212],[-106.6614,37.4299],[-106.6884,37.4391],[-106.702,37.4514],[-106.7055,37.4455],[-106.7169,37.4418],[-106.7266,37.4465],[-106.734,37.4593],[-106.74,37.4609],[-106.7495,37.4593],[-106.7619,37.4642],[-106.7728,37.4498],[-106.7988,37.4571],[-106.8067,37.4663],[-106.8013,37.4766],[-106.8043,37.4871],[-106.8004,37.4927],[-106.816,37.4991],[-106.8282,37.4947],[-106.837,37.5005],[-106.845,37.4994],[-106.8531,37.4922],[-106.8744,37.4996],[-106.8881,37.5169],[-106.882,37.5226],[-106.8847,37.5366],[-106.8789,37.5444],[-106.8812,37.5612],[-106.8879,37.5648],[-106.909,37.5641],[-106.9215,37.5703],[-106.9392,37.5666],[-106.9486,37.5708],[-106.9691,37.5652],[-106.981,37.5713],[-106.9992,37.5694],[-107.0081,37.5737],[-107.0188,37.5628],[-107.045,37.5603],[-107.0485,37.57],[-107.0637,37.5723],[-107.0777,37.5689],[-107.0931,37.5739],[-107.0919,37.5959],[-107.1063,37.5999],[-107.1098,37.6076],[-107.1393,37.6022],[-107.1441,37.6183],[-107.1401,37.6244],[-107.1528,37.637],[-107.1727,37.6328],[-107.1767,37.6279],[-107.2,37.6252],[-107.1977,37.6147],[-107.2011,37.6107],[-107.2084,37.6039],[-107.2212,37.5995],[-107.2229,37.5946],[-107.2308,37.5952],[-107.256,37.6163],[-107.2595,37.6212],[-107.2566,37.628],[-107.2664,37.6303],[-107.2698,37.6369],[-107.2788,37.6409],[-107.2766,37.6555],[-107.2908,37.6712],[-107.273,37.6796],[-107.2688,37.696],[-107.2879,37.6905],[-107.2928,37.6836],[-107.3067,37.6774],[-107.3237,37.6836],[-107.3453,37.6789],[-107.3751,37.6876],[-107.3936,37.6787],[-107.3976,37.6531],[-107.4068,37.6496],[-107.4238,37.6503],[-107.4302,37.6405],[-107.4414,37.6374],[-107.4419,37.6324],[-107.4542,37.6342],[-107.4551,37.6299],[-107.4639,37.6301],[-107.492,37.6517],[-107.4893,37.659],[-107.502,37.6775],[-107.504,37.6933],[-107.521,37.7061],[-107.5373,37.7084],[-107.5338,37.7148],[-107.5361,37.7219],[-107.5425,37.7246],[-107.542,37.7325],[-107.5485,37.7365],[-107.559,37.7623],[-107.5548,37.7896],[-107.5456,37.7997],[-107.5298,37.8012],[-107.5316,37.8049],[-107.5259,37.8133],[-107.5183,37.8157],[-107.5231,37.8228],[-107.5168,37.8265],[-107.5161,37.8347],[-107.5074,37.8408],[-107.4997,37.8399],[-107.4945,37.8498],[-107.4843,37.8452],[-107.4674,37.8461],[-107.4653,37.8588],[-107.4514,37.8471],[-107.4454,37.8487],[-107.4456,37.8438],[-107.4362,37.846],[-107.4246,37.8593],[-107.3889,37.8552],[-107.3807,37.8607],[-107.3747,37.8558],[-107.3609,37.8593],[-107.3481,37.8571],[-107.3402,37.8713],[-107.3158,37.892],[-107.3089,37.8914],[-107.3006,37.8987],[-107.2992,37.9053],[-107.2673,37.938],[-107.2532,37.9293],[-107.2257,37.926],[-107.2018,37.9298],[-107.1981,37.9348],[-107.1905,37.9366],[-107.1547,37.9402],[-107.1325,37.9368],[-107.1092,37.9437],[-107.1029,37.9554],[-107.0915,37.9492],[-107.0846,37.9536],[-107.073,37.9546],[-107.0677,37.9615],[-107.0607,37.9596],[-107.055,37.9509],[-107.037,37.9487],[-107.0249,37.9544],[-107.009,37.9465],[-107.0053,37.9566],[-107.0012,37.9557],[-106.987,37.9631],[-106.9872,37.9694],[-106.9773,37.969],[-106.9672,37.9749],[-106.9608,37.9725],[-106.9618,37.9679],[-106.9544,37.9645],[-106.9449,37.9523],[-106.9203,37.9674],[-106.9073,37.9633],[-106.8962,37.9677],[-106.8884,37.9615],[-106.8794,37.96],[-106.8795,37.9495],[-106.8715,37.9417],[-106.8504,37.9567],[-106.8164,37.9557],[-106.8097,37.97],[-106.8032,37.9716],[-106.8012,37.9864],[-106.7822,38.0021],[-106.8087,38.0158],[-106.8064,38.0307],[-106.7693,38.0718],[-106.7673,38.0796],[-106.7444,38.0935],[-106.7288,38.0901],[-106.7203,38.0916],[-106.7042,38.0805],[-106.6848,38.0814],[-106.6827,38.0847],[-106.6701,38.0869],[-106.6715,38.0935],[-106.6629,38.0975],[-106.6553,38.11],[-106.6479,38.1102],[-106.6333,38.1283],[-106.6106,38.1346],[-106.5971,38.1569],[-106.6017,38.1709],[-106.5974,38.1772],[-106.598,38.1893],[-106.5872,38.1894],[-106.5758,38.2121],[-106.5548,38.2291],[-106.5605,38.2343],[-106.5559,38.2456],[-106.5593,38.2516],[-106.5363,38.262],[-106.5049,38.3149],[-106.4834,38.3161],[-106.4739,38.3222],[-106.4726,38.3129],[-106.464,38.313],[-106.4589,38.3011],[-106.4343,38.2819],[-106.417,38.2807],[-106.4061,38.2857],[-106.395,38.2821],[-106.3795,38.2931],[-106.3526,38.2919],[-106.3387,38.287],[-106.3161,38.3426],[-106.2916,38.345],[-106.2713,38.3527],[-106.2529,38.3476],[-106.2439,38.3523],[-106.2372,38.3797],[-106.2532,38.4002],[-106.2441,38.4187],[-106.2496,38.4333],[-106.2457,38.4392],[-106.2696,38.4445],[-106.2724,38.4552],[-106.2806,38.4544],[-106.2884,38.4613],[-106.2905,38.4734],[-106.3042,38.4779],[-106.3124,38.4948],[-106.3203,38.4977],[-106.3302,38.4937],[-106.3441,38.5044],[-106.3479,38.5125],[-106.3427,38.5213],[-106.3543,38.5335],[-106.355,38.5426],[-106.3447,38.5685],[-106.3609,38.5945],[-106.3643,38.6145],[-106.3856,38.6254],[-106.38,38.6386],[-106.4011,38.6398],[-106.4017,38.6458],[-106.4084,38.6477],[-106.4176,38.6446],[-106.4295,38.6514],[-106.4381,38.683],[-106.452,38.6985],[-106.4436,38.7093],[-106.4252,38.7103],[-106.4233,38.7205],[-106.4167,38.7275],[-106.4199,38.7513],[-106.415,38.7572],[-106.4192,38.7663],[-106.4137,38.7791],[-106.4167,38.7869],[-106.4128,38.7907],[-106.4227,38.8083],[-106.4149,38.8155],[-106.416,38.8242],[-106.4068,38.8294],[-106.3968,38.8228],[-106.3835,38.8247],[-106.3819,38.8328],[-106.3702,38.8385],[-106.3648,38.8457],[-106.365,38.8532],[-106.3493,38.8548],[-106.349,38.8649],[-106.3359,38.872],[-106.334,38.8813],[-106.3275,38.8824],[-106.3212,38.893],[-106.3249,38.9084],[-106.3342,38.9118],[-106.3455,38.9072],[-106.3575,38.913],[-106.3731,38.9066],[-106.3809,38.9258],[-106.3924,38.9186],[-106.3938,38.9124],[-106.4024,38.9107],[-106.4133,38.9165],[-106.4214,38.9281],[-106.4307,38.9244],[-106.4373,38.9149],[-106.465,38.9104],[-106.5043,38.9368],[-106.5071,38.9459],[-106.5265,38.9552],[-106.5285,38.9599],[-106.522,38.9686],[-106.5284,38.9806],[-106.5512,38.9918],[-106.5542,38.9986],[-106.5772,38.9904],[-106.5954,38.9912],[-106.5993,38.998],[-106.5946,39.0028],[-106.5948,39.022],[-106.5914,39.0259],[-106.5997,39.0345],[-106.5973,39.0446],[-106.5846,39.0467],[-106.5778,39.0524],[-106.5798,39.0768],[-106.577,39.0794],[-106.5851,39.0843],[-106.5864,39.0957],[-106.5755,39.1041],[-106.5635,39.1066],[-106.5648,39.1132],[-106.558,39.1238],[-106.5648,39.1328],[-106.5589,39.1439],[-106.5613,39.1558],[-106.5518,39.1615],[-106.5381,39.158],[-106.5355,39.1631],[-106.5213,39.1574],[-106.5099,39.1648],[-106.5084,39.178],[-106.4995,39.1842],[-106.4896,39.2278],[-106.4988,39.2352],[-106.4977,39.242],[-106.4811,39.26],[-106.483,39.2726],[-106.4901,39.2733],[-106.5041,39.2849],[-106.5017,39.2998],[-106.4849,39.3128],[-106.4765,39.3151],[-106.4683,39.3073],[-106.4658,39.3115],[-106.4547,39.3121],[-106.4512,39.3164],[-106.4325,39.3162],[-106.4271,39.3232],[-106.4288,39.3353],[-106.435,39.341],[-106.4335,39.3541],[-106.4037,39.38],[-106.3806,39.3763],[-106.3709,39.3613],[-106.3524,39.3539],[-106.3389,39.359],[-106.312,39.3623],[-106.3005,39.3601],[-106.2839,39.3495],[-106.2593,39.3621],[-106.2511,39.3577],[-106.2343,39.3724],[-106.2272,39.3745],[-106.2255,39.3814],[-106.2177,39.3832],[-106.2097,39.3823],[-106.198,39.3683],[-106.1815,39.3661],[-106.1735,39.3685],[-106.162,39.362],[-106.1531,39.3626],[-106.1489,39.3682],[-106.1435,39.3684],[-106.1345,39.3797],[-106.1195,39.3764],[-106.097,39.378],[-106.0855,39.3698],[-106.0734,39.3683],[-106.0565,39.3587],[-106.0431,39.3575],[-106.0226,39.3614],[-106.0172,39.3654],[-106.0187,39.3809],[-106.0142,39.387],[-105.9965,39.3946],[-105.9926,39.4017],[-105.9846,39.4018],[-105.9813,39.4064],[-105.959,39.4157],[-105.9516,39.4147],[-105.9548,39.4263],[-105.9668,39.4384],[-105.944,39.4408],[-105.9392,39.4581],[-105.9116,39.4568],[-105.9059,39.4597],[-105.8921,39.4842],[-105.8795,39.4839],[-105.8753,39.4929],[-105.8666,39.4941],[-105.8637,39.5025],[-105.8559,39.5051],[-105.8681,39.5193],[-105.8602,39.5312],[-105.8468,39.5238],[-105.831,39.532],[-105.8231,39.5299],[-105.8159,39.5522],[-105.8257,39.5556],[-105.8302,39.5661],[-105.8385,39.5726],[-105.8213,39.5827],[-105.8078,39.5837],[-105.801,39.5936],[-105.7761,39.6052],[-105.7828,39.618],[-105.7827,39.6292],[-105.793,39.6363],[-105.8174,39.6337],[-105.8211,39.6426],[-105.8345,39.6419],[-105.8412,39.6463],[-105.8488,39.6442],[-105.865,39.6672],[-105.8795,39.6635],[-105.885,39.6571],[-105.894,39.6594],[-105.8969,39.6645],[-105.911,39.6623],[-105.9265,39.6733],[-105.9196,39.6901],[-105.9244,39.7041],[-105.9118,39.7154],[-105.9075,39.727],[-105.891,39.7306],[-105.8834,39.7373],[-105.8847,39.7523],[-105.8805,39.7595],[-105.8925,39.7822],[-105.8876,39.7971],[-105.8759,39.7994],[-105.855,39.7961],[-105.8515,39.7877],[-105.8436,39.7894],[-105.8231,39.7857],[-105.8107,39.7914],[-105.8086,39.7972],[-105.799,39.8033],[-105.7845,39.8024],[-105.7639,39.795],[-105.736,39.8049],[-105.7335,39.8128],[-105.7237,39.818],[-105.7238,39.8245],[-105.7133,39.8381],[-105.6958,39.8392],[-105.6904,39.852],[-105.7006,39.8786],[-105.6996,39.8916],[-105.6911,39.8974],[-105.6879,39.9118],[-105.6752,39.9333],[-105.682,39.934],[-105.6938,39.9423],[-105.6943,39.9505],[-105.6853,39.9587],[-105.6903,39.9698],[-105.6831,39.9929],[-105.6912,39.997],[-105.6897,40.0137],[-105.6619,40.0164],[-105.6519,40.021],[-105.6515,40.0262],[-105.6408,40.0349],[-105.6377,40.0459],[-105.6511,40.0585],[-105.6467,40.0653],[-105.6391,40.0672],[-105.641,40.0729],[-105.633,40.0814],[-105.6361,40.0842],[-105.6321,40.0972],[-105.6367,40.1072],[-105.6347,40.1133],[-105.6264,40.1187],[-105.6265,40.1273],[-105.6361,40.1463],[-105.6559,40.1512],[-105.6677,40.1583],[-105.6716,40.1656],[-105.667,40.1701],[-105.6705,40.185],[-105.6777,40.1895],[-105.6778,40.2024],[-105.6707,40.2076],[-105.6705,40.2192],[-105.6629,40.2199],[-105.6688,40.2234],[-105.6688,40.2288],[-105.66,40.2489],[-105.6437,40.2499],[-105.6509,40.2538],[-105.6545,40.2614],[-105.6679,40.2677],[-105.6779,40.268],[-105.6826,40.2726],[-105.6807,40.2844],[-105.6868,40.2881],[-105.6821,40.2921],[-105.6877,40.2939],[-105.6861,40.3029],[-105.6912,40.3049],[-105.6905,40.3089],[-105.7026,40.3126],[-105.6988,40.3207],[-105.7287,40.3349],[-105.7368,40.3466],[-105.7585,40.3526],[-105.7816,40.3734],[-105.7909,40.3867],[-105.7912,40.3991],[-105.8175,40.4252],[-105.8161,40.4373],[-105.8057,40.4477],[-105.8045,40.4642],[-105.8113,40.4708],[-105.8074,40.4739],[-105.8405,40.4833],[-105.855,40.4862],[-105.8628,40.4801],[-105.8919,40.4764],[-105.8991,40.4656],[-105.8971,40.4486],[-105.9035,40.4317],[-105.8977,40.4179],[-105.9034,40.4005],[-105.9206,40.4016],[-105.9252,40.3926],[-105.9387,40.3852],[-105.9465,40.385],[-105.9473,40.3779],[-105.9377,40.3719],[-105.9385,40.3661],[-105.9541,40.3605],[-105.9607,40.3479],[-105.9706,40.3501],[-105.9858,40.3642],[-106.0113,40.3622],[-106.0139,40.3729],[-106.0194,40.3733],[-106.0859,40.3473],[-106.1007,40.3542],[-106.1338,40.3364],[-106.1363,40.3302],[-106.1486,40.3321],[-106.1626,40.3428],[-106.1709,40.3439],[-106.1891,40.3265],[-106.2174,40.3291],[-106.2305,40.3232],[-106.2393,40.328],[-106.2509,40.3407],[-106.2534,40.3501],[-106.2658,40.361],[-106.2786,40.3537],[-106.2857,40.3588],[-106.2911,40.3582],[-106.2986,40.3499],[-106.2958,40.3332],[-106.306,40.3285],[-106.3219,40.3376],[-106.3371,40.3396],[-106.3559,40.359],[-106.385,40.3527],[-106.3896,40.3455],[-106.4035,40.3451],[-106.4219,40.3527],[-106.4381,40.3505],[-106.4433,40.3464],[-106.4582,40.3589],[-106.4574,40.3652],[-106.4632,40.3678],[-106.466,40.3779],[-106.4732,40.3798],[-106.4739,40.3868],[-106.4811,40.3897],[-106.4776,40.4047],[-106.4897,40.4116],[-106.5104,40.3933],[-106.5124,40.3868],[-106.5185,40.391],[-106.5262,40.3849],[-106.5301,40.3683],[-106.5347,40.3651],[-106.54,40.3713],[-106.5535,40.37],[-106.556,40.3767],[-106.5612,40.3786],[-106.5772,40.3784],[-106.5944,40.3831],[-106.6006,40.3761],[-106.6121,40.3797],[-106.6191,40.4045],[-106.6288,40.4185],[-106.6224,40.4305],[-106.6393,40.4326],[-106.6506,40.4399],[-106.6506,40.4553],[-106.6593,40.4594],[-106.6543,40.4676],[-106.6586,40.472],[-106.6649,40.4698],[-106.667,40.4721],[-106.663,40.4804],[-106.656,40.4845],[-106.6594,40.4902],[-106.6531,40.4943],[-106.6571,40.5001],[-106.6557,40.5088],[-106.6614,40.5122],[-106.6591,40.5147],[-106.6739,40.523],[-106.6705,40.5356],[-106.6782,40.5386],[-106.6859,40.5513],[-106.6975,40.5533],[-106.6923,40.5626],[-106.7023,40.578],[-106.6942,40.5958],[-106.7045,40.6075],[-106.7063,40.6157],[-106.7014,40.6253],[-106.7037,40.6278],[-106.6977,40.6275],[-106.6939,40.6331],[-106.6869,40.6346],[-106.6889,40.64],[-106.6802,40.648],[-106.688,40.6507],[-106.6923,40.6588],[-106.6858,40.6626],[-106.6869,40.6731],[-106.681,40.6755],[-106.6873,40.6829],[-106.6729,40.6884],[-106.6683,40.6957],[-106.6699,40.7203],[-106.674,40.724],[-106.6698,40.729],[-106.6766,40.7368],[-106.6632,40.7436],[-106.6653,40.7493],[-106.6615,40.7537],[-106.6699,40.7616],[-106.6587,40.7731],[-106.6494,40.7755],[-106.6486,40.7814],[-106.6361,40.7921],[-106.6385,40.8171],[-106.664,40.8283],[-106.6622,40.843],[-106.654,40.8456],[-106.6572,40.8527],[-106.6671,40.8594],[-106.6682,40.8654],[-106.6789,40.8689],[-106.6856,40.8853],[-106.6912,40.888],[-106.7002,40.8847],[-106.7063,40.8758],[-106.7389,40.8712],[-106.7467,40.8822],[-106.7408,40.8899],[-106.77,40.8966],[-106.7694,40.9042],[-106.7815,40.9069],[-106.7874,40.9006],[-106.7938,40.9008],[-106.7999,40.896],[-106.8094,40.8997],[-106.8061,40.9063],[-106.8116,40.9162],[-106.8188,40.9185],[-106.8249,40.932],[-106.83,40.9241],[-106.8522,40.9252],[-106.8487,40.9266],[-106.8518,40.9332],[-106.8622,40.9413],[-106.8638,40.9534],[-106.8696,40.9561],[-106.8732,40.9742],[-106.8702,40.9813],[-106.8612,40.9837],[-106.8569,40.9812],[-106.8505,40.9904],[-106.8615,40.9966],[-106.857,41.0041],[-106.8686,41.004],[-106.8709,41.0072],[-106.8764,41.0045],[-106.8875,41.0111],[-106.8876,41.0164],[-106.8956,41.018],[-106.9045,41.0129],[-106.9219,41.0128],[-106.9278,41.0184],[-106.9386,41.0208],[-106.9352,41.0312],[-106.9263,41.037],[-106.9186,41.0589],[-106.9008,41.0619],[-106.884,41.0747],[-106.8985,41.0821],[-106.9046,41.0918],[-106.9228,41.089],[-106.9346,41.0947],[-106.9539,41.0964],[-106.9659,41.1059],[-106.9695,41.1163],[-106.98,41.1096],[-107.0134,41.1173],[-107.0034,41.1265],[-106.9937,41.1284],[-106.9952,41.1356],[-106.9809,41.1401],[-106.9797,41.1471],[-106.975,41.1486],[-106.9821,41.1547],[-106.9819,41.1686],[-106.9924,41.1703],[-106.9968,41.1752],[-107.0144,41.1774],[-107.0165,41.1825],[-107.0306,41.1874],[-107.0474,41.189],[-107.0666,41.2032],[-107.0883,41.1997],[-107.1122,41.2263],[-107.1258,41.2257],[-107.1273,41.2312],[-107.1133,41.2483],[-107.1407,41.2796],[-107.1437,41.2901],[-107.1507,41.29],[-107.1632,41.2976],[-107.1465,41.3091],[-107.1351,41.3217],[-107.1349,41.3286],[-107.1554,41.3345],[-107.1658,41.3336],[-107.16,41.3579],[-107.1659,41.3658],[-107.1872,41.3652],[-107.1975,41.3732],[-107.2129,41.3772],[-107.2056,41.3861],[-107.2095,41.401],[-107.2238,41.4043],[-107.2414,41.4006],[-107.258,41.3885],[-107.2702,41.3878],[-107.2662,41.3825],[-107.2711,41.3787],[-107.286,41.3751],[-107.2909,41.3804],[-107.3032,41.3831],[-107.3071,41.3909],[-107.3225,41.3901],[-107.3234,41.3955],[-107.3405,41.3998],[-107.3396,41.4167],[-107.3355,41.4203],[-107.3413,41.4226],[-107.3481,41.4358],[-107.3408,41.4363],[-107.3337,41.446],[-107.3246,41.4482],[-107.3191,41.459],[-107.3121,41.4588],[-107.3014,41.4668],[-107.3165,41.4769],[-107.3251,41.4769],[-107.3273,41.4817],[-107.328,41.4881],[-107.3153,41.5],[-107.317,41.5044],[-107.3106,41.5159],[-107.3204,41.5339],[-107.3315,41.5339],[-107.3556,41.5444],[-107.3689,41.5437],[-107.4048,41.5329],[-107.4136,41.5465],[-107.4216,41.5487],[-107.4223,41.552],[-107.4338,41.5496],[-107.4379,41.5527],[-107.4561,41.5468],[-107.4532,41.5529],[-107.4404,41.5587],[-107.4426,41.5606],[-107.436,41.5674],[-107.4098,41.5811],[-107.4048,41.5936],[-107.3938,41.6024],[-107.3875,41.6262],[-107.3932,41.6285],[-107.4023,41.6238],[-107.4098,41.6247],[-107.4277,41.6326],[-107.4324,41.638],[-107.4435,41.6371],[-107.4498,41.6476],[-107.4593,41.6509],[-107.4417,41.6749],[-107.4121,41.6871],[-107.3845,41.7072],[-107.3786,41.7141],[-107.3857,41.722],[-107.3566,41.7484],[-107.3513,41.7665],[-107.3587,41.7695],[-107.3599,41.7782],[-107.3798,41.7928],[-107.3624,41.8018],[-107.3745,41.8179],[-107.3703,41.8237],[-107.3617,41.8232],[-107.3563,41.8295],[-107.3393,41.8347],[-107.3373,41.845],[-107.3418,41.8528],[-107.3296,41.8567],[-107.3207,41.8653],[-107.3254,41.8773],[-107.3222,41.8823],[-107.3308,41.8863],[-107.3358,41.8954],[-107.3332,41.9073],[-107.3179,41.9144],[-107.315,41.9245],[-107.3002,41.9369],[-107.2976,41.95],[-107.2467,41.8863],[-107.2203,41.8679],[-107.1998,41.8606],[-107.1859,41.8631],[-107.1707,41.8544],[-107.1631,41.8539],[-107.1552,41.8604],[-107.1562,41.8711],[-107.1438,41.8806],[-107.126,41.8754],[-107.1216,41.8796],[-107.1144,41.8773],[-107.1189,41.8816],[-107.1151,41.885],[-107.121,41.8889],[-107.1106,41.8947],[-107.1098,41.9018],[-107.1155,41.9041],[-107.1135,41.9105],[-107.118,41.911],[-107.1306,41.9257],[-107.1306,41.9354],[-107.1399,41.9409],[-107.1321,41.9557],[-107.1395,41.9582],[-107.138,41.9677],[-107.1274,41.9734],[-107.1333,41.9829],[-107.1474,41.9812],[-107.1415,42.0059],[-107.1496,42.0053],[-107.1267,42.0485],[-107.0985,42.0718],[-107.1022,42.0762],[-107.0858,42.0821],[-107.0872,42.0879],[-107.096,42.0891],[-107.0771,42.0956],[-107.0727,42.1013],[-107.1223,42.1112],[-107.1243,42.1166],[-107.0965,42.1321],[-107.097,42.1393],[-107.0859,42.1492],[-107.0957,42.1594],[-107.1068,42.159],[-107.1072,42.1662],[-107.1174,42.1682],[-107.115,42.1719],[-107.135,42.1716],[-107.1395,42.1746],[-107.1555,42.1715],[-107.1595,42.1663],[-107.1812,42.1587],[-107.1875,42.1695],[-107.2114,42.1731],[-107.1985,42.1872],[-107.1995,42.1948],[-107.2092,42.1935],[-107.2101,42.1962],[-107.2006,42.2007],[-107.2036,42.2048],[-107.1975,42.2101],[-107.2031,42.2109],[-107.2146,42.2345],[-107.208,42.249],[-107.2157,42.2527],[-107.2256,42.2503],[-107.2616,42.2634],[-107.271,42.2537],[-107.2708,42.2476],[-107.2914,42.2333],[-107.2994,42.2202],[-107.3176,42.2218],[-107.3288,42.2163],[-107.338,42.2208],[-107.3464,42.2202],[-107.3495,42.2257],[-107.3625,42.2242],[-107.3878,42.2367],[-107.408,42.2315],[-107.4217,42.2357],[-107.4738,42.2387],[-107.4847,42.2446],[-107.483,42.2499],[-107.4926,42.2515],[-107.4978,42.2475],[-107.5115,42.2505],[-107.5239,42.249],[-107.5313,42.2548],[-107.5485,42.2554],[-107.5504,42.2605],[-107.5609,42.2615],[-107.5816,42.2704],[-107.5914,42.2981],[-107.5844,42.3117],[-107.5917,42.3139],[-107.6084,42.3118],[-107.6187,42.3042],[-107.6263,42.304],[-107.6281,42.3067],[-107.6396,42.3021],[-107.6858,42.2699],[-107.685,42.2641],[-107.6928,42.257],[-107.7158,42.2639],[-107.7517,42.2548],[-107.7573,42.2579],[-107.7762,42.2582],[-107.8366,42.2509],[-107.8352,42.2653],[-107.8476,42.2654],[-107.8526,42.2696],[-107.8574,42.2661],[-107.8753,42.2669],[-107.8749,42.2797],[-107.8672,42.2942],[-107.8716,42.3008],[-107.9384,42.3121],[-107.9435,42.3206],[-107.9367,42.3393],[-107.9292,42.347],[-107.9287,42.3707],[-107.9204,42.3786],[-107.918,42.3926],[-107.9437,42.3952],[-107.9569,42.3998],[-107.9656,42.3893],[-107.9923,42.377],[-107.9998,42.364],[-107.9784,42.3541],[-107.9657,42.3415],[-107.9654,42.3381],[-107.9764,42.3339],[-107.9795,42.3287],[-108.0207,42.32],[-108.0426,42.3219],[-108.0666,42.3304],[-108.0808,42.3213],[-108.0901,42.3213],[-108.0992,42.3168],[-108.1005,42.2975],[-108.1257,42.288],[-108.1341,42.2784],[-108.1514,42.2789],[-108.1639,42.2835],[-108.1855,42.2829],[-108.2198,42.2911],[-108.2211,42.2711],[-108.2293,42.2622],[-108.2344,42.2466],[-108.2302,42.2409],[-108.2558,42.2356],[-108.2637,42.2253],[-108.2782,42.2242],[-108.2922,42.2154],[-108.3057,42.2214],[-108.3176,42.2134],[-108.3378,42.2162],[-108.3383,42.2221],[-108.3536,42.2223],[-108.3586,42.2307],[-108.367,42.2328],[-108.3723,42.2272],[-108.3826,42.2247],[-108.4164,42.2213],[-108.4316,42.2246],[-108.4331,42.231],[-108.4284,42.2349],[-108.4374,42.2369],[-108.4359,42.2408],[-108.4621,42.2472],[-108.4637,42.2526],[-108.4919,42.255],[-108.4802,42.2594],[-108.4818,42.2634],[-108.5289,42.2633],[-108.5733,42.2817],[-108.59,42.3104],[-108.5879,42.3147],[-108.5926,42.3165],[-108.6297,42.3136],[-108.642,42.3071],[-108.6563,42.3061],[-108.6635,42.3095],[-108.6664,42.3156],[-108.6786,42.3121],[-108.6858,42.3137],[-108.696,42.3013],[-108.7131,42.2954],[-108.7234,42.27],[-108.7501,42.2793],[-108.7869,42.2701],[-108.7946,42.2634],[-108.8081,42.2701],[-108.8252,42.2722],[-108.8485,42.2605],[-108.8516,42.2672],[-108.86,42.2705],[-108.8577,42.2725],[-108.8627,42.2784],[-108.8716,42.283],[-108.8647,42.2914],[-108.8724,42.297],[-108.8763,42.3103],[-108.8813,42.3137],[-108.8653,42.3174],[-108.8673,42.3375],[-108.8897,42.3369],[-108.8877,42.3486],[-108.9,42.3492],[-108.9007,42.3536],[-108.9084,42.3541],[-108.9021,42.3609],[-108.8939,42.3626],[-108.8984,42.3679],[-108.9152,42.3703],[-108.9148,42.3825],[-108.9395,42.3853],[-108.9633,42.4045],[-108.9687,42.4143],[-108.992,42.4176],[-108.9913,42.4279],[-109.0023,42.4307],[-109.003,42.4271],[-109.0204,42.4215],[-109.0234,42.4292],[-109.0342,42.4282],[-109.0314,42.4349],[-109.0598,42.4348],[-109.0574,42.443],[-109.0629,42.4465],[-109.0812,42.449],[-109.0911,42.4543],[-109.1209,42.4542],[-109.1269,42.4625],[-109.1249,42.4708],[-109.1288,42.4721],[-109.1289,42.4769],[-109.1414,42.4776],[-109.1437,42.4815],[-109.1588,42.4854],[-109.1648,42.4842],[-109.1677,42.4923],[-109.182,42.4894],[-109.1875,42.4921],[-109.1854,42.5046],[-109.2042,42.5073],[-109.2003,42.5132],[-109.2035,42.5173],[-109.1985,42.5234],[-109.2032,42.532],[-109.1941,42.5407],[-109.1956,42.5442],[-109.1862,42.5489],[-109.1842,42.5554],[-109.1754,42.5577],[-109.1675,42.5717],[-109.1505,42.5713],[-109.1394,42.577],[-109.1329,42.605],[-109.1233,42.6184],[-109.1174,42.6203],[-109.1139,42.6167],[-109.0946,42.629],[-109.0939,42.6418],[-109.1138,42.6523],[-109.1148,42.6634],[-109.1269,42.6705],[-109.1287,42.6864],[-109.1375,42.7051],[-109.1287,42.7084],[-109.1367,42.7209],[-109.1478,42.7274],[-109.1431,42.7332],[-109.1327,42.7333],[-109.1323,42.7374],[-109.146,42.7428],[-109.16,42.7434],[-109.1614,42.7482],[-109.1796,42.7511],[-109.179,42.7549],[-109.1955,42.7685],[-109.21,42.7704],[-109.2176,42.7602],[-109.2361,42.7684],[-109.2365,42.7786],[-109.226,42.7909],[-109.2104,42.7931],[-109.2122,42.7978],[-109.2319,42.804],[-109.2368,42.8095],[-109.2468,42.8062],[-109.2602,42.8156],[-109.2639,42.824],[-109.2697,42.8252],[-109.2814,42.8431],[-109.2789,42.8459],[-109.2833,42.8484],[-109.292,42.8458],[-109.3195,42.8592],[-109.3309,42.875],[-109.3319,42.8953],[-109.3395,42.8985],[-109.3454,42.9188],[-109.3566,42.9248],[-109.3705,42.9455],[-109.3863,42.9388],[-109.3981,42.9392],[-109.4049,42.9504],[-109.4288,42.9607],[-109.4328,42.9683],[-109.4543,42.9701],[-109.4634,42.9815],[-109.4593,42.9861],[-109.462,42.9891],[-109.4924,42.9955],[-109.5022,43.0105],[-109.5143,43.0072],[-109.5295,43.0139],[-109.5432,43.0104],[-109.5526,43.0125],[-109.5558,43.0272],[-109.5488,43.0369],[-109.553,43.0401],[-109.5607,43.0395],[-109.5596,43.0476],[-109.5709,43.0496],[-109.553,43.0588],[-109.553,43.0722],[-109.5614,43.0774],[-109.5603,43.0832],[-109.5702,43.0916],[-109.5706,43.0998],[-109.5811,43.1013],[-109.5957,43.1183],[-109.6213,43.1262],[-109.6309,43.1486],[-109.63,43.1633],[-109.6349,43.1658],[-109.6439,43.1619],[-109.6513,43.1669],[-109.6587,43.2013],[-109.6762,43.2149],[-109.676,43.2236],[-109.6702,43.2291],[-109.6778,43.236],[-109.674,43.2479],[-109.6927,43.2652],[-109.6787,43.2735],[-109.6857,43.2856],[-109.6803,43.2879],[-109.6816,43.2933],[-109.6737,43.2968],[-109.672,43.3094],[-109.6796,43.318],[-109.686,43.3186],[-109.6937,43.3246],[-109.7003,43.3347],[-109.6943,43.3656],[-109.7049,43.3688],[-109.7088,43.3744],[-109.7362,43.3653],[-109.7584,43.3661],[-109.7699,43.3785],[-109.7777,43.3809],[-109.7864,43.3905],[-109.7881,43.404],[-109.7788,43.399],[-109.7654,43.4068],[-109.7666,43.4156],[-109.7625,43.4186],[-109.7721,43.4235],[-109.763,43.4284],[-109.763,43.4355],[-109.7721,43.4461],[-109.7803,43.4464],[-109.8003,43.4654],[-109.8111,43.4661],[-109.8227,43.4608],[-109.8391,43.4687],[-109.8646,43.4726],[-109.8752,43.4812],[-109.8874,43.4826],[-109.8895,43.4892],[-109.8987,43.4908],[-109.9012,43.4852],[-109.9109,43.4828],[-109.9132,43.4736],[-109.9374,43.4724],[-109.9455,43.4689],[-109.9489,43.4862],[-109.9566,43.4938],[-109.9492,43.4997],[-109.9392,43.5255],[-109.9525,43.5368],[-109.954,43.5443],[-109.9679,43.5515],[-109.9865,43.5522],[-109.998,43.5562],[-110.011,43.566],[-110.0227,43.5686],[-110.0301,43.5787],[-110.0444,43.5806],[-110.0494,43.5877],[-110.0622,43.5855],[-110.0635,43.5994],[-110.0464,43.6082],[-110.0395,43.6085],[-110.0288,43.6185],[-110.0448,43.6279],[-110.051,43.625],[-110.0576,43.6286],[-110.0654,43.6585],[-110.0368,43.6687],[-110.0241,43.6774],[-110.0297,43.6808],[-110.0347,43.6765],[-110.0408,43.677],[-110.0399,43.6877],[-110.0494,43.6923],[-110.0521,43.7037],[-110.046,43.7135],[-110.0558,43.7201],[-110.0631,43.7316],[-110.0812,43.7378],[-110.084,43.748],[-110.0802,43.7536],[-110.0675,43.7526],[-110.0578,43.7582],[-110.0438,43.7549],[-110.0407,43.7692],[-110.0348,43.7751],[-110.0364,43.7828],[-110.0259,43.7897],[-110.0283,43.7984],[-110.0204,43.7985],[-110.0181,43.7949],[-110.006,43.7979],[-110.0007,43.7934],[-109.9728,43.7921],[-109.9626,43.7887],[-109.9475,43.8011],[-109.9338,43.7985],[-109.9232,43.807],[-109.9056,43.8083],[-109.9042,43.8031],[-109.882,43.8049],[-109.8874,43.813],[-109.8879,43.8255],[-109.8821,43.8235],[-109.8575,43.8278],[-109.8549,43.8356],[-109.85,43.8371],[-109.8563,43.8415],[-109.8548,43.8484],[-109.8487,43.8528],[-109.8263,43.8553],[-109.814,43.8614],[-109.8209,43.867],[-109.8288,43.8669],[-109.8317,43.8713],[-109.8175,43.8832],[-109.8302,43.8894],[-109.8326,43.895],[-109.8595,43.9008],[-109.8477,43.9084],[-109.8494,43.9207],[-109.8543,43.9239],[-109.852,43.9265],[-109.857,43.925],[-109.8729,43.9288],[-109.8742,43.9335],[-109.8583,43.9424],[-109.855,43.9504],[-109.8588,43.958],[-109.8839,43.9485],[-109.9217,43.9457],[-109.933,43.9508],[-109.9402,43.9587],[-109.9439,43.9577],[-109.9575,43.9643],[-109.967,43.9612],[-109.9725,43.9552],[-109.9939,43.9495],[-110.0016,43.9551],[-110.0016,43.9666],[-110.018,43.9675],[-110.019,43.9797],[-110.0329,43.9967],[-110.0312,44.0006],[-110.0492,44.0087],[-110.0792,43.997],[-110.1083,43.9966],[-110.1277,44.0011],[-110.1354,44.0104],[-110.1536,44.0138],[-110.1609,44.0224],[-110.1618,44.0326],[-110.1752,44.0426],[-110.1805,44.0619],[-110.1773,44.0794],[-110.1802,44.0824],[-110.1898,44.078],[-110.1989,44.0845],[-110.1952,44.0961],[-110.2041,44.108],[-110.2021,44.1131],[-110.1936,44.1171],[-110.1914,44.1294],[-110.1856,44.1315],[-110.1843,44.1379],[-110.1881,44.1406],[-110.1937,44.1354],[-110.206,44.1339],[-110.2087,44.1398],[-110.2051,44.145],[-110.213,44.1488],[-110.2164,44.155],[-110.2003,44.1775],[-110.1817,44.1803],[-110.1806,44.1835],[-110.1876,44.1848],[-110.2028,44.181],[-110.2058,44.1843],[-110.2134,44.1834],[-110.2348,44.1737],[-110.2366,44.1796],[-110.2307,44.1869],[-110.2542,44.1802],[-110.259,44.1895],[-110.2692,44.1866],[-110.2748,44.1894],[-110.28,44.1865],[-110.2946,44.2033],[-110.3166,44.2027],[-110.3144,44.21],[-110.3221,44.2138],[-110.3223,44.2217],[-110.3304,44.232],[-110.3472,44.2158],[-110.3636,44.2162],[-110.3754,44.2201],[-110.3907,44.217],[-110.3862,44.2214],[-110.3874,44.2308],[-110.3795,44.2339],[-110.375,44.24],[-110.3824,44.2511],[-110.3802,44.2585],[-110.3906,44.258],[-110.3857,44.2637],[-110.3884,44.269],[-110.374,44.2769],[-110.3676,44.2888],[-110.3553,44.294],[-110.362,44.3038],[-110.3594,44.3081],[-110.3838,44.3221],[-110.3923,44.3361],[-110.4105,44.3461],[-110.431,44.3499],[-110.454,44.3301],[-110.4635,44.3375],[-110.4705,44.3375],[-110.4833,44.3485],[-110.4914,44.3386],[-110.5074,44.3332],[-110.5187,44.3375],[-110.5221,44.3321],[-110.5348,44.3271],[-110.5491,44.331],[-110.5555,44.3345],[-110.5561,44.3418],[-110.5673,44.3399],[-110.5734,44.3532],[-110.5788,44.3532],[-110.5878,44.3595],[-110.5884,44.3637],[-110.5975,44.366],[-110.5975,44.3717],[-110.6063,44.3718],[-110.605,44.3789],[-110.6128,44.3801],[-110.6128,44.3873],[-110.6249,44.3857],[-110.6308,44.3902],[-110.6265,44.3954],[-110.6328,44.4009],[-110.6667,44.4154],[-110.6658,44.4255],[-110.6618,44.4224],[-110.6499,44.429],[-110.6441,44.4275],[-110.6388,44.4426],[-110.6263,44.4462],[-110.6163,44.4431],[-110.6157,44.4533],[-110.6257,44.4534],[-110.6265,44.4563],[-110.6183,44.4624],[-110.6223,44.4714],[-110.61,44.4723],[-110.613,44.4801],[-110.6336,44.4812],[-110.6483,44.4907],[-110.6691,44.4855],[-110.6766,44.4787],[-110.7158,44.4871],[-110.7247,44.4833],[-110.7272,44.4785],[-110.7382,44.4771],[-110.7381,44.4728],[-110.7455,44.4671],[-110.7202,44.4464],[-110.724,44.4438],[-110.7185,44.4406],[-110.7192,44.4349],[-110.7248,44.4315],[-110.7195,44.4223],[-110.7428,44.4176],[-110.7404,44.4134],[-110.7518,44.4059],[-110.7737,44.4005],[-110.775,44.4035],[-110.7772,44.401],[-110.7893,44.4039],[-110.8026,44.3956],[-110.8072,44.3886],[-110.8177,44.3916],[-110.8184,44.3846],[-110.8264,44.3786],[-110.8473,44.3756],[-110.8466,44.3669],[-110.8532,44.3642],[-110.8504,44.3585],[-110.8365,44.351],[-110.8321,44.3429],[-110.8493,44.3454],[-110.8678,44.3436],[-110.8764,44.3393],[-110.899,44.3665],[-110.9052,44.3676],[-110.915,44.3845],[-110.9251,44.3878],[-110.9241,44.3949],[-110.9422,44.4026],[-110.9637,44.4268],[-110.96,44.4327],[-110.9626,44.4445],[-110.9704,44.4429],[-110.9784,44.4491],[-110.9847,44.4481],[-110.9971,44.4528],[-110.9983,44.4572],[-110.9938,44.4614],[-111.0214,44.4657],[-111.0248,44.4634],[-111.045,44.477],[-111.049,44.4733],[-111.0552,44.6249],[-111.0552,45.0013],[-110.785,45.003],[-110.7053,44.9923],[-110.6258,44.9921],[-110.4029,44.9938],[-110.3627,45.0006],[-110.1995,44.9962],[-110.1101,45.0039],[-109.7987,45.0022],[-109.7982,45.1719],[-110.2286,45.1728],[-110.2291,45.3488],[-110.2188,45.3488],[-110.2209,45.785],[-110.2927,45.785],[-110.2927,46.1335],[-110.2819,46.1336],[-110.2817,46.4899],[-110.2733,46.4899],[-110.2734,46.7106],[-110.294,46.7007],[-110.3031,46.6885],[-110.3263,46.6855],[-110.3297,46.6796],[-110.3266,46.6742],[-110.3331,46.6722],[-110.344,46.6725],[-110.349,46.6823],[-110.3614,46.6899],[-110.3746,46.6927],[-110.4098,46.6849],[-110.4211,46.6777],[-110.4366,46.6865],[-110.4572,46.6787],[-110.4663,46.6784],[-110.467,46.6845],[-110.4793,46.6878],[-110.4837,46.7017],[-110.491,46.7043],[-110.4981,46.7027],[-110.5071,46.7134],[-110.5233,46.7127],[-110.5331,46.7212],[-110.5442,46.725],[-110.5495,46.7328],[-110.5634,46.7339],[-110.5576,46.7631],[-110.5638,46.7715],[-110.5771,46.7694],[-110.6186,46.771],[-110.6427,46.7908],[-110.6494,46.8014],[-110.6444,46.8162],[-110.6529,46.8236],[-110.6529,46.8372],[-110.6363,46.8372],[-110.6363,46.924],[-110.641,46.924],[-110.6454,47.0957],[-110.7723,47.0959],[-110.7721,47.1838],[-110.7669,47.1837],[-110.7665,47.2344],[-110.7772,47.2347],[-110.7772,47.2493],[-110.7881,47.2498],[-110.7883,47.3076],[-110.7723,47.3085],[-110.7724,47.2976],[-110.7671,47.2976],[-110.7671,47.3591],[-110.6393,47.359],[-110.6396,47.4163],[-110.2386,47.4164],[-110.1706,47.4168],[-110.1639,47.4194],[-110.1591,47.4154],[-110.1514,47.4255],[-110.1461,47.4243],[-110.1471,47.4285],[-110.1405,47.4263],[-110.1375,47.4307],[-110.1296,47.4288],[-110.1296,47.4341],[-110.1205,47.4318],[-110.119,47.4363],[-110.1123,47.4362],[-110.1134,47.4413],[-110.1103,47.4384],[-110.1067,47.4399],[-110.1085,47.4433],[-110.1028,47.4402],[-110.0852,47.4453],[-110.0789,47.4488],[-110.0825,47.4532],[-110.0749,47.4554],[-110.0766,47.4578],[-110.0711,47.4598],[-110.0661,47.458],[-110.0666,47.4615],[-110.0593,47.4606],[-110.0601,47.4637],[-110.0573,47.4619],[-110.0531,47.4669],[-110.0483,47.4656],[-110.0508,47.4692],[-110.0457,47.4682],[-110.0464,47.4723],[-110.0425,47.4698],[-110.0379,47.4744],[-110.0359,47.4723],[-110.0288,47.4749],[-110.033,47.477],[-110.0308,47.4796],[-110.0272,47.4769],[-110.0238,47.4793],[-110.0249,47.4766],[-110.0195,47.4788],[-110.015,47.4736],[-110.0103,47.4754],[-110.01,47.4796],[-110.003,47.4756],[-109.9989,47.4812],[-109.9947,47.4812],[-109.997,47.4786],[-109.9931,47.4783],[-109.9939,47.4806],[-109.9896,47.4786],[-109.9908,47.4832],[-109.9815,47.4827],[-109.9837,47.4854],[-109.9813,47.4881],[-109.9763,47.4854],[-109.9749,47.4882],[-109.9794,47.4889],[-109.9756,47.491],[-109.968,47.4876],[-109.9625,47.4946],[-109.9565,47.495],[-109.9569,47.4981],[-109.9501,47.5002],[-109.9464,47.4975],[-109.9469,47.5011],[-109.9375,47.5014],[-109.9348,47.5116],[-109.9296,47.5099],[-109.9298,47.5126],[-109.9199,47.5126],[-109.9231,47.5157],[-109.9101,47.5187],[-109.9154,47.5213],[-109.907,47.5199],[-109.9027,47.5266],[-109.897,47.5238],[-109.8965,47.526],[-109.8901,47.5255],[-109.8904,47.5215],[-109.8785,47.5267],[-109.8744,47.5229],[-109.8698,47.5266],[-109.8713,47.53],[-109.8645,47.5309],[-109.8603,47.5384],[-109.856,47.5383],[-109.8573,47.5409],[-109.8491,47.5405],[-109.8546,47.5422],[-109.8454,47.5459],[-109.8452,47.5524],[-109.8492,47.5537],[-109.844,47.5605],[-109.85,47.5618],[-109.8453,47.5655],[-109.8511,47.5656],[-109.8449,47.5716],[-109.8505,47.5709],[-109.8431,47.5772],[-109.8517,47.5801],[-109.8482,47.5839],[-109.8536,47.5868],[-109.8523,47.5908],[-109.8456,47.5907],[-109.8509,47.5958],[-109.8459,47.5957],[-109.85,47.5986],[-109.8433,47.6002],[-109.8484,47.6054],[-109.842,47.61],[-109.8432,47.6162],[-109.8379,47.6165],[-109.8426,47.6188],[-109.8371,47.6222],[-109.8426,47.622],[-109.8361,47.6255],[-109.8377,47.6303],[-109.832,47.6323],[-109.84,47.6361],[-109.8314,47.6487],[-109.8396,47.6524],[-109.8322,47.6568],[-109.8391,47.6634],[-109.8347,47.6632],[-109.8337,47.6681],[-109.8376,47.6673],[-109.8359,47.6711],[-109.8411,47.6718],[-109.8397,47.6768],[-109.8333,47.6794],[-109.8394,47.6819],[-109.8355,47.6829],[-109.8362,47.6872],[-109.831,47.6873],[-109.8408,47.6916],[-109.8407,47.6982],[-109.8363,47.6978],[-109.8406,47.6994],[-109.8335,47.7014],[-109.8389,47.7048],[-109.8328,47.7091],[-109.8368,47.7123],[-109.8306,47.7115],[-109.8264,47.7162],[-109.7848,47.7081],[-109.7697,47.7097],[-109.7534,47.7029],[-109.7237,47.7024],[-109.6974,47.7184],[-109.6899,47.7297],[-109.6784,47.7346],[-109.6513,47.7353],[-109.6335,47.7395],[-109.6082,47.7322],[-109.5813,47.7478],[-109.5547,47.7447],[-109.5385,47.7389],[-109.5388,47.871],[-109.5329,47.871],[-109.5336,48.2212],[-109.5517,48.2213],[-109.5517,48.2935],[-109.5191,48.2934],[-109.519,48.3947],[-109.497,48.3946],[-109.4973,48.4518],[-109.4643,48.4524],[-109.4645,48.5253],[-109.497,48.525],[-109.4967,48.5676],[-109.5053,48.5676],[-109.5058,48.9139],[-109.4896,48.914],[-109.4897,49.0006],[-102.217,48.9986],[-97.2287,49.0006],[-97.2342,48.9963],[-97.2267,48.993],[-97.2383,48.9827],[-97.2389,48.9666],[-97.2277,48.9624],[-97.234,48.9474],[-97.2265,48.9457],[-97.2246,48.9338],[-97.2144,48.9316],[-97.2198,48.9222],[-97.2108,48.916],[-97.2114,48.9056],[-97.19,48.8955],[-97.192,48.8918],[-97.2016,48.8919],[-97.1973,48.8874],[-97.1994,48.8811],[-97.1903,48.8767],[-97.1778,48.8756],[-97.1906,48.8643],[-97.1792,48.8629],[-97.1731,48.8506],[-97.1829,48.8469],[-97.1758,48.8448],[-97.1739,48.838],[-97.1842,48.8339],[-97.178,48.8228],[-97.1903,48.8151],[-97.1583,48.8105],[-97.1593,48.8062],[-97.1815,48.7982],[-97.1634,48.8007],[-97.1622,48.7968],[-97.1721,48.7963],[-97.1738,48.7935],[-97.1583,48.7912],[-97.1589,48.7833],[-97.1475,48.7814],[-97.159,48.7758],[-97.1455,48.7648],[-97.1545,48.7582],[-97.1538,48.754],[-97.1498,48.7505],[-97.1375,48.7496],[-97.1367,48.7425],[-97.1421,48.7362],[-97.1284,48.7321],[-97.1374,48.7266],[-97.1257,48.7206],[-97.1194,48.7116],[-97.1101,48.7079],[-97.12,48.7042],[-97.1201,48.7014],[-97.1083,48.6908],[-97.0903,48.6845],[-97.0924,48.6821],[-97.1013,48.6823],[-97.1006,48.6684],[-97.1092,48.6643],[-97.0987,48.6608],[-97.1079,48.6479],[-97.1157,48.6446],[-97.1095,48.6325],[-97.1147,48.6303],[-97.126,48.6341],[-97.1312,48.6315],[-97.1195,48.6186],[-97.1339,48.6228],[-97.1296,48.6137],[-97.1438,48.6148],[-97.1507,48.6117],[-97.1479,48.6083],[-97.1343,48.6072],[-97.1438,48.5984],[-97.154,48.5954],[-97.1423,48.5926],[-97.1439,48.5821],[-97.1606,48.5809],[-97.1487,48.5764],[-97.1495,48.5696],[-97.1754,48.562],[-97.1662,48.5573],[-97.139,48.5551],[-97.1416,48.5513],[-97.1639,48.554],[-97.1659,48.5485],[-97.161,48.542],[-97.1414,48.5355],[-97.1422,48.5322],[-97.1536,48.5295],[-97.1524,48.5204],[-97.1454,48.5187],[-97.1308,48.5227],[-97.1268,48.5202],[-97.1366,48.5122],[-97.1503,48.5116],[-97.1492,48.5008],[-97.1346,48.4942],[-97.1315,48.489],[-97.1351,48.4877],[-97.143,48.4923],[-97.1403,48.4847],[-97.1592,48.4811],[-97.1627,48.4778],[-97.1549,48.4749],[-97.1346,48.4775],[-97.1282,48.4744],[-97.1306,48.4712],[-97.1407,48.4747],[-97.1474,48.4728],[-97.143,48.4638],[-97.1306,48.4634],[-97.1286,48.4603],[-97.1307,48.4522],[-97.1506,48.4408],[-97.1452,48.4381],[-97.1328,48.4438],[-97.1248,48.4419],[-97.1237,48.436],[-97.1278,48.4313],[-97.1413,48.4338],[-97.1459,48.4312],[-97.1247,48.4222],[-97.1226,48.4179],[-97.1261,48.4161],[-97.1384,48.4217],[-97.154,48.4181],[-97.1551,48.4143],[-97.1505,48.4128],[-97.1399,48.4185],[-97.1312,48.4073],[-97.1457,48.3974],[-97.1587,48.3964],[-97.1634,48.3929],[-97.1568,48.3909],[-97.1577,48.3865],[-97.152,48.3829],[-97.1333,48.3822],[-97.1414,48.3785],[-97.1379,48.3712],[-97.1525,48.371],[-97.1563,48.3656],[-97.1435,48.3543],[-97.1362,48.3522],[-97.1401,48.3446],[-97.1259,48.3406],[-97.1291,48.3329],[-97.14,48.3299],[-97.1417,48.3257],[-97.1292,48.3281],[-97.1156,48.3239],[-97.1326,48.3192],[-97.1378,48.3097],[-97.1242,48.3112],[-97.1222,48.3087],[-97.1267,48.304],[-97.1122,48.2965],[-97.1192,48.2943],[-97.1276,48.299],[-97.1373,48.2918],[-97.1356,48.2871],[-97.1281,48.2915],[-97.1232,48.2908],[-97.1166,48.2797],[-97.1251,48.2767],[-97.1254,48.2704],[-97.1392,48.2712],[-97.145,48.2688],[-97.1439,48.2658],[-97.1263,48.2644],[-97.123,48.2617],[-97.1306,48.259],[-97.1251,48.25],[-97.1356,48.2495],[-97.1468,48.2445],[-97.1459,48.2416],[-97.1337,48.2391],[-97.1447,48.2336],[-97.1393,48.2302],[-97.1245,48.2284],[-97.1207,48.2248],[-97.1245,48.2232],[-97.1386,48.2267],[-97.1522,48.2196],[-97.1483,48.2183],[-97.1391,48.222],[-97.1229,48.2165],[-97.1178,48.2098],[-97.1237,48.2076],[-97.1314,48.2172],[-97.1393,48.2168],[-97.1293,48.2084],[-97.1409,48.2045],[-97.1357,48.1971],[-97.1498,48.1835],[-97.1384,48.1823],[-97.136,48.1768],[-97.1475,48.1706],[-97.142,48.1602],[-97.1254,48.1628],[-97.121,48.1596],[-97.1403,48.1509],[-97.1465,48.1422],[-97.1368,48.1433],[-97.1229,48.1398],[-97.1254,48.1361],[-97.1335,48.1371],[-97.1207,48.115],[-97.1232,48.1067],[-97.1115,48.1059],[-97.1019,48.0959],[-97.1099,48.0914],[-97.0998,48.0859],[-97.1045,48.0724],[-97.0978,48.0711],[-97.087,48.0582],[-97.0723,48.0481],[-97.0687,48.0277],[-97.0723,48.0191],[-97.0633,48.015],[-97.0668,48.0096],[-97.0641,47.9981],[-97.0531,47.9904],[-97.0618,47.9647],[-97.0525,47.9574],[-97.0554,47.9475],[-97.0482,47.942],[-97.0362,47.9394],[-97.0364,47.9308],[-97.0179,47.9199],[-97.0238,47.9156],[-97.017,47.9128],[-97.0153,47.9067],[-97.0252,47.9077],[-97.0199,47.9013],[-97.025,47.8952],[-97.0188,47.8904],[-97.0254,47.8849],[-97.018,47.8783],[-97.0231,47.8741],[-97.0018,47.8681],[-97.0059,47.8643],[-96.9984,47.8593],[-96.994,47.846],[-96.9983,47.8419],[-96.9928,47.8428],[-96.994,47.8384],[-96.9863,47.8371],[-96.9816,47.8296],[-96.9871,47.8256],[-96.9741,47.8235],[-96.9805,47.8219],[-96.9787,47.8099],[-96.9916,47.8082],[-96.9725,47.803],[-96.9763,47.7978],[-96.9665,47.7996],[-96.9571,47.791],[-96.9651,47.7835],[-96.958,47.7857],[-96.9591,47.7806],[-96.9524,47.7794],[-96.9565,47.7752],[-96.9468,47.7751],[-96.9349,47.7672],[-96.9383,47.7608],[-96.9289,47.7553],[-96.9397,47.7547],[-96.9292,47.7504],[-96.9328,47.7375],[-96.9184,47.7241],[-96.931,47.7156],[-96.9198,47.7169],[-96.9199,47.7104],[-96.9119,47.7068],[-96.9209,47.7],[-96.912,47.7015],[-96.907,47.6944],[-96.9095,47.6892],[-96.902,47.6917],[-96.8992,47.6896],[-96.8963,47.6742],[-96.8851,47.6738],[-96.8899,47.6697],[-96.8854,47.6639],[-96.8875,47.6579],[-96.8824,47.6427],[-96.8882,47.6389],[-96.8809,47.6295],[-96.8744,47.6278],[-96.8805,47.626],[-96.8759,47.6235],[-96.8797,47.6193],[-96.871,47.6181],[-96.8737,47.6136],[-96.869,47.6148],[-96.8571,47.6108],[-96.8568,47.6018],[-96.851,47.5985],[-96.8589,47.5957],[-96.8499,47.5908],[-96.8537,47.5789],[-96.8605,47.575],[-96.8516,47.5687],[-96.8585,47.5672],[-96.8658,47.5697],[-96.8689,47.567],[-96.8631,47.5625],[-96.8475,47.5662],[-96.854,47.5605],[-96.8617,47.5591],[-96.8498,47.5532],[-96.8604,47.546],[-96.8486,47.5426],[-96.8453,47.5388],[-96.8488,47.5372],[-96.8554,47.5421],[-96.8623,47.5412],[-96.862,47.5378],[-96.8536,47.5362],[-96.8608,47.5294],[-96.8712,47.5274],[-96.8609,47.5155],[-96.8425,47.5162],[-96.8439,47.5126],[-96.8536,47.5115],[-96.8423,47.5086],[-96.8525,47.5075],[-96.8535,47.5016],[-96.8488,47.4981],[-96.8651,47.4917],[-96.8522,47.4864],[-96.8552,47.4832],[-96.863,47.484],[-96.8685,47.4785],[-96.8652,47.4768],[-96.8569,47.4812],[-96.852,47.4791],[-96.861,47.4726],[-96.8539,47.4604],[-96.8636,47.457],[-96.8543,47.4546],[-96.8593,47.4517],[-96.8559,47.4392],[-96.8629,47.4364],[-96.8528,47.432],[-96.8647,47.4281],[-96.8551,47.4245],[-96.8718,47.419],[-96.861,47.4177],[-96.8568,47.4097],[-96.8421,47.4117],[-96.8527,47.4062],[-96.8391,47.3994],[-96.849,47.3936],[-96.8405,47.3933],[-96.8375,47.3895],[-96.8422,47.3862],[-96.8393,47.3812],[-96.8501,47.3816],[-96.8437,47.3758],[-96.8546,47.3738],[-96.8473,47.3703],[-96.8397,47.3735],[-96.8371,47.3713],[-96.844,47.368],[-96.8528,47.3697],[-96.8582,47.3675],[-96.8485,47.3648],[-96.8505,47.3571],[-96.8375,47.3557],[-96.8381,47.3535],[-96.8446,47.3543],[-96.8429,47.3508],[-96.8471,47.3477],[-96.8404,47.3409],[-96.8307,47.3389],[-96.8344,47.3328],[-96.844,47.3317],[-96.8458,47.328],[-96.8405,47.3267],[-96.8346,47.331],[-96.8288,47.328],[-96.8369,47.3248],[-96.8355,47.3191],[-96.8469,47.3163],[-96.8424,47.3134],[-96.8431,47.3088],[-96.8365,47.3115],[-96.8306,47.3057],[-96.8438,47.2931],[-96.8401,47.2756],[-96.8477,47.2711],[-96.8346,47.2672],[-96.8474,47.2626],[-96.836,47.2625],[-96.837,47.2586],[-96.8453,47.2585],[-96.8385,47.2562],[-96.8444,47.2512],[-96.8412,47.2495],[-96.8373,47.253],[-96.8322,47.2474],[-96.8437,47.2396],[-96.8365,47.2424],[-96.8287,47.2333],[-96.8309,47.2313],[-96.8366,47.235],[-96.8415,47.2332],[-96.8414,47.2295],[-96.8315,47.2267],[-96.8442,47.2224],[-96.8456,47.2193],[-96.8419,47.2178],[-96.8391,47.2227],[-96.834,47.2219],[-96.8372,47.216],[-96.8303,47.2103],[-96.8372,47.2073],[-96.8272,47.2012],[-96.8338,47.2037],[-96.8449,47.1936],[-96.8403,47.191],[-96.838,47.1965],[-96.8264,47.1915],[-96.8266,47.1888],[-96.8355,47.1863],[-96.8346,47.1837],[-96.8216,47.1843],[-96.8275,47.182],[-96.825,47.1779],[-96.8335,47.1767],[-96.8225,47.1731],[-96.8252,47.1675],[-96.8193,47.1638],[-96.832,47.1594],[-96.8224,47.1563],[-96.8362,47.1567],[-96.8363,47.1533],[-96.8413,47.1519],[-96.8287,47.1464],[-96.8346,47.144],[-96.8263,47.1349],[-96.8304,47.1292],[-96.8207,47.1304],[-96.8258,47.1231],[-96.8376,47.122],[-96.8284,47.1208],[-96.8212,47.1158],[-96.8221,47.1089],[-96.8162,47.1085],[-96.8159,47.1041],[-96.821,47.1009],[-96.8173,47.0921],[-96.8264,47.0889],[-96.816,47.0885],[-96.8204,47.083],[-96.8158,47.079],[-96.8293,47.0746],[-96.8268,47.0726],[-96.8237,47.076],[-96.8196,47.0753],[-96.8246,47.0715],[-96.8198,47.0615],[-96.8304,47.0608],[-96.8222,47.0595],[-96.8251,47.0556],[-96.8177,47.0523],[-96.8276,47.0463],[-96.8179,47.0471],[-96.8227,47.0369],[-96.8127,47.0386],[-96.8171,47.0333],[-96.8273,47.0321],[-96.8148,47.0244],[-96.8295,47.0216],[-96.8348,47.0175],[-96.8335,47.0101],[-96.8396,47.0067],[-96.8288,47.0051],[-96.8275,47.0016],[-96.821,47.0033],[-96.8233,47.0003],[-96.8195,46.9974],[-96.8239,46.9974],[-96.8224,46.9906],[-96.8264,46.9879],[-96.8201,46.9794],[-96.8227,46.97],[-96.8098,46.9638],[-96.8065,46.9676],[-96.802,46.9641],[-96.8016,46.9683],[-96.7951,46.9658],[-96.8038,46.9582],[-96.7986,46.9512],[-96.8047,46.9475],[-96.7981,46.9446],[-96.7927,46.9468],[-96.7918,46.9285],[-96.786,46.9302],[-96.7838,46.9247],[-96.7633,46.9351],[-96.7569,46.9285],[-96.7653,46.9276],[-96.7533,46.9246],[-96.7633,46.9234],[-96.7534,46.9147],[-96.7625,46.9181],[-96.7596,46.9157],[-96.7656,46.905],[-96.7705,46.9068],[-96.7736,46.9036],[-96.7707,46.9003],[-96.7767,46.8956],[-96.7702,46.8937],[-96.7747,46.8887],[-96.7736,46.8848],[-96.7678,46.8847],[-96.7684,46.8795],[-96.7713,46.8774],[-96.7717,46.8811],[-96.7812,46.8793],[-96.7759,46.8743],[-96.7823,46.8708],[-96.784,46.8617],[-96.7761,46.8545],[-96.7855,46.8549],[-96.7814,46.8512],[-96.7732,46.8515],[-96.7817,46.8457],[-96.7754,46.8389],[-96.7872,46.8411],[-96.7828,46.8371],[-96.7845,46.8334],[-96.794,46.8331],[-96.7803,46.8258],[-96.7916,46.8279],[-96.7926,46.8233],[-96.8002,46.8197],[-96.8026,46.8115],[-96.7958,46.8078],[-96.8032,46.8051],[-96.7958,46.8017],[-96.8019,46.797],[-96.7949,46.7958],[-96.7962,46.7899],[-96.7896,46.7896],[-96.7871,46.7857],[-96.7968,46.777],[-96.7838,46.7783],[-96.7843,46.7743],[-96.7901,46.7746],[-96.7892,46.7712],[-96.7755,46.7668],[-96.7784,46.7645],[-96.7895,46.766],[-96.7779,46.7616],[-96.7864,46.7619],[-96.783,46.7568],[-96.7898,46.7567],[-96.7829,46.7542],[-96.7894,46.752],[-96.7833,46.7509],[-96.7877,46.7482],[-96.7804,46.7455],[-96.7874,46.7431],[-96.7805,46.7418],[-96.7808,46.7338],[-96.7846,46.7319],[-96.7791,46.7266],[-96.7811,46.7221],[-96.7912,46.7189],[-96.7821,46.7169],[-96.7875,46.714],[-96.7836,46.7114],[-96.7896,46.7096],[-96.7838,46.706],[-96.7912,46.7038],[-96.7842,46.7015],[-96.788,46.7006],[-96.7849,46.6944],[-96.7906,46.6891],[-96.7841,46.6853],[-96.7884,46.6817],[-96.7948,46.6833],[-96.7875,46.6771],[-96.799,46.6785],[-96.7983,46.6737],[-96.7915,46.6725],[-96.7951,46.6675],[-96.802,46.6679],[-96.7958,46.6667],[-96.799,46.6541],[-96.7907,46.6491],[-96.7942,46.6465],[-96.7858,46.6405],[-96.7982,46.6295],[-96.7822,46.6314],[-96.7913,46.625],[-96.7783,46.6254],[-96.7834,46.622],[-96.7836,46.6222],[-96.7873,46.6194],[-96.7834,46.622],[-96.7799,46.6195],[-96.7755,46.6212],[-96.775,46.6176],[-96.7812,46.6154],[-96.7709,46.6153],[-96.7746,46.6121],[-96.7725,46.6093],[-96.7788,46.6075],[-96.7683,46.6063],[-96.7722,46.6038],[-96.7716,46.5962],[-96.7671,46.5989],[-96.7632,46.5942],[-96.756,46.5954],[-96.7626,46.5893],[-96.7575,46.5869],[-96.7525,46.5883],[-96.7508,46.5852],[-96.7609,46.5818],[-96.7504,46.5838],[-96.7472,46.5819],[-96.7575,46.5778],[-96.7558,46.5743],[-96.7466,46.5756],[-96.7528,46.5714],[-96.7454,46.5708],[-96.7475,46.5675],[-96.7418,46.564],[-96.7518,46.5627],[-96.7468,46.5589],[-96.7544,46.5568],[-96.746,46.5561],[-96.7492,46.5496],[-96.7452,46.5506],[-96.7406,46.5468],[-96.745,46.5482],[-96.7505,46.5441],[-96.7387,46.5432],[-96.7412,46.5407],[-96.7501,46.5408],[-96.7383,46.5393],[-96.7427,46.5381],[-96.7381,46.5346],[-96.7462,46.535],[-96.742,46.5291],[-96.7453,46.525],[-96.7367,46.5241],[-96.7452,46.5202],[-96.74,46.5201],[-96.7342,46.5121],[-96.7405,46.5111],[-96.7335,46.5035],[-96.736,46.5051],[-96.7424,46.4999],[-96.7371,46.5012],[-96.7386,46.498],[-96.7334,46.497],[-96.7332,46.4927],[-96.737,46.4917],[-96.7342,46.4885],[-96.7397,46.4868],[-96.7325,46.4829],[-96.7389,46.4787],[-96.736,46.4775],[-96.7336,46.4805],[-96.7234,46.4708],[-96.7147,46.4723],[-96.7231,46.4667],[-96.7132,46.4665],[-96.7187,46.4619],[-96.7116,46.4598],[-96.7122,46.4555],[-96.7176,46.4544],[-96.7131,46.4502],[-96.7218,46.4488],[-96.7178,46.446],[-96.7134,46.4488],[-96.7114,46.4465],[-96.7164,46.4446],[-96.7123,46.4413],[-96.7219,46.4398],[-96.7154,46.434],[-96.7157,46.4373],[-96.7032,46.4372],[-96.7077,46.4298],[-96.7012,46.4302],[-96.7047,46.4264],[-96.6989,46.4264],[-96.7046,46.418],[-96.6933,46.4221],[-96.6923,46.4161],[-96.7015,46.415],[-96.6972,46.4126],[-96.6854,46.4142],[-96.6893,46.4072],[-96.6805,46.4071],[-96.6725,46.3953],[-96.6751,46.391],[-96.6677,46.3913],[-96.671,46.3895],[-96.6671,46.3756],[-96.6578,46.3744],[-96.6604,46.3715],[-96.6548,46.3658],[-96.6432,46.3619],[-96.6485,46.3581],[-96.6452,46.3507],[-96.6294,46.3543],[-96.6279,46.3494],[-96.6167,46.3474],[-96.6203,46.3402],[-96.5994,46.33],[-96.6061,46.3266],[-96.6,46.3268],[-96.6012,46.3195],[-96.5968,46.317],[-96.6036,46.3025],[-96.5973,46.2976],[-96.6057,46.2937],[-96.5965,46.2914],[-96.5964,46.288],[-96.6018,46.286],[-96.5948,46.286],[-96.6003,46.2811],[-96.5951,46.2743],[-96.6004,46.2618],[-96.5929,46.2573],[-96.5954,46.2534],[-96.5923,46.2503],[-96.5837,46.2498],[-96.5987,46.2423],[-96.5958,46.2198],[-96.5884,46.2129],[-96.5911,46.2087],[-96.5838,46.2081],[-96.589,46.2049],[-96.5843,46.2042],[-96.5874,46.2016],[-96.5837,46.2012],[-96.5846,46.1975],[-96.5912,46.1958],[-96.5851,46.1946],[-96.5905,46.1905],[-96.5874,46.1858],[-96.5916,46.1847],[-96.5862,46.1818],[-96.5927,46.1752],[-96.5806,46.1773],[-96.5835,46.1727],[-96.5766,46.174],[-96.5839,46.1706],[-96.5753,46.169],[-96.5806,46.1677],[-96.5763,46.1596],[-96.5803,46.1511],[-96.5687,46.1332],[-96.572,46.1246],[-96.5602,46.1166],[-96.5669,46.1148],[-96.5579,46.1025],[-96.5544,46.0841],[-96.5591,46.0585],[-96.5663,46.0515],[-96.5779,46.0274],[-96.5704,45.9636],[-96.5613,45.9457],[-96.564,45.9196],[-96.57,45.9135],[-96.5645,45.9095],[-96.5812,45.823],[-96.6125,45.7944],[-96.6278,45.7862],[-96.6395,45.7716],[-96.6419,45.7599],[-96.6626,45.7387],[-96.7451,45.7016],[-96.7609,45.6875],[-96.8387,45.6475],[-96.8568,45.6054],[-96.7634,45.52],[-96.7328,45.4587],[-96.6926,45.4173],[-96.6805,45.4105],[-96.6198,45.4089],[-96.5622,45.3861],[-96.5218,45.3757],[-96.4891,45.3571],[-96.468,45.3186],[-96.4531,45.3008],[-96.4533,43.5004],[-96.5992,43.5005],[-96.599,43.4954],[-96.5902,43.4941],[-96.5846,43.4891],[-96.5868,43.4839],[-96.5811,43.4815],[-96.5869,43.4779],[-96.5824,43.4667],[-96.587,43.4645],[-96.5895,43.4664],[-96.6031,43.4508],[-96.5935,43.4332],[-96.5761,43.4319],[-96.5703,43.4286],[-96.5736,43.419],[-96.5604,43.4125],[-96.5572,43.4062],[-96.5484,43.4037],[-96.5448,43.3964],[-96.5253,43.3961],[-96.5217,43.3869],[-96.5246,43.3823],[-96.5221,43.3722],[-96.531,43.3684],[-96.5251,43.3536],[-96.5277,43.3483],[-96.5243,43.3474],[-96.5285,43.3423],[-96.5328,43.3428],[-96.5351,43.3365],[-96.5289,43.3243],[-96.531,43.3207],[-96.5256,43.3186],[-96.5285,43.314],[-96.5241,43.3114],[-96.5291,43.3091],[-96.527,43.3051],[-96.5319,43.3042],[-96.5301,43.3001],[-96.5522,43.2928],[-96.5547,43.2965],[-96.5643,43.2946],[-96.5737,43.299],[-96.5893,43.2953],[-96.588,43.2924],[-96.5804,43.2958],[-96.5792,43.2938],[-96.5814,43.288],[-96.5776,43.279],[-96.5862,43.2745],[-96.5854,43.2689],[-96.5765,43.2681],[-96.5648,43.2602],[-96.5537,43.2596],[-96.5492,43.2476],[-96.5656,43.2442],[-96.5715,43.239],[-96.5692,43.2327],[-96.5593,43.2229],[-96.5553,43.2267],[-96.5359,43.2276],[-96.5201,43.2178],[-96.5089,43.2172],[-96.5086,43.2211],[-96.5012,43.2206],[-96.4966,43.2237],[-96.4767,43.2219],[-96.4765,43.213],[-96.4707,43.2073],[-96.475,43.2026],[-96.474,43.1896],[-96.4649,43.182],[-96.4656,43.1713],[-96.4691,43.1694],[-96.466,43.1615],[-96.4696,43.1584],[-96.464,43.1555],[-96.4685,43.1519],[-96.4651,43.1475],[-96.4593,43.1475],[-96.4604,43.1436],[-96.4504,43.1424],[-96.4365,43.1202],[-96.4524,43.0982],[-96.4623,43.0929],[-96.463,43.0899],[-96.4554,43.0883],[-96.4541,43.0839],[-96.4607,43.0643],[-96.4767,43.0627],[-96.4909,43.0508],[-96.5104,43.05],[-96.5148,43.0454],[-96.5125,43.0411],[-96.5213,43.0397],[-96.5111,43.0397],[-96.512,43.0262],[-96.499,43.0191],[-96.492,43.0102],[-96.4968,42.9986],[-96.5099,42.9952],[-96.5124,42.9857],[-96.5184,42.9852],[-96.5168,42.981],[-96.5209,42.9803],[-96.5158,42.9729],[-96.5052,42.9711],[-96.499,42.9578],[-96.5089,42.9538],[-96.5093,42.9452],[-96.5199,42.94],[-96.5169,42.9323],[-96.5253,42.9356],[-96.5341,42.9282],[-96.5341,42.9237],[-96.5413,42.9239],[-96.5365,42.9056],[-96.5429,42.9038],[-96.5396,42.9],[-96.5289,42.8979],[-96.5297,42.8942],[-96.5253,42.8919],[-96.5398,42.8898],[-96.5377,42.8868],[-96.5435,42.8838],[-96.5377,42.8785],[-96.5472,42.874],[-96.5497,42.8699],[-96.5466,42.8639],[-96.5505,42.8636],[-96.5468,42.8574],[-96.5426,42.8597],[-96.5415,42.8569],[-96.5453,42.8499],[-96.5561,42.8492],[-96.5486,42.8409],[-96.5503,42.8376],[-96.561,42.8391],[-96.5636,42.8282],[-96.5697,42.8346],[-96.5684,42.8378],[-96.5782,42.8347],[-96.5815,42.8378],[-96.5777,42.8278],[-96.5858,42.8238],[-96.5841,42.819],[-96.596,42.815],[-96.5956,42.8103],[-96.5905,42.8083],[-96.5941,42.7982],[-96.5997,42.7984],[-96.5952,42.7929],[-96.605,42.7917],[-96.6044,42.7831],[-96.6195,42.7841],[-96.6264,42.7714],[-96.6364,42.7697],[-96.6315,42.7661],[-96.6361,42.764],[-96.6273,42.7544],[-96.6228,42.7584],[-96.6193,42.7546],[-96.63,42.7507],[-96.6294,42.7437],[-96.6356,42.7419],[-96.6306,42.7353],[-96.6395,42.7369],[-96.6305,42.7302],[-96.6342,42.7243],[-96.6245,42.7253],[-96.628,42.7178],[-96.6244,42.714],[-96.6302,42.7054],[-96.6255,42.7042],[-96.624,42.7076],[-96.6152,42.6984],[-96.6055,42.702],[-96.6046,42.6985],[-96.6121,42.6956],[-96.6057,42.6947],[-96.5996,42.6988],[-96.5936,42.6897],[-96.5996,42.6869],[-96.5923,42.6872],[-96.5899,42.691],[-96.5864,42.6898],[-96.5862,42.6832],[-96.5752,42.6828],[-96.5788,42.6781],[-96.5726,42.6789],[-96.5721,42.6767],[-96.5784,42.6718],[-96.5717,42.6709],[-96.567,42.6764],[-96.5558,42.6642],[-96.5598,42.6628],[-96.559,42.6577],[-96.5424,42.6609],[-96.5375,42.646],[-96.5266,42.6415],[-96.5252,42.6348],[-96.5158,42.6298],[-96.5181,42.6198],[-96.5299,42.6179],[-96.5313,42.6136],[-96.5278,42.609],[-96.5188,42.6165],[-96.5095,42.6127],[-96.5011,42.5893],[-96.4913,42.5868],[-96.4957,42.5796],[-96.4858,42.575],[-96.4986,42.5581],[-96.477,42.556],[-96.479,42.5264],[-96.4937,42.5167],[-96.4882,42.5113],[-96.479,42.5108],[-96.4761,42.5078],[-96.4733,42.5035],[-96.4765,42.4901],[-96.4559,42.4926],[-96.402,42.4864],[-96.386,42.4745],[-96.3807,42.4464],[-96.3876,42.4325],[-96.4103,42.413],[-96.4152,42.4042],[-96.4084,42.3761],[-96.4171,42.3614],[-96.4178,42.3515],[-96.408,42.3374],[-96.3753,42.3183],[-96.3692,42.3083],[-96.3658,42.2858],[-96.336,42.2648],[-96.3289,42.2547],[-96.33,42.2402],[-96.3229,42.2336],[-96.3237,42.2299],[-96.337,42.2175],[-96.3566,42.2152],[-96.3599,42.2106],[-96.3474,42.1931],[-96.3497,42.1707],[-96.3416,42.1591],[-96.3207,42.1479],[-96.3098,42.1321],[-96.283,42.125],[-96.2695,42.1142],[-96.2677,42.0971],[-96.2795,42.0709],[-96.2726,42.0462],[-96.2581,42.0383],[-96.2468,42.0416],[-96.2344,42.0407],[-96.2238,42.0334],[-96.2236,42.0227],[-96.2419,42.007],[-96.242,42.0009],[-96.2365,41.9964],[-96.2255,41.9947],[-96.2152,42.0067],[-96.1946,42.0087],[-96.184,42.0031],[-96.1921,41.9845],[-96.1872,41.978],[-96.1772,41.9763],[-96.1521,41.9797],[-96.1295,41.9717],[-96.1333,41.9557],[-96.1446,41.9416],[-96.1367,41.9208],[-96.1423,41.9154],[-96.1591,41.9101],[-96.1618,41.9018],[-96.1488,41.8882],[-96.1419,41.869],[-96.1106,41.8492],[-96.1076,41.8404],[-96.111,41.8288],[-96.1066,41.8196],[-96.0758,41.808],[-96.0648,41.7944],[-96.0776,41.7778],[-96.0812,41.7571],[-96.101,41.7476],[-96.1064,41.7381],[-96.1022,41.7276],[-96.0767,41.7157],[-96.0732,41.7041],[-96.0848,41.6977],[-96.1135,41.6976],[-96.1199,41.6927],[-96.1226,41.683],[-96.118,41.6733],[-96.1001,41.6611],[-96.0953,41.6503],[-96.0978,41.6396],[-96.116,41.622],[-96.1183,41.615],[-96.1095,41.5968],[-96.0872,41.5866],[-96.0814,41.5779],[-96.095,41.5548],[-96.0951,41.5411],[-96.0827,41.526],[-96.0734,41.5235],[-96.0528,41.5084],[-96.0406,41.5069],[-96.0344,41.5128],[-96.0267,41.5404],[-96.0192,41.5452],[-96.0051,41.5433],[-96,41.5395],[-95.9928,41.5146],[-96.0007,41.5025],[-96.0196,41.4916],[-96.0136,41.4785],[-96.0049,41.4724],[-95.9843,41.4709],[-95.9667,41.4634],[-95.9363,41.4653],[-95.9212,41.4551],[-95.9209,41.4435],[-95.9328,41.4308],[-95.9297,41.4111],[-95.9377,41.3948],[-95.9297,41.3671],[-95.9369,41.3593],[-95.954,41.3538],[-95.9571,41.3459],[-95.9465,41.3331],[-95.9258,41.3216],[-95.8973,41.3212],[-95.8829,41.3167],[-95.8742,41.3079],[-95.8711,41.2967],[-95.8775,41.2846],[-95.9028,41.2744],[-95.9126,41.2795],[-95.9062,41.2875],[-95.9059,41.301],[-95.9277,41.2984],[-95.9287,41.2813],[-95.9141,41.2724],[-95.9223,41.263],[-95.9106,41.2346],[-95.9143,41.2239],[-95.9267,41.2103],[-95.9273,41.1971],[-95.9161,41.1853],[-95.8638,41.1883],[-95.8488,41.1843],[-95.8416,41.1755],[-95.8479,41.1662],[-95.8737,41.1666],[-95.8825,41.1559],[-95.8812,41.1417],[-95.8672,41.1215],[-95.8624,41.0897],[-95.8658,41.0801],[-95.881,41.0663],[-95.8823,41.0594],[-95.8816,41.0544],[-95.8597,41.0357],[-95.8599,41.0254],[-95.8695,41.0094],[-95.867,41.0011],[-95.8389,40.9865],[-95.8298,40.9773],[-95.8298,40.9639],[-95.838,40.9506],[-95.8398,40.9328],[-95.8364,40.9216],[-95.8143,40.9029],[-95.8095,40.8912],[-95.8159,40.8799],[-95.8425,40.8703],[-95.8486,40.8611],[-95.8372,40.8354],[-95.8454,40.8113],[-95.8345,40.7878],[-95.8352,40.7792],[-95.8466,40.7686],[-95.879,40.7531],[-95.8889,40.7319],[-95.8832,40.7176],[-95.8526,40.7023],[-95.8428,40.6775],[-95.8229,40.6672],[-95.7955,40.6624],[-95.7819,40.6533],[-95.7715,40.6398],[-95.7689,40.6213],[-95.7497,40.6068],[-95.7503,40.5963],[-95.7685,40.5833],[-95.7747,40.5736],[-95.7638,40.5539],[-95.7693,40.5367],[-95.7669,40.5316],[-95.7487,40.5243],[-95.7175,40.5278],[-95.7086,40.5216],[-95.6951,40.5329],[-95.6942,40.557],[-95.6787,40.5626],[-95.6718,40.5626],[-95.6559,40.5466],[-95.6523,40.5381],[-95.6557,40.5236],[-95.6617,40.5173],[-95.7,40.5053],[-95.6948,40.4947],[-95.6947,40.4715],[-95.6677,40.4535],[-95.6566,40.4387],[-95.6606,40.4124],[-95.6439,40.3869],[-95.641,40.3664],[-95.6271,40.3528],[-95.6227,40.3423],[-95.6277,40.3324],[-95.6537,40.3226],[-95.6573,40.3109],[-95.6453,40.3057],[-95.6104,40.314],[-95.5818,40.2996],[-95.5622,40.2974],[-95.5516,40.2887],[-95.5563,40.2708],[-95.5525,40.2619],[-95.521,40.2501],[-95.4934,40.2496],[-95.4787,40.2437],[-95.4697,40.2279],[-95.4714,40.2173],[-95.4823,40.2007],[-95.4792,40.1857],[-95.4638,40.1712],[-95.4364,40.1587],[-95.4274,40.1346],[-95.4003,40.1273],[-95.3934,40.1192],[-95.3942,40.1083],[-95.4101,40.094],[-95.4094,40.075],[-95.4213,40.0608],[-95.4136,40.0384],[-95.3915,40.0271],[-95.364,40.0315],[-95.3515,40.0302],[-95.3337,40.0178],[-95.3153,40.0121],[-95.3093,40.0045],[-95.3058,39.9879],[-95.2699,39.9694],[-95.2503,39.9487],[-95.2053,39.9398],[-95.2004,39.931],[-95.2061,39.9121],[-95.2018,39.9044],[-95.1812,39.9],[-95.1598,39.907],[-95.1497,39.906],[-95.1428,39.9004],[-95.1433,39.8878],[-95.1371,39.8784],[-95.0816,39.8615],[-95.0353,39.8659],[-95.0268,39.8723],[-95.0244,39.8912],[-95.0131,39.9002],[-94.9871,39.8963],[-94.9552,39.9013],[-94.9302,39.8899],[-94.9278,39.8778],[-94.9418,39.8634],[-94.9406,39.853],[-94.9168,39.8358],[-94.8848,39.8324],[-94.8773,39.8245],[-94.876,39.8133],[-94.8847,39.794],[-94.9282,39.7889],[-94.935,39.7837],[-94.9346,39.773],[-94.911,39.7592],[-94.8983,39.7616],[-94.8822,39.771],[-94.8697,39.7729],[-94.8606,39.763],[-94.8627,39.7422],[-94.8756,39.7305],[-94.8993,39.7241],[-94.9184,39.7288],[-94.9475,39.7453],[-94.9553,39.7457],[-94.964,39.7404],[-94.9712,39.7293],[-94.971,39.6869],[-94.9816,39.6786],[-95.0151,39.6743],[-95.0276,39.6655],[-95.0543,39.6278],[-95.0542,39.6173],[-95.0465,39.6016],[-95.0506,39.5876],[-95.0671,39.5765],[-95.0922,39.5811],[-95.105,39.5766],[-95.1133,39.5582],[-95.1104,39.5446],[-95.0876,39.5204],[-95.0545,39.5027],[-95.0408,39.4664],[-95.022,39.4555],[-94.9848,39.4427],[-94.973,39.4217],[-94.9479,39.4086],[-94.942,39.3895],[-94.923,39.3849],[-94.9001,39.3933],[-94.885,39.3898],[-94.8793,39.3798],[-94.8814,39.3704],[-94.9025,39.3604],[-94.91,39.3526],[-94.9061,39.3147],[-94.8985,39.2985],[-94.8841,39.2845],[-94.8463,39.2685],[-94.8306,39.2551],[-94.8257,39.2417],[-94.8349,39.2238],[-94.8317,39.2159],[-94.8116,39.2069],[-94.783,39.2072],[-94.7629,39.18],[-94.7408,39.17],[-94.7141,39.1704],[-94.6888,39.1832],[-94.6782,39.1842],[-94.6616,39.1774],[-94.6614,39.1627],[-94.6558,39.1557],[-94.6356,39.1541],[-94.6087,39.161],[-94.5939,39.1568],[-94.5887,39.1512],[-94.5903,39.1381],[-94.6085,39.1162],[-94.6076,38.8276],[-94.6179,37.7203],[-94.6179,36.4994],[-94.431,35.3925],[-94.4356,35.3861],[-94.4316,35.3695],[-94.4576,34.643],[-94.4859,33.6379],[-94.4661,33.6363],[-94.4581,33.6453],[-94.4482,33.6424],[-94.4484,33.6345],[-94.4627,33.6309],[-94.4603,33.6244],[-94.4545,33.6257],[-94.4527,33.6174],[-94.4724,33.6035],[-94.4676,33.5988],[-94.4574,33.6004],[-94.4532,33.5918],[-94.43,33.5911],[-94.4122,33.5687],[-94.4034,33.5684],[-94.3814,33.5823],[-94.3778,33.5746],[-94.3801,33.569],[-94.3949,33.5665],[-94.4016,33.5594],[-94.3861,33.5448],[-94.3536,33.544],[-94.3473,33.5522],[-94.3524,33.5622],[-94.344,33.5678],[-94.3355,33.5645],[-94.3312,33.553],[-94.3213,33.549],[-94.3122,33.5507],[-94.3064,33.5556],[-94.301,33.573],[-94.2892,33.5821],[-94.2836,33.5819],[-94.2806,33.5749],[-94.2901,33.5681],[-94.2909,33.5599],[-94.2859,33.5562],[-94.2783,33.5576],[-94.2568,33.5836],[-94.2428,33.5897],[-94.237,33.5874],[-94.2368,33.5809],[-94.2511,33.5659],[-94.2501,33.5568],[-94.2262,33.553],[-94.2057,33.5672],[-94.1954,33.5551],[-94.1897,33.5618],[-94.1941,33.5735],[-94.2016,33.5774],[-94.2112,33.5737],[-94.2171,33.581],[-94.213,33.5835],[-94.2038,33.5798],[-94.1964,33.5813],[-94.1839,33.5947],[-94.1623,33.5889],[-94.162,33.5809],[-94.1568,33.5758],[-94.1422,33.5814],[-94.1516,33.5684],[-94.1452,33.565],[-94.1352,33.571],[-94.129,33.551],[-94.1227,33.5539],[-94.1209,33.5671],[-94.0889,33.5753],[-94.0728,33.5723],[-94.0729,33.5848],[-94.0685,33.5711],[-94.0571,33.568],[-94.0566,33.5609],[-94.071,33.5601],[-94.073,33.5547],[-94.0615,33.55],[-94.0435,33.5523],[-94.0426,31.9935],[-94.0293,31.9959],[-94.0229,31.9905],[-94.0185,31.9924],[-94.0165,31.9812],[-94.0068,31.9734],[-93.9717,31.9204],[-93.9598,31.9232],[-93.9536,31.9106],[-93.9375,31.9092],[-93.9287,31.9126],[-93.9216,31.9044],[-93.9312,31.8915],[-93.9255,31.8946],[-93.9262,31.8887],[-93.921,31.8859],[-93.9197,31.891],[-93.9065,31.8925],[-93.9062,31.8899],[-93.9006,31.8968],[-93.8965,31.8863],[-93.9017,31.8746],[-93.8921,31.8759],[-93.8934,31.8717],[-93.8854,31.8653],[-93.8849,31.8694],[-93.8817,31.8686],[-93.8894,31.8559],[-93.8829,31.8547],[-93.8841,31.8476],[-93.879,31.8448],[-93.8819,31.8422],[-93.875,31.8409],[-93.8728,31.8363],[-93.8774,31.8325],[-93.8709,31.8194],[-93.8733,31.8149],[-93.8614,31.8123],[-93.8515,31.8002],[-93.8393,31.8003],[-93.8356,31.7945],[-93.8377,31.7808],[-93.8234,31.7751],[-93.8296,31.7642],[-93.8265,31.7592],[-93.8298,31.7606],[-93.8369,31.7502],[-93.8246,31.7344],[-93.8149,31.7287],[-93.8125,31.7153],[-93.8167,31.7079],[-93.8098,31.7031],[-93.7974,31.7056],[-93.7945,31.7033],[-93.8045,31.6841],[-93.8163,31.6754],[-93.8124,31.6702],[-93.8167,31.668],[-93.8221,31.674],[-93.8265,31.6669],[-93.8195,31.6527],[-93.8115,31.6474],[-93.818,31.6479],[-93.816,31.6323],[-93.8209,31.629],[-93.8172,31.6219],[-93.8272,31.6203],[-93.8187,31.6146],[-93.8271,31.6129],[-93.8279,31.6166],[-93.8381,31.6068],[-93.8349,31.5862],[-93.8184,31.571],[-93.823,31.5681],[-93.8216,31.5637],[-93.8169,31.5631],[-93.8211,31.5605],[-93.8186,31.5548],[-93.7995,31.543],[-93.8034,31.5388],[-93.7877,31.5273],[-93.7601,31.5239],[-93.7539,31.5253],[-93.7581,31.5299],[-93.7519,31.5275],[-93.7474,31.5307],[-93.7427,31.5266],[-93.7427,31.5157],[-93.7111,31.5122],[-93.7196,31.5069],[-93.7175,31.5015],[-93.7235,31.5009],[-93.7226,31.4928],[-93.7314,31.4873],[-93.7353,31.4891],[-93.7372,31.4846],[-93.7524,31.4827],[-93.7514,31.4791],[-93.7456,31.4804],[-93.7495,31.4687],[-93.7219,31.4535],[-93.7168,31.4576],[-93.71,31.4528],[-93.7091,31.4568],[-93.7039,31.4555],[-93.7095,31.442],[-93.6925,31.4382],[-93.7047,31.4189],[-93.7049,31.4109],[-93.6903,31.4066],[-93.6821,31.3983],[-93.6741,31.3977],[-93.6702,31.3872],[-93.669,31.3714],[-93.6739,31.3706],[-93.671,31.3662],[-93.6392,31.372],[-93.6459,31.359],[-93.6684,31.353],[-93.669,31.3388],[-93.6773,31.3305],[-93.6736,31.3245],[-93.6829,31.319],[-93.6873,31.3061],[-93.6836,31.3015],[-93.6689,31.298],[-93.6587,31.2816],[-93.6487,31.2842],[-93.6425,31.2695],[-93.6204,31.271],[-93.614,31.2594],[-93.6143,31.2516],[-93.6218,31.2491],[-93.6163,31.2446],[-93.6181,31.2327],[-93.6107,31.2322],[-93.6082,31.2278],[-93.5963,31.2295],[-93.5994,31.225],[-93.5953,31.2203],[-93.6035,31.2167],[-93.6073,31.2048],[-93.6019,31.1994],[-93.6003,31.1762],[-93.5891,31.1659],[-93.5782,31.1679],[-93.5696,31.1776],[-93.55,31.1866],[-93.5326,31.1833],[-93.5328,31.1743],[-93.5431,31.1707],[-93.5365,31.1585],[-93.5487,31.1558],[-93.5447,31.1361],[-93.5379,31.1266],[-93.5394,31.1152],[-93.5459,31.1112],[-93.5491,31.1002],[-93.5582,31.098],[-93.5537,31.0939],[-93.5594,31.0977],[-93.5638,31.0945],[-93.5558,31.087],[-93.5493,31.0904],[-93.5522,31.0789],[-93.5276,31.0745],[-93.5287,31.0692],[-93.5189,31.0619],[-93.5212,31.0573],[-93.5301,31.0568],[-93.5316,31.0536],[-93.5189,31.0437],[-93.5245,31.0411],[-93.5234,31.0377],[-93.508,31.0315],[-93.5223,31.0201],[-93.5325,31.0197],[-93.5392,31.0082],[-93.5494,31.0101],[-93.5559,31.0038],[-93.5666,31.0131],[-93.5782,31],[-93.5734,30.9918],[-93.5643,30.9897],[-93.5735,30.9712],[-93.5498,30.9671],[-93.5431,30.9567],[-93.5318,30.9582],[-93.5324,30.949],[-93.526,30.9375],[-93.5265,30.9295],[-93.532,30.9238],[-93.5434,30.9202],[-93.5421,30.9259],[-93.5457,30.9271],[-93.5586,30.9132],[-93.5492,30.8974],[-93.5663,30.8948],[-93.5741,30.8845],[-93.5706,30.8752],[-93.5632,30.8749],[-93.5645,30.8686],[-93.5586,30.8694],[-93.5622,30.8593],[-93.5573,30.8521],[-93.5687,30.8442],[-93.5536,30.8351],[-93.5573,30.8284],[-93.5544,30.8235],[-93.5642,30.8175],[-93.563,30.806],[-93.5838,30.8018],[-93.5819,30.789],[-93.5894,30.7867],[-93.5832,30.7786],[-93.5927,30.7751],[-93.5921,30.7637],[-93.6037,30.7601],[-93.6059,30.7646],[-93.6092,30.7573],[-93.6144,30.7602],[-93.6085,30.7465],[-93.619,30.7403],[-93.6091,30.73],[-93.6177,30.7289],[-93.6098,30.7273],[-93.6095,30.7231],[-93.6137,30.7222],[-93.6054,30.7172],[-93.6172,30.7186],[-93.6164,30.7124],[-93.6247,30.6999],[-93.6205,30.6942],[-93.6299,30.6799],[-93.6382,30.6731],[-93.6453,30.6735],[-93.6486,30.6677],[-93.655,30.6702],[-93.6598,30.6621],[-93.6704,30.658],[-93.6705,30.6526],[-93.683,30.6413],[-93.6804,30.6349],[-93.6851,30.6252],[-93.682,30.6186],[-93.6891,30.6114],[-93.6834,30.6083],[-93.679,30.5936],[-93.6851,30.5921],[-93.6866,30.5857],[-93.6922,30.5857],[-93.6878,30.5901],[-93.6929,30.5944],[-93.7138,30.5876],[-93.7151,30.579],[-93.7215,30.5806],[-93.7279,30.5741],[-93.724,30.5592],[-93.7314,30.5529],[-93.7288,30.5453],[-93.7403,30.5396],[-93.7324,30.5364],[-93.7328,30.53],[-93.7165,30.5192],[-93.7077,30.5213],[-93.7118,30.5109],[-93.7077,30.5111],[-93.7068,30.5071],[-93.7151,30.5013],[-93.7087,30.4991],[-93.7171,30.4945],[-93.7098,30.4827],[-93.7174,30.4838],[-93.7105,30.4755],[-93.7119,30.4694],[-93.699,30.4588],[-93.7063,30.4581],[-93.7021,30.4498],[-93.7075,30.4451],[-93.6983,30.4449],[-93.6978,30.4407],[-93.7042,30.4344],[-93.7023,30.4298],[-93.7128,30.4332],[-93.7181,30.4226],[-93.7228,30.432],[-93.7261,30.4307],[-93.7268,30.4237],[-93.7228,30.4196],[-93.7276,30.4187],[-93.7287,30.4135],[-93.7339,30.4149],[-93.7368,30.4055],[-93.7577,30.3904],[-93.7547,30.3665],[-93.7592,30.368],[-93.751,30.3599],[-93.7568,30.3562],[-93.7608,30.3599],[-93.7581,30.3547],[-93.7625,30.353],[-93.7577,30.35],[-93.7637,30.346],[-93.7595,30.3423],[-93.7657,30.3434],[-93.7587,30.339],[-93.7658,30.3328],[-93.763,30.3295],[-93.7573,30.3324],[-93.7552,30.3284],[-93.7517,30.3294],[-93.7562,30.326],[-93.7478,30.3188],[-93.7486,30.3119],[-93.7409,30.3072],[-93.7444,30.3055],[-93.7424,30.3011],[-93.7385,30.3037],[-93.7345,30.3017],[-93.7376,30.2994],[-93.7154,30.2928],[-93.7155,30.2956],[-93.7129,30.2879],[-93.7084,30.2926],[-93.7046,30.29],[-93.7094,30.2819],[-93.7041,30.2794],[-93.7104,30.2732],[-93.7087,30.2674],[-93.7055,30.2678],[-93.7088,30.2659],[-93.7073,30.2615],[-93.703,30.2605],[-93.7089,30.2517],[-93.7056,30.2465],[-93.7095,30.2449],[-93.7031,30.2385],[-93.7095,30.2385],[-93.7045,30.2338],[-93.7111,30.2353],[-93.7112,30.2221],[-93.7131,30.2186],[-93.7185,30.22],[-93.7207,30.2155],[-93.717,30.2161],[-93.7171,30.212],[-93.7213,30.2096],[-93.7174,30.2062],[-93.7142,30.2087],[-93.7175,30.1931],[-93.7091,30.1972],[-93.7055,30.1929],[-93.7126,30.1925],[-93.7124,30.1872],[-93.7088,30.1864],[-93.7107,30.1799],[-93.7056,30.1807],[-93.7042,30.1742],[-93.7,30.1755],[-93.7095,30.1467],[-93.6977,30.153],[-93.6933,30.1419],[-93.6882,30.1414],[-93.6929,30.1352],[-93.7012,30.1375],[-93.7009,30.1231],[-93.708,30.12],[-93.7024,30.1127],[-93.7123,30.109],[-93.7155,30.1005],[-93.7238,30.0941],[-93.724,30.0826],[-93.7311,30.0895],[-93.7341,30.0861],[-93.717,30.0696],[-93.7031,30.0663],[-93.6995,30.0586],[-93.7042,30.0542],[-93.7111,30.0544],[-93.7138,30.0657],[-93.7188,30.0648],[-93.7208,30.053],[-93.7375,30.0373],[-93.7411,30.0216],[-93.7566,30.0142],[-93.7706,29.9965],[-93.7894,29.9878],[-93.8078,29.9546],[-93.8173,29.9184],[-93.8407,29.88],[-93.8636,29.8572],[-93.9137,29.8272],[-93.928,29.8096],[-93.9265,29.7896],[-93.8939,29.7673],[-93.8916,29.7446],[-93.87,29.7355],[-93.8374,29.6899],[-93.8144,29.5966],[-93.8486,29.6003],[-93.875,29.6214],[-93.9061,29.625],[-94.0336,29.625],[-94.1252,29.5956],[-94.4193,29.4835],[-94.6252,29.3977],[-94.6503,29.3828],[-94.6361,29.3706],[-94.6239,29.3431],[-94.629,29.3216],[-94.6504,29.2919],[-94.6662,29.281],[-94.6803,29.2776],[-94.7133,29.2825],[-94.7412,29.2596],[-94.7507,29.2469],[-94.7727,29.2317],[-94.9122,29.1593],[-95.0002,29.1045],[-95.0864,29.0682],[-95.0916,29.0627],[-95.0873,29.058],[-95.0938,29.0333],[-95.1065,29.0149],[-95.1395,28.9917],[-95.1808,28.9489],[-95.2272,28.9104],[-95.3081,28.8588],[-95.3154,28.8422],[-95.3299,28.8287],[-95.378,28.8103],[-95.4201,28.8056],[-95.4939,28.7653],[-95.5338,28.7503],[-95.7779,28.6253],[-96.0783,28.5],[-96.1823,28.452],[-96.2355,28.4215],[-96.2582,28.4079],[-96.2671,28.3882],[-96.2823,28.375],[-96.3035,28.365],[-96.3208,28.3629],[-96.3418,28.3424],[-96.3447,28.326],[-96.3527,28.3129],[-96.3753,28.2908],[-96.531,28.2212],[-96.6408,28.1554],[-96.7463,28.0796],[-96.8442,28.0003],[-96.9595,27.8753],[-96.9843,27.8038],[-97.0089,27.7868],[-97.0219,27.7834],[-97.0502,27.7503],[-97.1253,27.6406],[-97.1998,27.5003],[-97.2503,27.3923],[-97.2883,27.2776],[-97.3094,27.1961],[-97.3198,27.11],[-97.3232,27.0103],[-97.3139,26.9131],[-97.3004,26.8346],[-97.2517,26.6619],[-97.2141,26.5768],[-97.1565,26.3754],[-97.1253,26.2483],[-97.1083,26.1045],[-97.0974,26.0935],[-97.09,26.0753],[-97.0913,26.0516],[-97.0979,26.0386],[-97.0911,25.9738],[-97.1467,25.971],[-97.1473,25.954],[-97.1566,25.949],[-97.1605,25.951],[-97.1588,25.9622],[-97.167,25.9602],[-97.1756,25.9656],[-97.1896,25.9538],[-97.2055,25.9583],[-97.209,25.9637],[-97.2209,25.9573],[-97.228,25.9589],[-97.2399,25.955],[-97.248,25.9481],[-97.2767,25.9522],[-97.2845,25.9592],[-97.2896,25.954],[-97.2785,25.9475],[-97.281,25.9435],[-97.2767,25.9353],[-97.2961,25.9334],[-97.3026,25.9372],[-97.3069,25.927],[-97.3152,25.9315],[-97.3206,25.9298],[-97.326,25.9177],[-97.3312,25.9186],[-97.3336,25.9261],[-97.3345,25.9202],[-97.3378,25.9205],[-97.3368,25.9295],[-97.3483,25.9311],[-97.3545,25.9201],[-97.3685,25.9153],[-97.3684,25.9097],[-97.3751,25.9076],[-97.366,25.9025],[-97.3663,25.8908],[-97.3566,25.8882],[-97.3742,25.8794],[-97.3588,25.8788],[-97.3567,25.8674],[-97.3615,25.8693],[-97.3765,25.8548],[-97.3641,25.85],[-97.3708,25.8497],[-97.3732,25.84],[-97.3821,25.8398],[-97.3871,25.8439],[-97.3945,25.8372]],[[-106.5675,36.816],[-106.5569,36.8174],[-106.5569,36.8271],[-106.5288,36.8273],[-106.5252,36.8229],[-106.492,36.8288],[-106.4791,36.8331],[-106.4749,36.8385],[-106.4642,36.8378],[-106.4615,36.8407],[-106.4318,36.8322],[-106.4228,36.824],[-106.4168,36.8339],[-106.4127,36.8342],[-106.4146,36.8541],[-106.4252,36.8666],[-106.3513,36.8791],[-106.3751,36.8952],[-106.4403,36.8939],[-106.4449,36.8982],[-106.4602,36.8984],[-106.483,36.9221],[-106.5029,36.9212],[-106.5367,36.9376],[-106.5407,36.9273],[-106.5633,36.9178],[-106.5737,36.909],[-106.5691,36.9015],[-106.5821,36.8726],[-106.5696,36.8418],[-106.5675,36.816]]]},"properties":{"name":"Central Flyway"}}],"properties":{"source":"USFWS Administrative Waterfowl Flyway Boundaries","raw_mb":17.03,"simplified":true,"max_allowable_offset_deg":0.005}}